income,employment,credit_score,education,age,location,previous_loans,account_balance,monthly_spending,transaction_count,gender,loan_approved
59835.82,Self-Employed,450.0,Bachelor,43,Suburban,5,22415.16,1392.01,44.0,Female,1
41919.55,Employed,576.0,Bachelor,27,Rural,0,17101.15,961.68,15.0,Male,1
38008.53,Employed,538.0,High School,34,Urban,4,19920.01,1928.22,46.0,Female,1
65191.27,Employed,584.0,High School,42,Urban,3,6716.09,2601.44,57.0,Female,1
42705.79,Employed,382.0,High School,44,Suburban,3,17446.57,1025.29,67.0,Male,0
64461.29,Employed,541.0,PhD,35,Suburban,0,33822.82,2008.17,40.0,Female,1
59248.64,Employed,493.0,Master,53,Suburban,3,11286.09,592.48,56.0,Female,1
20158.69,Unemployed,560.0,High School,62,Rural,2,8571.65,352.0,27.0,Female,0
65274.04,Employed,517.0,Bachelor,42,Rural,0,11453.34,1533.07,57.0,Male,0
20849.93,Unemployed,570.0,Bachelor,49,Suburban,1,6409.46,361.13,24.0,Male,0
37178.26,Student,569.0,Bachelor,29,Rural,0,19309.0,1170.15,43.0,Male,0
72435.58,Employed,587.0,Bachelor,29,Suburban,1,37845.54,3391.74,42.0,Female,1
71991.28,Student,627.0,Bachelor,24,Suburban,1,32147.13,3600.96,53.0,Female,0
29650.42,Employed,473.0,High School,65,Urban,5,11367.3,588.72,38.0,Female,0
64965.09,Self-Employed,532.0,Bachelor,34,Urban,1,27155.08,1707.49,45.0,Male,1
36148.33,Student,566.0,High School,52,Urban,2,24528.84,698.91,27.0,Male,0
25518.09,Unemployed,467.0,High School,49,Suburban,4,,375.72,36.0,Female,0
47156.27,Employed,481.0,Bachelor,27,Suburban,0,3597.53,985.73,45.0,Male,1
69337.07,Employed,558.0,Bachelor,28,Urban,2,14284.79,1990.92,40.0,Female,1
81567.41,Employed,550.0,PhD,56,Suburban,1,35904.69,4375.44,44.0,Female,1
72843.13,Student,661.0,High School,56,Urban,3,7799.8,3302.06,40.0,Female,1
50183.81,Employed,580.0,Master,46,Urban,5,21483.95,2543.56,63.0,Male,1
32781.35,Employed,494.0,Master,36,Rural,3,21245.0,1427.56,42.0,Female,1
88820.97,Employed,555.0,Bachelor,39,Urban,2,23090.46,4322.74,78.0,Female,1
73221.62,Employed,593.0,PhD,56,Urban,0,15478.25,1930.85,41.0,Female,1
68148.03,Employed,624.0,PhD,29,Suburban,5,32316.28,2083.62,43.0,Male,1
72823.62,Employed,590.0,Master,24,Urban,2,24661.08,2542.66,56.0,Male,1
54077.21,Employed,508.0,PhD,33,Suburban,3,22721.96,2809.71,57.0,Male,1
60637.9,Employed,495.0,Bachelor,29,Rural,3,9275.06,3116.8,71.0,Male,0
53796.07,Employed,533.0,Bachelor,28,Suburban,3,8677.4,894.19,7.0,Female,1
79106.68,Employed,600.0,Master,41,Suburban,0,135.39,4286.68,64.0,Female,1
78855.2,Employed,565.0,Master,57,Urban,2,22816.47,2835.05,33.0,Female,0
63104.99,Self-Employed,609.0,High School,52,Suburban,2,35467.7,2070.47,43.0,Male,1
64862.54,Employed,590.0,Bachelor,33,Urban,4,22816.31,1781.37,27.0,Male,1
78065.19,Employed,595.0,High School,40,Urban,2,2302.03,3192.0,54.0,Male,1
71643.8,Employed,598.0,Master,42,Rural,5,3639.41,2863.04,33.0,Male,1
46003.19,Employed,476.0,High School,38,Urban,3,23295.51,2779.35,20.0,Male,1
26861.63,Unemployed,489.0,Bachelor,64,Suburban,0,0.0,2168.67,28.0,Male,0
31552.03,Unemployed,471.0,Bachelor,63,Urban,5,7044.7,1651.24,60.0,Male,0
51832.45,Employed,565.0,High School,65,Rural,2,22008.79,1159.05,51.0,Female,1
58025.7,Employed,510.0,PhD,39,Urban,4,14326.96,1009.52,59.0,Male,1
60326.59,Employed,563.0,Bachelor,56,Urban,1,20753.88,2124.48,16.0,Female,0
28506.89,Self-Employed,507.0,High School,54,Rural,4,11970.35,579.38,65.0,Female,1
32203.19,Employed,546.0,High School,56,Suburban,5,9200.71,1697.27,79.0,Male,1
27625.03,Student,459.0,Master,28,Rural,0,1853.02,330.79,21.0,Female,0
57643.13,Employed,576.0,Bachelor,63,Urban,4,17357.72,1618.55,49.0,Female,1
55456.62,Student,504.0,Bachelor,63,Suburban,4,10092.97,953.3,30.0,Male,0
44860.95,Employed,494.0,Bachelor,56,Rural,1,23970.59,2592.89,60.0,Male,0
31860.34,Employed,512.0,Master,46,Suburban,2,5760.49,1192.82,66.0,Female,1
114315.01,Employed,690.0,Master,41,Suburban,2,44573.48,3319.71,37.0,Male,1
78766.95,Employed,548.0,Bachelor,32,Urban,2,19058.49,2398.69,27.0,Male,1
57984.19,Student,476.0,Bachelor,23,Suburban,2,11064.28,1804.2,40.0,Male,0
91418.18,Employed,561.0,PhD,64,Rural,5,27345.71,4730.39,113.0,Female,1
56385.55,Employed,536.0,Bachelor,30,Suburban,5,22727.2,1974.78,57.0,Female,1
33974.98,Student,606.0,Bachelor,36,Rural,5,487.58,762.23,46.0,Female,0
91336.87,Employed,621.0,PhD,41,Suburban,2,14677.91,3061.58,66.0,Female,0
87235.64,Employed,564.0,Master,51,Suburban,4,42253.06,2215.25,64.0,Male,1
75227.8,Employed,574.0,Master,32,Urban,0,17558.48,2487.75,52.0,Female,1
80237.47,Employed,658.0,Master,30,Suburban,0,38277.54,3885.73,54.0,Male,1
16418.42,Unemployed,486.0,Bachelor,35,Rural,4,1181.63,471.23,29.0,Male,0
51137.96,Employed,536.0,Bachelor,35,Suburban,3,23096.88,1290.12,45.0,Female,1
77557.22,Self-Employed,566.0,High School,23,Urban,0,29925.37,2218.76,63.0,Male,1
67065.16,Employed,600.0,Bachelor,38,Suburban,3,11592.19,2273.74,63.0,Female,0
33069.69,Employed,497.0,Bachelor,45,Suburban,3,415.18,994.27,32.0,Female,0
41033.46,Self-Employed,571.0,Bachelor,41,Rural,4,27109.82,1716.66,42.0,Female,1
87114.35,Self-Employed,645.0,Master,36,Urban,3,16629.82,2263.19,28.0,Female,1
56828.26,Employed,582.0,High School,62,Urban,4,5381.09,1496.84,59.0,Female,1
72728.34,Employed,567.0,Master,32,Urban,4,10458.25,1852.43,52.0,Male,1
57179.41,Employed,492.0,High School,58,Urban,3,12344.5,1456.08,38.0,Male,1
43746.58,Self-Employed,526.0,High School,48,Rural,3,25161.88,2970.93,44.0,Male,1
46136.36,Employed,509.0,High School,50,Urban,4,13168.98,2042.66,31.0,Male,1
46496.17,Employed,505.0,Bachelor,33,Suburban,1,19634.42,778.91,40.0,Male,1
73154.87,Employed,567.0,Bachelor,64,Urban,5,11721.28,3024.29,73.0,Female,1
63563.18,Self-Employed,586.0,Bachelor,42,Urban,5,28787.0,2391.05,35.0,Male,0
65605.8,Employed,539.0,Bachelor,43,Rural,3,32590.75,1176.91,20.0,Male,1
65200.33,Self-Employed,504.0,Bachelor,32,Suburban,5,5660.73,3372.74,54.0,Male,1
73130.75,Self-Employed,535.0,High School,42,Urban,4,35570.29,1809.56,62.0,Male,1
64819.64,Employed,642.0,Bachelor,51,Urban,2,13269.72,3122.6,65.0,Female,1
55354.14,Employed,577.0,High School,63,Rural,2,15597.21,1270.9,60.0,Female,1
45509.25,Employed,495.0,High School,59,Rural,3,2699.27,968.25,32.0,Female,0
35788.34,Employed,582.0,High School,28,Urban,1,5713.16,1560.69,56.0,Female,1
35615.75,Unemployed,513.0,Bachelor,24,Suburban,3,132.54,1858.56,50.0,Male,0
66848.79,Employed,671.0,Bachelor,63,Urban,2,16358.98,3320.39,48.0,Female,1
77165.09,Employed,595.0,Master,57,Suburban,3,12562.7,2196.04,46.0,Male,1
91765.42,Employed,630.0,Master,27,Urban,2,48893.6,5409.87,74.0,Male,1
46101.19,Self-Employed,577.0,Bachelor,59,Rural,0,23198.67,1389.25,51.0,Male,1
54389.97,Employed,618.0,Bachelor,55,Rural,4,18948.74,3317.04,60.0,Female,1
50062.68,Self-Employed,525.0,High School,64,Urban,2,14129.44,916.72,50.0,Male,0
83364.69,Employed,655.0,Bachelor,28,Suburban,1,44373.82,5003.77,54.0,Male,1
59646.73,Employed,530.0,High School,58,Urban,1,36958.72,3318.51,32.0,Male,1
59933.91,Employed,543.0,High School,37,Urban,3,30471.08,1940.05,34.0,Male,1
53465.1,Unemployed,550.0,PhD,45,Urban,4,22256.77,1405.74,55.0,Female,0
48623.97,Self-Employed,584.0,High School,32,Urban,1,15303.96,2058.64,24.0,Male,1
25269.95,Employed,494.0,High School,24,Rural,5,12490.35,100.0,36.0,Male,0
51081.97,Employed,620.0,Master,52,Urban,4,16606.14,1309.07,44.0,Male,1
33682.67,Unemployed,581.0,Bachelor,24,Rural,0,9748.44,1642.15,54.0,Female,0
42812.24,Unemployed,536.0,Bachelor,41,Urban,0,0.0,2243.48,27.0,Male,0
53766.35,Employed,507.0,High School,29,Suburban,4,6502.45,2609.94,14.0,Male,0
71120.84,Self-Employed,620.0,Bachelor,62,Suburban,3,40329.27,3272.02,43.0,Male,1
48394.09,Unemployed,448.0,PhD,41,Rural,0,22430.83,2366.23,55.0,Female,0
52775.33,Employed,582.0,Bachelor,29,Urban,5,21473.87,2405.71,68.0,Female,1
54850.36,Employed,514.0,Bachelor,63,Urban,0,3936.15,2570.55,38.0,Female,0
62658.6,Employed,619.0,Bachelor,51,Suburban,2,18276.36,2204.35,33.0,Male,1
49299.97,Employed,481.0,Bachelor,28,Suburban,0,8554.35,1103.23,44.0,Female,1
68965.9,Self-Employed,542.0,Bachelor,36,Suburban,5,30299.49,3506.32,84.0,Female,1
49830.89,Employed,564.0,High School,45,Urban,2,13184.52,2764.56,56.0,Female,0
57774.93,Employed,583.0,High School,55,Urban,3,12257.07,1548.35,51.0,Male,1
42751.5,Employed,506.0,Bachelor,65,Rural,4,5513.44,1136.38,70.0,Male,1
80973.14,Self-Employed,574.0,Master,58,Suburban,1,24481.0,4513.5,72.0,Male,0
84584.49,Employed,637.0,Master,21,Suburban,1,18896.71,1751.83,46.0,Female,1
49552.79,Employed,589.0,Master,42,Urban,3,23627.84,2223.77,29.0,Male,1
68013.34,Employed,555.0,Bachelor,23,Urban,5,35820.55,3718.48,55.0,Male,1
41381.33,Unemployed,505.0,Master,34,Rural,1,8317.96,803.93,50.0,Male,0
67260.54,Employed,508.0,Master,33,Suburban,2,19696.85,2855.67,34.0,Female,1
60781.4,Employed,571.0,High School,32,Urban,1,38942.07,2463.3,61.0,Male,1
15475.66,Self-Employed,532.0,Bachelor,31,Rural,1,5173.5,480.4,36.0,Female,0
58392.3,Employed,563.0,High School,39,Suburban,1,22957.44,1716.98,40.0,Female,1
88685.97,Self-Employed,558.0,PhD,43,Urban,2,8486.39,3292.33,37.0,Female,0
88372.07,Employed,680.0,Master,63,Urban,0,24908.49,3653.52,59.0,Male,1
28830.67,Unemployed,420.0,Master,39,Suburban,3,3013.96,924.49,50.0,Female,0
49535.41,Employed,583.0,High School,22,Urban,1,7334.8,2052.84,29.0,Female,1
62916.26,Employed,573.0,PhD,47,Suburban,3,10879.5,3786.34,62.0,Female,0
22271.31,Employed,526.0,High School,34,Suburban,1,6303.78,1527.78,56.0,Male,1
29691.94,Student,480.0,High School,27,Urban,2,9387.42,1297.27,54.0,Male,0
18738.38,Unemployed,493.0,Bachelor,51,Rural,0,7591.07,835.86,43.0,Male,0
75017.89,Employed,594.0,Master,51,Urban,1,23430.78,4075.76,51.0,Male,1
45528.28,Employed,534.0,Master,36,Urban,1,2256.31,3152.99,47.0,Male,1
44306.77,Employed,456.0,Bachelor,30,Suburban,4,10171.76,2166.03,25.0,Male,1
51208.04,Employed,623.0,Bachelor,43,Suburban,2,7174.68,1545.99,33.0,Male,1
69552.4,Employed,602.0,Bachelor,41,Urban,2,10363.45,1870.52,40.0,Female,0
72666.62,Unemployed,579.0,High School,64,Suburban,3,7240.3,3127.15,39.0,Male,0
63546.35,Employed,568.0,Master,22,Rural,5,21510.8,3174.06,53.0,Female,1
15518.34,Unemployed,571.0,Bachelor,29,Rural,4,7803.95,806.36,61.0,Female,0
36813.5,Employed,492.0,High School,56,Rural,2,4192.02,279.35,61.0,Male,0
47870.87,Unemployed,498.0,Bachelor,63,Urban,3,19329.04,1519.95,34.0,Female,0
41809.93,Employed,571.0,Bachelor,49,Urban,1,10341.69,1642.35,70.0,Male,1
79450.79,Employed,608.0,Master,35,Suburban,4,35362.77,3566.06,70.0,Female,1
56101.14,Self-Employed,508.0,High School,30,Urban,5,30610.39,1660.98,33.0,Male,0
45123.93,Employed,587.0,High School,58,Suburban,5,1109.12,2086.0,53.0,Female,1
24726.71,Unemployed,522.0,Master,48,Urban,1,5402.88,802.54,39.0,Male,0
73805.81,Self-Employed,538.0,Bachelor,39,Urban,4,31256.09,2787.28,18.0,Male,1
35575.63,Student,546.0,Bachelor,40,Urban,1,11803.67,1206.57,22.0,Male,0
32305.38,Unemployed,535.0,High School,27,Urban,0,12256.75,1473.87,53.0,Female,0
71642.6,Employed,572.0,PhD,58,Urban,4,26071.26,1428.55,19.0,Female,1
35243.0,Employed,541.0,Bachelor,23,Suburban,2,1425.98,1426.27,69.0,Male,0
45539.72,Self-Employed,566.0,High School,65,Suburban,1,26178.83,735.22,54.0,Male,0
35845.74,Employed,566.0,High School,28,Urban,3,8309.57,875.42,50.0,Male,1
40219.71,Employed,535.0,High School,26,Urban,2,1638.37,1622.76,20.0,Female,1
53491.69,Employed,537.0,High School,24,Rural,1,33989.18,2081.27,61.0,Male,0
62536.9,Self-Employed,573.0,High School,43,Urban,2,23515.02,3541.63,67.0,Male,0
46726.3,Employed,594.0,High School,23,Suburban,0,15251.59,2439.93,61.0,Female,1
33740.85,Employed,550.0,High School,32,Suburban,4,8234.2,896.18,54.0,Female,1
34288.83,Student,507.0,Bachelor,56,Suburban,5,5208.37,2095.46,72.0,Male,0
21028.41,Unemployed,506.0,Bachelor,54,Rural,3,8262.77,388.5,26.0,Female,0
26944.03,Employed,587.0,Bachelor,36,Suburban,3,12079.16,1223.62,38.0,Male,1
60098.9,Employed,593.0,Master,22,Rural,4,21518.48,1730.96,30.0,Female,1
20008.87,Self-Employed,509.0,High School,28,Rural,2,10000.95,242.52,48.0,Male,0
67142.94,Employed,620.0,Master,45,Urban,5,25170.06,2791.16,45.0,Female,1
44108.47,Employed,512.0,Master,41,Urban,1,10243.59,1831.49,24.0,Female,0
53906.18,Self-Employed,565.0,PhD,59,Urban,4,18134.64,2898.03,51.0,Female,1
64029.23,Employed,649.0,High School,42,Urban,1,1928.29,1167.3,11.0,Male,1
47368.54,Employed,570.0,High School,38,Suburban,1,4233.43,2730.7,50.0,Female,0
33727.36,Employed,594.0,Bachelor,49,Urban,2,3840.76,869.14,41.0,Male,1
45618.03,Employed,535.0,High School,58,Urban,4,24477.35,1755.0,37.0,Male,1
53929.23,Employed,529.0,High School,57,Urban,2,5142.78,1617.01,58.0,Female,1
41710.64,Employed,585.0,High School,27,Suburban,5,15171.89,1854.98,17.0,Male,0
34852.72,Student,441.0,Bachelor,39,Suburban,2,17358.22,1563.2,44.0,Female,0
60661.09,Self-Employed,568.0,Master,62,Rural,2,27620.44,1128.37,44.0,Female,1
54670.55,Employed,598.0,High School,57,Urban,3,4911.28,1897.57,44.0,Male,1
51116.16,Employed,572.0,Master,56,Urban,3,14361.43,1982.28,63.0,Female,1
63334.53,Employed,469.0,Master,26,Rural,2,31801.4,1071.09,31.0,Male,1
46689.83,Employed,479.0,High School,38,Suburban,2,7519.79,2829.47,48.0,Male,0
84861.78,Employed,589.0,Bachelor,58,Suburban,0,17353.04,3180.12,53.0,Male,1
45453.76,Employed,559.0,High School,26,Suburban,0,22769.69,2722.67,43.0,Female,1
72024.59,Employed,599.0,Master,53,Urban,0,24097.0,1273.16,18.0,Male,1
66896.79,Employed,568.0,Master,44,Rural,4,20144.8,3024.09,73.0,Male,1
54165.43,Employed,583.0,Bachelor,53,Suburban,2,7336.6,2205.95,34.0,Male,1
42201.16,Self-Employed,553.0,Bachelor,51,Suburban,2,21777.98,1135.1,29.0,Female,1
38896.52,Student,523.0,High School,25,Suburban,3,17190.14,1820.55,10.0,Female,0
71019.19,Self-Employed,599.0,Master,26,Urban,2,15661.97,3747.76,55.0,Female,0
82238.65,Student,562.0,Master,36,Urban,0,12977.18,3263.1,54.0,Female,1
74136.23,Employed,608.0,Master,62,Suburban,2,,1647.3,62.0,Female,1
70389.19,Employed,536.0,Bachelor,63,Suburban,2,28655.74,1495.07,37.0,Male,1
44766.03,Unemployed,559.0,High School,55,Urban,3,11012.99,667.27,42.0,Male,0
39645.16,Employed,551.0,High School,31,Urban,3,16918.43,721.38,54.0,Female,1
24130.39,Employed,494.0,High School,63,Rural,4,12517.06,1237.82,62.0,Female,0
31946.11,Student,547.0,Bachelor,53,Urban,3,4207.98,984.89,46.0,Male,0
78319.58,Self-Employed,654.0,Master,34,Urban,5,14015.43,4062.04,50.0,Male,1
69324.4,Student,526.0,Master,53,Suburban,5,11331.76,3724.41,72.0,Female,0
58010.04,Employed,599.0,High School,40,Rural,4,17368.48,2539.7,66.0,Male,1
42495.97,Self-Employed,583.0,High School,42,Suburban,5,22478.32,956.66,14.0,Female,1
72150.12,Employed,567.0,High School,31,Rural,5,7189.17,2942.08,55.0,Male,1
71345.18,Employed,611.0,PhD,49,Urban,5,26986.54,2850.9,64.0,Male,1
21777.7,Unemployed,493.0,Master,33,Rural,0,6997.42,447.71,48.0,Female,0
58794.88,Employed,614.0,Bachelor,62,Rural,4,12159.94,3416.82,48.0,Male,1
76377.91,Self-Employed,459.0,Bachelor,27,Suburban,0,11784.33,2324.21,39.0,Male,0
22343.0,Unemployed,570.0,Bachelor,32,Suburban,1,8884.6,975.36,61.0,Female,0
8000.0,Unemployed,435.0,High School,26,Urban,4,0.0,225.88,40.0,Female,0
54565.57,Employed,555.0,High School,31,Urban,3,217.22,1813.95,41.0,Male,1
65571.55,Employed,530.0,High School,51,Urban,3,25821.43,2289.66,44.0,Male,1
8000.0,Unemployed,552.0,High School,63,Urban,2,0.0,100.0,35.0,Female,0
65660.52,Employed,557.0,Bachelor,28,Rural,5,2484.89,1132.47,38.0,Female,0
41498.04,Employed,508.0,Bachelor,31,Urban,2,11715.08,398.62,54.0,Male,0
77872.45,Employed,635.0,Master,27,Suburban,4,15307.53,2387.54,54.0,Male,1
32049.48,Employed,552.0,Bachelor,57,Urban,4,12121.73,811.5,45.0,Male,0
24877.22,Student,494.0,Bachelor,45,Urban,0,163.2,891.35,36.0,Male,0
87280.78,Employed,553.0,PhD,37,Urban,5,40261.09,2793.82,58.0,Male,1
74236.54,Self-Employed,529.0,Bachelor,52,Urban,4,43870.36,2328.93,33.0,Female,1
58862.88,Employed,615.0,Bachelor,24,Suburban,1,17951.23,2075.17,48.0,Male,1
82930.17,Employed,611.0,High School,56,Rural,1,25940.07,4711.29,34.0,Male,0
50661.06,Employed,553.0,Master,25,Urban,0,24341.22,1552.91,39.0,Female,1
15469.49,Unemployed,517.0,Bachelor,47,Rural,2,0.0,762.31,31.0,Female,0
46466.75,Employed,452.0,High School,22,Suburban,0,2150.34,1936.89,44.0,Male,0
41752.88,Employed,518.0,High School,30,Suburban,4,19134.83,1297.65,35.0,Female,1
62252.23,Employed,549.0,Bachelor,49,Urban,0,20146.14,1717.33,51.0,Female,0
46857.17,Employed,584.0,Bachelor,46,Urban,3,28231.06,569.03,28.0,Female,1
63512.66,Employed,498.0,Bachelor,41,Rural,4,22392.22,1162.81,54.0,Male,1
67154.14,Employed,617.0,Bachelor,49,Suburban,2,18407.25,1620.78,66.0,Male,1
82200.72,Employed,671.0,Bachelor,58,Urban,2,26931.46,4986.04,44.0,Female,1
45643.35,Self-Employed,461.0,Bachelor,32,Rural,4,14227.93,1061.58,50.0,Male,0
59054.56,Employed,558.0,High School,64,Urban,5,33963.57,3159.62,47.0,Male,1
66087.63,Self-Employed,590.0,Bachelor,27,Suburban,5,25374.71,2092.18,59.0,Male,1
37891.56,Unemployed,567.0,Bachelor,65,Urban,3,21621.68,892.4,23.0,Female,0
35825.0,Unemployed,427.0,Master,62,Rural,1,8148.39,622.92,56.0,Female,0
29043.59,Self-Employed,530.0,Bachelor,40,Urban,2,14594.7,950.52,34.0,Male,0
59250.9,Employed,548.0,Bachelor,25,Urban,0,36851.66,1267.99,38.0,Female,1
83932.48,Employed,580.0,PhD,39,Suburban,0,49536.56,3302.45,48.0,Male,1
65132.76,Employed,659.0,Master,33,Urban,0,46447.96,1419.24,25.0,Female,1
31265.87,Employed,508.0,High School,47,Rural,4,16243.34,1604.69,55.0,Female,0
39811.77,Self-Employed,550.0,Master,31,Suburban,2,17852.91,1364.8,33.0,Male,0
60795.87,Employed,555.0,High School,24,Urban,3,3583.59,2167.7,53.0,Male,0
70496.95,Employed,585.0,Master,61,Urban,1,11391.2,2091.5,42.0,Male,1
63849.27,Employed,589.0,High School,59,Rural,0,32414.68,3012.33,47.0,Female,1
31259.04,Self-Employed,558.0,Bachelor,43,Suburban,2,2646.29,612.56,53.0,Female,0
59945.37,Employed,524.0,PhD,59,Rural,2,28327.57,2301.68,24.0,Female,1
30180.4,Employed,523.0,High School,64,Urban,0,5066.14,1334.54,7.0,Female,0
78379.79,Employed,594.0,Master,62,Rural,3,25865.32,4206.66,45.0,Male,1
58585.55,Student,483.0,Bachelor,58,Suburban,1,17865.46,1351.73,40.0,Female,0
77838.75,Self-Employed,541.0,High School,22,Suburban,3,41666.1,3060.98,47.0,Male,1
85821.37,Employed,636.0,PhD,54,Urban,2,16591.28,1931.02,33.0,Male,1
49839.04,Unemployed,524.0,Bachelor,62,Urban,0,21546.44,2635.96,73.0,Female,0
65541.26,Employed,684.0,Master,28,Rural,5,3809.08,1589.63,62.0,Female,1
71596.59,Employed,619.0,Master,23,Rural,3,38647.34,3594.05,13.0,Male,1
50736.15,Employed,566.0,High School,36,Urban,1,21195.21,1000.03,30.0,Female,0
52282.42,Employed,616.0,High School,58,Rural,1,29977.97,2420.72,53.0,Female,1
88099.9,Self-Employed,634.0,Bachelor,57,Urban,0,10273.15,4886.2,64.0,Female,1
61280.19,Employed,569.0,Bachelor,47,Urban,4,29336.54,2923.55,37.0,Female,1
34360.1,Unemployed,459.0,High School,65,Urban,1,9810.52,1365.48,62.0,Male,0
64971.12,Employed,596.0,Bachelor,28,Urban,1,13486.43,3198.1,37.0,Male,0
67763.62,Employed,633.0,Master,60,Urban,5,10715.98,1542.31,42.0,Male,1
53696.33,Employed,523.0,High School,60,Urban,5,18784.13,2674.6,47.0,Female,1
53255.03,Self-Employed,467.0,Bachelor,63,Urban,2,33813.1,2164.79,49.0,Female,0
76159.74,Employed,534.0,Bachelor,34,Suburban,3,28354.72,2750.25,40.0,Male,1
62660.9,Employed,642.0,High School,49,Rural,4,17621.91,3320.51,59.0,Male,1
83489.02,Employed,596.0,High School,33,Suburban,3,19999.76,2997.46,37.0,Male,0
49646.9,Employed,610.0,High School,42,Urban,1,9826.08,2653.62,53.0,Female,0
59329.56,Employed,559.0,Bachelor,64,Suburban,4,7151.51,1629.85,35.0,Female,1
37704.6,Unemployed,505.0,High School,44,Urban,0,17207.81,2232.56,67.0,Male,0
69993.89,Employed,669.0,Master,55,Suburban,3,8457.15,2110.12,42.0,Male,1
79949.9,Employed,571.0,Master,41,Suburban,2,31701.47,3140.57,53.0,Female,1
27625.24,Self-Employed,501.0,High School,21,Urban,3,13555.94,804.83,55.0,Male,0
52910.63,Unemployed,569.0,Master,27,Urban,4,5366.26,1454.62,45.0,Female,0
98936.54,Self-Employed,601.0,PhD,51,Rural,0,21004.26,2983.61,62.0,Male,1
67444.19,Employed,605.0,High School,34,Rural,5,6903.71,2896.54,31.0,Male,1
74728.5,Student,600.0,PhD,35,Suburban,1,32996.09,2897.03,58.0,Female,0
59630.92,Employed,580.0,High School,25,Rural,1,26034.55,3276.12,48.0,Male,1
46063.28,Employed,511.0,Bachelor,57,Rural,3,25522.08,591.21,51.0,Male,1
42752.36,Employed,459.0,High School,24,Urban,5,4562.46,2570.91,55.0,Male,1
55869.55,Employed,516.0,Master,45,Suburban,5,11672.75,1828.51,52.0,Male,1
52923.18,Employed,515.0,Master,35,Urban,2,17511.27,2384.03,57.0,Male,1
74199.13,Student,592.0,PhD,61,Suburban,3,35609.58,3146.21,66.0,Male,1
100025.45,Employed,579.0,PhD,50,Urban,3,37110.21,3446.52,21.0,Male,1
53516.4,Employed,484.0,High School,24,Rural,4,34633.38,1726.67,32.0,Male,0
67071.78,Employed,517.0,Bachelor,48,Suburban,5,8772.39,1522.3,42.0,Female,1
54402.03,Employed,568.0,High School,28,Urban,0,30146.94,1565.15,25.0,Female,1
60531.39,Self-Employed,591.0,High School,46,Urban,2,27725.42,3208.83,47.0,Male,1
8000.0,Student,462.0,High School,31,Urban,3,0.0,100.0,38.0,Male,0
69720.15,Self-Employed,555.0,Master,54,Suburban,4,15241.66,3674.92,77.0,Male,0
29616.9,Student,543.0,Bachelor,42,Rural,0,2474.06,1384.12,53.0,Female,0
49397.6,Employed,551.0,High School,40,Urban,3,15285.19,2816.08,60.0,Female,0
78386.47,Employed,639.0,PhD,60,Suburban,4,21016.43,2094.24,46.0,Male,1
56265.99,Employed,546.0,Master,40,Suburban,0,30202.85,2121.96,20.0,Male,1
43865.85,Self-Employed,498.0,Bachelor,31,Urban,1,5700.71,653.06,27.0,Male,1
47810.74,Employed,590.0,Bachelor,44,Suburban,0,22927.13,1591.82,19.0,Male,1
44274.98,Employed,522.0,Master,57,Urban,5,18091.03,1969.06,53.0,Female,0
44671.9,Employed,502.0,Bachelor,23,Urban,5,2977.91,785.73,40.0,Male,1
46731.63,Employed,580.0,Bachelor,33,Urban,2,19664.39,2420.74,50.0,Male,1
31473.75,Self-Employed,583.0,Bachelor,47,Rural,5,,1529.82,50.0,Male,0
37931.63,Unemployed,536.0,High School,31,Urban,3,3381.56,1431.99,35.0,Female,0
48492.55,Employed,497.0,Bachelor,54,Urban,5,16390.26,2266.74,27.0,Male,1
27052.38,Employed,581.0,Bachelor,23,Suburban,0,6587.07,1540.41,36.0,Female,0
40981.2,Employed,549.0,High School,32,Rural,4,,2124.86,52.0,Male,1
30301.66,Employed,526.0,High School,47,Suburban,4,13939.74,1904.85,19.0,Female,0
83886.24,Employed,575.0,Bachelor,59,Urban,3,27324.85,3522.72,56.0,Male,1
56993.72,Employed,605.0,Bachelor,36,Suburban,2,23779.37,1347.11,24.0,Female,1
35942.8,Employed,475.0,Bachelor,32,Urban,1,3063.78,1621.82,52.0,Female,0
53530.45,Self-Employed,495.0,High School,62,Suburban,1,22777.56,1946.97,26.0,Female,1
55274.64,Unemployed,637.0,PhD,44,Urban,3,16031.73,1850.37,56.0,Female,0
46420.86,Employed,501.0,High School,30,Urban,3,27436.76,2657.21,27.0,Female,1
79619.29,Self-Employed,630.0,Bachelor,60,Urban,2,9292.64,3041.88,36.0,Female,1
30367.19,Self-Employed,579.0,High School,22,Suburban,0,15569.46,1429.9,52.0,Female,0
77527.19,Employed,593.0,Bachelor,54,Urban,2,2831.16,3498.59,50.0,Male,1
51857.17,Employed,508.0,Bachelor,61,Urban,5,11705.55,1373.71,12.0,Female,1
58724.65,Employed,585.0,Bachelor,46,Suburban,4,33367.79,2261.22,57.0,Male,1
51752.61,Employed,610.0,Master,62,Suburban,4,13571.27,1632.77,11.0,Female,1
59708.88,Employed,574.0,Master,49,Urban,0,1233.67,3576.47,50.0,Male,0
52459.41,Employed,515.0,Bachelor,47,Suburban,2,13032.54,1561.58,74.0,Male,1
8000.0,Unemployed,498.0,Bachelor,25,Suburban,3,6792.86,100.0,37.0,Female,0
63199.74,Unemployed,501.0,PhD,29,Urban,4,34059.12,1854.14,39.0,Male,0
72723.41,Employed,533.0,PhD,52,Rural,4,40601.25,2818.07,48.0,Male,1
30534.4,Self-Employed,505.0,Bachelor,51,Rural,0,13794.37,1001.63,24.0,Male,0
64899.3,Student,569.0,Master,48,Urban,4,35294.58,2567.03,50.0,Male,0
91855.95,Employed,550.0,Master,30,Urban,0,34034.55,1837.52,77.0,Male,1
68032.22,Employed,582.0,PhD,24,Urban,2,28538.24,2718.81,42.0,Male,1
40228.45,Self-Employed,554.0,High School,24,Urban,1,0.0,1196.02,29.0,Male,0
76701.19,Student,573.0,PhD,26,Suburban,2,43728.66,1550.33,50.0,Male,1
59048.77,Self-Employed,460.0,Bachelor,30,Rural,2,27644.54,3363.18,63.0,Male,1
48961.14,Employed,548.0,Bachelor,64,Rural,3,26831.76,2321.93,48.0,Female,0
72218.43,Self-Employed,658.0,Bachelor,56,Urban,0,36963.94,4173.71,51.0,Male,1
62111.66,Employed,583.0,Bachelor,29,Urban,0,21948.63,3188.42,59.0,Female,1
87427.51,Employed,599.0,Master,34,Urban,4,43470.17,3756.04,32.0,Female,1
58748.68,Employed,540.0,Bachelor,61,Suburban,0,15963.12,2534.48,40.0,Male,0
58397.08,Self-Employed,583.0,High School,41,Urban,1,28731.62,1006.2,5.0,Male,1
67470.92,Employed,579.0,Bachelor,33,Rural,4,15448.96,1322.96,40.0,Female,1
8000.0,Employed,516.0,High School,35,Rural,1,2365.71,336.71,33.0,Female,0
73013.72,Self-Employed,528.0,Bachelor,38,Urban,0,40218.47,2270.84,62.0,Female,1
47423.41,Employed,546.0,Bachelor,45,Suburban,2,0.0,2508.18,35.0,Female,0
42499.21,Unemployed,513.0,Bachelor,45,Suburban,2,23615.82,967.2,55.0,Female,0
67961.9,Employed,587.0,High School,44,Rural,0,8556.48,1184.77,38.0,Female,0
46411.52,Employed,452.0,High School,49,Suburban,2,16455.98,1817.77,54.0,Male,0
43167.23,Employed,517.0,High School,34,Urban,5,15741.86,1740.75,55.0,Female,1
43178.86,Student,559.0,Bachelor,43,Suburban,5,1392.69,1107.81,41.0,Male,0
24215.65,Unemployed,539.0,Master,58,Urban,0,8912.0,271.2,40.0,Female,0
95986.86,Employed,609.0,Master,36,Suburban,4,5449.22,3887.92,46.0,Female,1
67362.25,Self-Employed,472.0,Master,65,Urban,4,37998.53,3178.52,69.0,Male,1
77683.86,Self-Employed,613.0,Bachelor,43,Suburban,4,42092.43,1969.63,85.0,Female,1
42001.89,Employed,604.0,High School,37,Rural,4,12275.84,1713.72,22.0,Male,1
66510.08,Employed,530.0,Master,52,Urban,4,35758.79,3021.57,51.0,Female,1
56163.96,Unemployed,534.0,Bachelor,38,Urban,5,22274.99,3293.15,47.0,Male,0
30466.78,Employed,553.0,High School,38,Suburban,1,19703.46,650.92,45.0,Female,0
45461.75,Student,576.0,Bachelor,37,Urban,0,19535.12,2669.54,24.0,Male,0
68602.04,Employed,621.0,Bachelor,45,Suburban,2,27295.29,2617.21,32.0,Female,1
31804.49,Unemployed,564.0,Bachelor,22,Suburban,1,20511.44,1094.08,66.0,Female,0
27753.89,Student,444.0,High School,38,Urban,1,11487.13,1303.13,63.0,Female,0
67728.42,Employed,548.0,Bachelor,55,Rural,0,25133.72,3088.86,26.0,Female,0
68016.73,Employed,599.0,High School,35,Suburban,3,36698.59,2129.05,75.0,Female,1
76402.0,Self-Employed,578.0,Bachelor,45,Suburban,4,27181.28,3784.38,43.0,Female,1
39875.13,Unemployed,547.0,Master,34,Urban,0,2530.97,1670.54,56.0,Male,0
65310.26,Employed,561.0,PhD,63,Urban,3,18089.99,2011.27,43.0,Female,1
54926.3,Employed,532.0,Bachelor,31,Urban,5,25722.31,1778.84,48.0,Male,1
51777.81,Self-Employed,536.0,High School,55,Rural,2,2781.68,1753.95,46.0,Female,0
37048.03,Employed,476.0,Bachelor,55,Rural,1,11725.39,541.21,52.0,Male,0
25894.96,Employed,478.0,High School,39,Rural,4,1623.66,922.95,32.0,Female,0
55284.93,Employed,549.0,Master,65,Urban,1,14225.42,858.08,68.0,Female,1
29926.66,Student,514.0,Bachelor,65,Suburban,0,13058.29,843.34,56.0,Male,0
68265.4,Employed,596.0,Bachelor,22,Suburban,2,19893.4,2138.58,41.0,Female,1
60254.58,Student,546.0,Master,46,Suburban,0,32535.5,1440.88,43.0,Female,0
50774.78,Employed,621.0,Bachelor,29,Urban,1,14863.73,2021.25,47.0,Female,1
32092.0,Unemployed,574.0,Bachelor,65,Rural,4,12632.66,1254.48,36.0,Male,0
27904.0,Employed,490.0,Master,64,Urban,0,11775.38,366.19,32.0,Female,0
41138.58,Self-Employed,541.0,High School,40,Urban,3,11045.93,985.45,53.0,Female,0
53659.3,Unemployed,604.0,Bachelor,36,Rural,5,2765.05,2139.91,55.0,Male,0
57322.7,Self-Employed,526.0,Master,57,Suburban,1,30992.58,1490.16,35.0,Male,1
45612.34,Employed,505.0,Bachelor,38,Urban,1,24182.33,2035.52,47.0,Male,0
75643.38,Employed,640.0,Bachelor,53,Suburban,4,11245.19,1218.31,27.0,Female,1
30282.8,Employed,548.0,High School,50,Rural,4,17673.99,944.23,66.0,Male,1
81190.9,Employed,637.0,Bachelor,33,Urban,2,29303.85,4697.75,70.0,Female,1
96318.69,Self-Employed,625.0,Bachelor,36,Suburban,4,3632.32,5623.57,62.0,Female,1
45359.34,Student,527.0,Bachelor,62,Urban,3,11789.46,2425.21,50.0,Male,0
66656.67,Self-Employed,508.0,High School,43,Urban,1,36937.29,1650.99,56.0,Female,1
32965.99,Employed,526.0,Bachelor,39,Urban,4,13746.48,2016.52,37.0,Female,1
33305.88,Employed,576.0,Bachelor,61,Suburban,1,12350.59,243.79,36.0,Male,1
58049.09,Employed,612.0,Master,46,Urban,4,13163.2,2983.33,61.0,Male,1
74336.3,Employed,628.0,Bachelor,46,Urban,3,6762.88,4087.48,38.0,Male,1
39026.16,Unemployed,564.0,Bachelor,38,Suburban,3,7563.28,545.27,46.0,Male,0
64203.97,Employed,664.0,Master,51,Suburban,5,34999.48,3154.12,88.0,Male,1
27637.46,Employed,443.0,High School,22,Suburban,5,5840.07,929.2,15.0,Female,1
51089.75,Self-Employed,557.0,Bachelor,30,Rural,4,22519.3,2837.37,63.0,Male,1
44345.82,Employed,494.0,High School,57,Urban,3,13671.46,2690.68,30.0,Male,1
44162.56,Employed,606.0,Bachelor,32,Urban,1,26513.64,355.21,16.0,Female,1
55889.58,Employed,528.0,PhD,65,Suburban,4,7428.78,2578.32,42.0,Female,1
57879.09,Employed,601.0,Bachelor,61,Suburban,0,21462.2,1363.22,50.0,Female,1
55195.09,Employed,532.0,Master,38,Urban,0,1956.48,1658.08,52.0,Female,1
53902.24,Employed,569.0,High School,62,Urban,3,11856.17,1922.39,43.0,Male,1
33464.79,Self-Employed,516.0,Bachelor,53,Urban,1,17645.29,483.17,21.0,Male,0
65547.08,Employed,566.0,Bachelor,57,Urban,2,10207.95,2625.37,46.0,Female,0
46610.7,Employed,555.0,High School,42,Rural,5,26665.16,2093.97,18.0,Female,0
49529.46,Self-Employed,585.0,Bachelor,26,Suburban,2,18235.97,2139.09,58.0,Female,1
64422.75,Employed,560.0,Bachelor,45,Urban,2,24883.63,2863.47,43.0,Male,1
69012.52,Employed,612.0,Bachelor,57,Suburban,3,16548.35,2181.12,63.0,Female,1
41267.85,Employed,579.0,Master,25,Suburban,4,29293.02,853.39,25.0,Female,1
71000.44,Employed,556.0,Master,21,Urban,5,34167.76,1802.29,52.0,Male,1
38422.91,Employed,613.0,Bachelor,57,Urban,1,21470.9,695.45,12.0,Female,1
57314.12,Student,589.0,PhD,47,Suburban,5,9965.83,3068.16,71.0,Female,0
50117.19,Employed,525.0,High School,44,Urban,1,16218.21,1171.78,47.0,Male,1
50626.33,Employed,573.0,High School,51,Suburban,3,25181.11,2016.52,40.0,Male,1
67726.2,Employed,617.0,Bachelor,51,Suburban,0,24643.76,2221.19,40.0,Female,1
71277.65,Employed,602.0,Bachelor,40,Suburban,5,20668.48,3893.72,50.0,Male,1
69300.64,Self-Employed,581.0,Bachelor,48,Rural,4,18727.79,3670.44,53.0,Male,1
51054.33,Self-Employed,391.0,Bachelor,42,Suburban,2,15752.75,1487.27,19.0,Male,0
62547.56,Student,519.0,Master,30,Suburban,5,24136.19,2193.63,41.0,Male,0
57599.57,Employed,586.0,High School,54,Urban,0,16934.31,1760.73,39.0,Female,1
57431.86,Employed,511.0,Master,37,Suburban,2,16418.94,3729.25,69.0,Female,1
54758.04,Self-Employed,575.0,Bachelor,61,Rural,2,15064.45,1864.87,37.0,Male,0
49017.21,Employed,583.0,Bachelor,38,Rural,3,17829.88,1265.24,26.0,Female,1
63923.29,Employed,559.0,High School,29,Rural,3,9568.34,1217.44,40.0,Female,1
74153.25,Employed,500.0,Bachelor,58,Urban,0,11997.83,3337.18,60.0,Male,1
49962.02,Employed,511.0,Bachelor,27,Suburban,4,18039.85,1866.53,46.0,Female,1
36918.36,Unemployed,557.0,Master,65,Rural,0,21785.86,2256.81,47.0,Male,0
49364.23,Unemployed,600.0,Bachelor,49,Suburban,5,7059.74,2337.67,47.0,Female,0
65099.54,Self-Employed,473.0,High School,42,Suburban,2,36178.56,2429.65,45.0,Female,1
67733.03,Employed,574.0,Master,31,Suburban,3,30945.8,3147.24,42.0,Female,1
66878.58,Self-Employed,503.0,Bachelor,30,Suburban,2,35013.37,2991.07,38.0,Male,0
83546.97,Self-Employed,597.0,Master,29,Urban,2,25865.62,3467.73,53.0,Female,1
57378.21,Self-Employed,548.0,Bachelor,58,Urban,2,25238.03,1076.96,45.0,Male,1
56252.06,Employed,660.0,Bachelor,30,Rural,1,19557.98,2505.12,49.0,Male,1
47300.92,Student,517.0,Bachelor,22,Rural,5,25188.85,2348.95,20.0,Male,1
44565.02,Employed,584.0,Bachelor,29,Rural,3,4549.62,2152.86,60.0,Female,0
87485.67,Employed,644.0,Bachelor,48,Urban,2,13715.53,1627.14,23.0,Male,1
23429.96,Unemployed,498.0,High School,42,Urban,4,4664.54,1557.95,23.0,Female,0
54919.29,Unemployed,557.0,PhD,37,Urban,0,0.0,1559.89,27.0,Female,0
76745.64,Student,583.0,Master,64,Rural,3,41607.07,2074.36,39.0,Male,1
31073.36,Employed,484.0,Bachelor,36,Suburban,1,4141.51,1275.84,40.0,Male,0
56239.38,Self-Employed,516.0,Bachelor,58,Rural,1,9108.19,2833.28,64.0,Male,1
48091.51,Employed,523.0,Bachelor,26,Urban,3,12509.7,524.85,53.0,Female,1
45002.54,Self-Employed,486.0,High School,45,Suburban,2,15330.85,1293.2,15.0,Female,0
40911.8,Employed,509.0,Bachelor,26,Suburban,1,16876.65,1221.99,14.0,Male,0
44436.82,Employed,528.0,High School,24,Urban,0,23919.3,2399.72,63.0,Female,1
32371.66,Student,527.0,High School,51,Rural,3,15484.84,100.0,33.0,Male,0
30574.8,Unemployed,537.0,High School,51,Suburban,3,9394.86,1437.7,27.0,Female,0
79434.67,Employed,578.0,Master,46,Urban,1,24295.22,4008.95,64.0,Female,1
15142.41,Employed,460.0,High School,41,Urban,1,2785.76,648.16,55.0,Female,0
57111.96,Employed,574.0,Master,33,Rural,4,24406.41,1384.42,48.0,Female,1
60379.62,Employed,595.0,Master,56,Suburban,5,36481.66,2771.41,37.0,Female,1
50035.83,Employed,523.0,High School,29,Suburban,5,29305.64,1318.03,9.0,Male,1
39484.13,Unemployed,485.0,Bachelor,43,Suburban,4,2547.37,1106.75,48.0,Male,0
49548.23,Employed,524.0,Bachelor,63,Urban,1,14496.58,2286.82,45.0,Male,1
43795.05,Employed,528.0,Master,51,Suburban,4,20902.75,2273.41,34.0,Male,1
52256.59,Self-Employed,599.0,Bachelor,59,Rural,2,30845.75,1939.45,21.0,Female,0
43086.23,Employed,566.0,Bachelor,30,Urban,0,10552.58,1568.24,46.0,Female,1
53041.12,Employed,549.0,High School,22,Suburban,1,34402.35,2940.93,41.0,Female,1
55941.98,Employed,639.0,Master,58,Urban,2,13391.68,2942.95,52.0,Male,1
60390.83,Employed,558.0,High School,46,Urban,1,16557.74,1446.83,56.0,Female,1
69183.16,Employed,636.0,Master,56,Urban,1,32093.83,2472.08,37.0,Male,1
45224.37,Self-Employed,593.0,High School,58,Rural,4,13087.69,2524.52,79.0,Male,0
54304.83,Employed,603.0,Bachelor,37,Urban,0,33188.58,2670.78,47.0,Female,1
31899.67,Unemployed,533.0,Bachelor,25,Urban,5,3730.1,1694.5,55.0,Female,0
23505.25,Unemployed,512.0,High School,64,Suburban,2,6063.35,1256.26,33.0,Female,0
51724.75,Unemployed,547.0,High School,34,Urban,1,31896.53,1325.5,50.0,Male,0
8984.41,Student,524.0,High School,28,Suburban,1,0.0,624.17,25.0,Female,0
38277.95,Student,492.0,Master,46,Rural,4,7018.43,538.51,48.0,Male,0
61849.91,Unemployed,550.0,Master,21,Urban,5,25680.17,2718.31,86.0,Female,0
62296.6,Employed,637.0,High School,23,Urban,1,41081.79,3663.66,37.0,Female,1
75152.96,Employed,609.0,Bachelor,55,Rural,5,45298.44,2301.94,12.0,Male,1
51111.37,Self-Employed,589.0,High School,24,Urban,5,27656.84,2169.03,37.0,Male,0
22225.63,Unemployed,450.0,Bachelor,48,Urban,5,0.0,1253.97,46.0,Male,0
22382.37,Unemployed,486.0,Master,41,Rural,3,15085.49,521.18,39.0,Female,0
56519.33,Self-Employed,569.0,Master,25,Rural,0,5659.18,2059.72,39.0,Male,0
54410.45,Unemployed,549.0,Master,63,Suburban,1,12613.25,1726.68,60.0,Female,0
49179.82,Self-Employed,488.0,Bachelor,28,Suburban,3,8733.99,2512.9,41.0,Female,0
36024.78,Self-Employed,559.0,High School,50,Rural,4,6201.98,1870.95,58.0,Female,1
72954.03,Employed,626.0,Master,26,Suburban,0,9042.38,2320.1,41.0,Male,1
47415.82,Employed,528.0,High School,47,Suburban,3,,2866.85,36.0,Female,1
40391.18,Employed,567.0,High School,28,Rural,3,21169.25,1020.72,42.0,Male,1
39977.31,Employed,622.0,Bachelor,60,Suburban,0,5589.73,2242.05,49.0,Female,1
77204.3,Employed,652.0,Master,41,Suburban,3,6770.05,1541.1,71.0,Female,1
73717.2,Employed,568.0,Bachelor,21,Urban,2,6272.59,2510.46,54.0,Female,1
35134.7,Unemployed,474.0,PhD,23,Suburban,2,7763.99,1465.73,47.0,Female,0
52960.85,Employed,559.0,Bachelor,45,Suburban,4,28644.71,1916.98,46.0,Male,0
62004.59,Self-Employed,667.0,High School,44,Urban,0,31813.2,2706.18,40.0,Male,0
44935.07,Employed,598.0,Bachelor,35,Urban,4,15611.5,1660.82,40.0,Male,1
48477.66,Unemployed,542.0,Master,48,Rural,0,28069.44,1924.88,37.0,Male,0
49102.62,Employed,614.0,High School,56,Urban,4,21273.52,2464.41,49.0,Male,1
51748.64,Employed,600.0,Master,53,Urban,1,23318.32,2031.12,22.0,Male,1
86660.13,Self-Employed,512.0,Bachelor,54,Urban,3,30620.63,4088.16,29.0,Male,1
64878.49,Employed,614.0,Master,63,Urban,1,25541.17,3749.27,42.0,Male,1
74864.61,Employed,585.0,Master,30,Suburban,5,17063.49,3024.77,37.0,Male,1
39182.43,Self-Employed,490.0,Bachelor,24,Urban,1,5520.48,1151.93,45.0,Female,0
69285.1,Unemployed,576.0,Master,26,Urban,2,28107.03,2894.73,41.0,Female,0
84210.8,Employed,612.0,Bachelor,22,Rural,5,19477.77,3684.48,61.0,Male,1
32467.31,Student,484.0,Master,34,Urban,2,6990.56,1240.95,32.0,Male,0
67531.59,Employed,564.0,Master,27,Urban,0,30658.63,2993.19,83.0,Male,1
70918.34,Employed,560.0,Bachelor,62,Rural,1,23196.49,3164.22,47.0,Female,1
43973.52,Employed,572.0,High School,36,Suburban,1,4788.95,1453.87,48.0,Male,1
81139.48,Employed,576.0,PhD,30,Suburban,0,41738.41,1681.09,34.0,Male,1
37794.82,Employed,451.0,Master,44,Rural,5,8763.13,1307.16,35.0,Male,0
23175.46,Unemployed,486.0,Bachelor,40,Rural,4,599.42,100.0,42.0,Male,0
82575.66,Employed,549.0,PhD,21,Urban,5,16353.92,2010.99,45.0,Male,1
31158.07,Student,459.0,Bachelor,64,Suburban,3,1689.82,1653.36,54.0,Female,0
49591.97,Employed,597.0,Bachelor,52,Suburban,2,5449.73,1371.82,57.0,Female,1
35266.39,Employed,560.0,Bachelor,58,Urban,5,17448.19,1309.12,72.0,Female,0
52811.0,Employed,505.0,High School,64,Rural,4,28328.2,1383.58,53.0,Female,1
37906.33,Employed,470.0,Bachelor,60,Urban,4,13127.47,1962.99,45.0,Female,0
78110.4,Employed,580.0,Bachelor,32,Rural,0,13232.34,796.2,33.0,Male,1
34759.62,Self-Employed,463.0,High School,55,Suburban,5,23424.27,1189.4,30.0,Female,0
57010.55,Self-Employed,544.0,High School,21,Suburban,3,28381.36,3271.41,45.0,Female,0
80533.07,Employed,591.0,Master,37,Urban,4,0.0,1534.74,46.0,Male,1
44223.83,Employed,550.0,Master,54,Rural,5,17363.94,2025.46,63.0,Female,1
66363.64,Employed,583.0,PhD,52,Suburban,1,41724.12,2667.64,54.0,Male,1
47138.42,Employed,505.0,High School,55,Urban,2,27531.53,729.2,34.0,Male,1
58155.2,Self-Employed,559.0,Master,55,Urban,2,14567.95,1039.34,22.0,Female,1
27534.98,Employed,570.0,High School,22,Suburban,1,12987.7,1212.76,29.0,Female,0
38008.04,Unemployed,433.0,High School,47,Urban,3,15942.82,1302.27,45.0,Female,0
41668.78,Student,547.0,Master,48,Suburban,3,18166.05,949.19,48.0,Male,0
53287.39,Employed,496.0,Bachelor,27,Suburban,1,,3334.3,66.0,Female,1
61095.3,Unemployed,624.0,Master,31,Urban,4,17776.7,871.16,54.0,Female,1
57576.96,Self-Employed,592.0,High School,42,Suburban,1,6677.98,2122.24,30.0,Male,1
40680.41,Employed,567.0,High School,49,Urban,5,15487.99,876.86,29.0,Female,1
50613.98,Unemployed,507.0,Bachelor,59,Rural,4,29858.67,2685.91,61.0,Male,0
56983.1,Employed,566.0,High School,53,Rural,2,32741.66,1298.47,57.0,Male,1
41412.33,Self-Employed,549.0,High School,64,Urban,4,3342.39,1794.62,44.0,Male,0
37289.28,Self-Employed,420.0,High School,31,Suburban,1,20714.2,1729.52,68.0,Female,0
54007.56,Unemployed,557.0,Bachelor,38,Suburban,3,7285.49,3760.52,71.0,Male,0
72680.14,Self-Employed,605.0,Master,32,Rural,4,44365.47,1899.96,55.0,Male,1
11461.52,Unemployed,426.0,High School,61,Urban,1,4168.24,440.42,42.0,Male,0
43916.11,Employed,563.0,Bachelor,48,Suburban,1,4851.3,1271.89,16.0,Male,0
50430.69,Student,550.0,Bachelor,43,Rural,0,2613.56,1622.92,29.0,Male,0
38384.38,Self-Employed,590.0,Bachelor,47,Urban,1,6975.94,1896.81,43.0,Female,0
69074.07,Self-Employed,553.0,Bachelor,35,Suburban,4,6157.19,3403.88,76.0,Male,1
67036.81,Unemployed,577.0,Bachelor,60,Urban,1,3585.93,1667.19,63.0,Female,0
68599.34,Employed,587.0,Master,48,Suburban,5,38870.49,2587.95,37.0,Female,1
40155.17,Employed,404.0,High School,43,Urban,2,4599.95,1861.65,59.0,Male,0
45647.59,Unemployed,522.0,Master,52,Rural,1,29885.22,1222.07,28.0,Male,0
50519.2,Student,549.0,High School,56,Urban,2,13865.29,1112.29,1.0,Female,0
61483.66,Self-Employed,455.0,Bachelor,38,Urban,3,22451.67,3070.74,79.0,Male,0
62257.55,Employed,592.0,Bachelor,53,Rural,4,24037.2,2473.22,14.0,Male,1
31008.8,Employed,521.0,High School,56,Rural,4,9961.44,586.81,1.0,Female,1
36144.95,Employed,528.0,High School,50,Suburban,0,13539.43,1154.82,44.0,Female,1
60590.85,Employed,592.0,High School,26,Suburban,5,30134.36,3549.14,48.0,Female,1
23319.07,Unemployed,488.0,High School,29,Urban,2,421.35,982.72,45.0,Male,0
16206.95,Employed,498.0,Bachelor,22,Suburban,5,5168.28,865.52,67.0,Female,1
45405.01,Employed,577.0,High School,33,Urban,3,21064.04,669.85,53.0,Female,1
74712.94,Employed,582.0,Master,28,Urban,0,15175.84,1327.51,50.0,Male,1
59877.66,Student,476.0,Master,46,Rural,3,6023.22,1744.21,31.0,Female,0
75686.63,Employed,584.0,High School,61,Suburban,4,8680.49,1557.71,35.0,Male,1
55270.5,Employed,555.0,High School,23,Urban,4,25614.35,886.8,48.0,Male,1
67879.26,Employed,611.0,Bachelor,33,Urban,4,40357.9,2311.06,40.0,Female,1
64809.4,Employed,550.0,Master,23,Rural,5,11061.19,2877.62,61.0,Male,1
67311.05,Employed,525.0,Bachelor,24,Urban,3,22400.25,2284.88,50.0,Male,1
45197.11,Self-Employed,494.0,High School,23,Urban,1,5019.05,3011.27,47.0,Female,0
79796.62,Employed,652.0,PhD,48,Urban,0,41472.58,4042.13,72.0,Female,1
47051.16,Employed,553.0,Bachelor,62,Urban,5,30844.29,1472.85,39.0,Female,1
87701.28,Employed,661.0,Bachelor,53,Urban,3,22802.33,4234.29,36.0,Female,1
23131.59,Employed,575.0,Master,51,Rural,5,0.0,838.3,58.0,Female,0
78563.3,Employed,552.0,Master,28,Urban,4,32934.9,2973.45,50.0,Male,1
61793.23,Self-Employed,525.0,Bachelor,58,Suburban,2,,2634.45,45.0,Male,1
64569.23,Employed,560.0,Bachelor,47,Suburban,1,26896.11,3486.62,51.0,Male,1
41257.74,Employed,560.0,Bachelor,64,Suburban,4,13202.33,1631.93,35.0,Male,1
19827.82,Self-Employed,438.0,High School,38,Suburban,5,600.7,271.75,76.0,Female,0
48086.63,Unemployed,562.0,Bachelor,52,Suburban,3,6728.03,1761.77,24.0,Male,0
71115.01,Employed,593.0,High School,42,Suburban,1,36223.5,3284.25,57.0,Male,1
62303.44,Employed,512.0,Bachelor,44,Suburban,4,26034.29,1918.87,48.0,Male,1
64079.05,Student,516.0,Master,25,Suburban,5,14506.9,3214.61,63.0,Male,0
64127.83,Employed,585.0,PhD,42,Suburban,4,33876.16,3204.09,46.0,Female,1
56973.61,Student,648.0,Master,28,Suburban,3,24310.5,1417.45,61.0,Male,1
52384.9,Unemployed,535.0,High School,54,Urban,5,23757.81,1563.07,38.0,Male,0
46296.79,Employed,554.0,High School,52,Suburban,5,16641.64,2355.66,39.0,Male,0
76785.77,Employed,556.0,Bachelor,60,Suburban,1,32789.14,3155.75,52.0,Male,1
10481.42,Student,499.0,High School,41,Urban,1,7226.27,100.0,41.0,Female,0
37804.95,Employed,499.0,High School,58,Rural,4,2411.44,1626.46,60.0,Male,1
78188.74,Employed,573.0,Master,61,Urban,0,38855.88,1721.02,24.0,Male,1
90542.16,Employed,713.0,Bachelor,43,Urban,0,28138.81,5269.85,75.0,Male,1
43214.11,Employed,540.0,High School,63,Rural,3,12637.97,1295.23,56.0,Female,1
22491.24,Unemployed,435.0,Bachelor,55,Urban,5,5489.7,923.99,51.0,Female,0
100201.18,Self-Employed,645.0,PhD,34,Urban,5,26525.19,2378.27,46.0,Female,1
56107.87,Employed,604.0,Bachelor,42,Urban,1,22785.32,1749.58,36.0,Female,1
52971.68,Employed,579.0,High School,25,Rural,1,13817.95,3231.4,59.0,Female,1
51983.63,Self-Employed,539.0,Bachelor,38,Suburban,2,24619.99,2663.1,52.0,Male,1
69134.14,Employed,531.0,Master,37,Suburban,5,43147.48,1876.71,22.0,Male,1
36568.24,Self-Employed,485.0,High School,34,Suburban,5,10094.76,1794.19,58.0,Female,0
90864.65,Self-Employed,594.0,Bachelor,36,Suburban,5,26709.87,3401.47,42.0,Male,1
76868.48,Employed,566.0,Master,23,Rural,2,16384.79,2973.47,40.0,Female,1
66521.84,Student,543.0,Bachelor,41,Rural,0,36867.12,2894.01,66.0,Male,0
38173.07,Employed,582.0,High School,30,Urban,3,7692.6,1862.21,47.0,Female,0
31624.65,Employed,560.0,Master,31,Rural,5,14495.37,2122.92,43.0,Female,0
54605.69,Employed,608.0,Bachelor,53,Suburban,2,16491.53,815.71,34.0,Male,1
87747.08,Employed,563.0,High School,60,Urban,1,52268.38,4384.71,53.0,Female,1
45171.9,Employed,496.0,High School,28,Urban,3,9838.31,1152.83,40.0,Female,1
70776.82,Employed,578.0,Bachelor,46,Suburban,1,25014.38,3046.16,75.0,Female,1
36627.34,Self-Employed,544.0,High School,61,Urban,5,2464.33,1911.44,16.0,Male,1
52564.9,Self-Employed,551.0,Master,48,Suburban,2,26296.94,1994.67,83.0,Male,0
64803.12,Employed,581.0,Master,24,Urban,5,18732.8,3620.68,88.0,Female,1
80645.41,Self-Employed,660.0,High School,55,Suburban,3,29306.27,3468.39,47.0,Male,0
84503.49,Self-Employed,584.0,Master,23,Urban,2,8868.12,4081.32,58.0,Male,1
36202.19,Employed,561.0,PhD,48,Rural,2,19808.02,1160.05,44.0,Female,1
45000.96,Student,561.0,High School,42,Urban,4,15772.97,1057.69,56.0,Female,1
52768.98,Employed,553.0,Master,44,Urban,1,12458.59,1515.25,45.0,Male,0
67776.58,Employed,604.0,PhD,31,Urban,2,23350.02,3674.05,59.0,Male,1
74655.86,Employed,545.0,Master,60,Suburban,5,23340.42,2410.39,65.0,Male,1
79976.54,Employed,544.0,Bachelor,25,Suburban,5,39078.43,2568.08,19.0,Male,1
83238.98,Employed,612.0,Master,63,Suburban,0,20787.33,3291.35,49.0,Female,1
66973.5,Employed,495.0,Bachelor,23,Urban,4,42120.88,3692.25,57.0,Male,1
52184.26,Employed,571.0,High School,34,Rural,5,6595.98,2341.77,42.0,Male,1
47193.18,Unemployed,490.0,High School,44,Suburban,2,11697.0,1924.73,19.0,Female,0
36366.84,Self-Employed,593.0,Bachelor,44,Urban,1,17613.67,1525.64,43.0,Male,1
84410.33,Self-Employed,576.0,Bachelor,32,Suburban,2,52682.95,2078.18,37.0,Male,1
41960.27,Self-Employed,599.0,Bachelor,33,Suburban,5,13952.94,2493.37,41.0,Female,0
48909.2,Self-Employed,534.0,High School,46,Suburban,1,17713.8,2099.76,45.0,Female,0
58556.2,Employed,545.0,Master,21,Urban,1,28624.84,1683.53,18.0,Female,1
40659.86,Employed,570.0,Bachelor,27,Urban,5,20597.99,832.26,35.0,Female,1
65923.86,Employed,581.0,Bachelor,38,Suburban,3,41852.11,2440.59,37.0,Male,1
53548.04,Employed,547.0,High School,22,Urban,1,14714.33,2651.94,29.0,Female,1
48419.1,Employed,524.0,High School,24,Urban,4,30006.45,1132.28,48.0,Female,1
40710.02,Employed,514.0,High School,22,Rural,1,21333.24,2428.95,28.0,Female,0
77889.21,Employed,691.0,Bachelor,57,Suburban,4,23351.7,2736.3,57.0,Female,1
82892.05,Employed,516.0,High School,26,Urban,2,34045.79,5017.39,73.0,Female,1
90793.54,Self-Employed,549.0,PhD,29,Urban,5,23604.67,2165.26,44.0,Female,0
55161.13,Employed,605.0,High School,56,Suburban,4,13952.89,2257.52,63.0,Male,1
25441.0,Employed,559.0,High School,40,Urban,0,6333.9,1141.1,76.0,Female,0
79407.34,Employed,545.0,Master,41,Urban,4,6500.47,3092.41,59.0,Male,1
68070.86,Employed,492.0,Bachelor,50,Urban,3,26312.45,3199.56,46.0,Female,1
64569.99,Self-Employed,623.0,Bachelor,49,Suburban,1,29685.66,3154.66,69.0,Female,1
29885.29,Employed,469.0,High School,39,Suburban,3,4979.75,721.97,10.0,Female,0
70750.96,Employed,552.0,Bachelor,60,Urban,1,3779.54,3052.2,85.0,Female,1
70423.79,Student,578.0,Bachelor,31,Urban,4,14446.84,2934.92,51.0,Male,0
48260.67,Employed,494.0,Master,30,Suburban,1,20949.02,1751.44,48.0,Female,1
65269.86,Employed,608.0,Bachelor,44,Suburban,2,16784.49,2774.5,25.0,Female,1
52823.35,Self-Employed,550.0,Master,60,Suburban,3,20134.18,1940.81,58.0,Male,0
60435.95,Employed,520.0,Bachelor,61,Urban,0,11531.82,3286.77,53.0,Male,1
52769.63,Employed,513.0,Master,54,Suburban,5,17154.82,1389.14,40.0,Male,1
45739.32,Employed,597.0,Bachelor,21,Rural,0,23674.98,1982.56,36.0,Female,1
53855.62,Employed,538.0,Bachelor,53,Suburban,5,27633.49,2013.77,32.0,Male,1
64184.12,Employed,593.0,Bachelor,28,Urban,3,30016.74,2771.28,38.0,Female,1
72355.37,Employed,576.0,Bachelor,60,Suburban,3,37187.54,3795.59,30.0,Male,1
68242.66,Employed,492.0,High School,26,Urban,2,13733.33,3604.32,56.0,Female,1
52220.51,Employed,581.0,Bachelor,26,Urban,2,25085.53,2770.11,73.0,Male,1
55398.03,Employed,601.0,High School,44,Urban,4,16564.8,2634.0,54.0,Female,1
38527.53,Employed,611.0,Bachelor,45,Rural,2,24281.58,1496.84,30.0,Male,0
48339.68,Employed,457.0,High School,36,Urban,3,16984.09,1107.11,45.0,Female,1
43641.11,Employed,393.0,High School,42,Rural,4,21652.0,1833.95,4.0,Female,0
31161.95,Self-Employed,546.0,High School,53,Suburban,3,19687.43,897.22,65.0,Female,0
35386.59,Unemployed,497.0,High School,50,Suburban,3,0.0,964.83,31.0,Female,0
51663.68,Employed,483.0,High School,53,Urban,3,9744.16,2022.95,53.0,Male,0
33315.54,Unemployed,526.0,High School,31,Suburban,0,8768.32,1177.39,40.0,Male,0
80367.63,Employed,568.0,Bachelor,46,Urban,0,11507.57,3090.22,59.0,Male,0
52584.85,Employed,491.0,Bachelor,26,Suburban,0,19273.47,2246.55,81.0,Male,1
86752.97,Employed,593.0,PhD,31,Urban,1,13874.49,4387.53,25.0,Female,1
87643.17,Employed,624.0,Master,64,Urban,2,14013.55,3076.07,54.0,Female,1
47724.05,Unemployed,549.0,High School,22,Suburban,1,8435.38,2863.92,54.0,Female,0
55177.97,Employed,560.0,Bachelor,41,Urban,3,0.0,2362.57,41.0,Female,1
43410.07,Employed,555.0,Bachelor,43,Urban,5,14318.04,1492.18,31.0,Female,1
20351.03,Unemployed,426.0,Bachelor,31,Rural,5,13352.05,665.41,53.0,Female,0
38199.76,Employed,525.0,Bachelor,23,Urban,3,9206.61,1214.68,41.0,Male,1
70290.28,Self-Employed,584.0,Bachelor,26,Urban,0,38457.62,3416.18,52.0,Male,1
69221.29,Employed,555.0,Bachelor,53,Urban,4,14153.81,3524.2,48.0,Female,1
44760.98,Student,500.0,Bachelor,47,Urban,4,8635.56,943.8,37.0,Female,0
38357.96,Employed,494.0,Bachelor,46,Suburban,4,9960.91,1716.92,53.0,Male,1
46520.74,Self-Employed,526.0,High School,27,Urban,5,6612.3,2242.52,55.0,Male,0
83703.89,Employed,634.0,Master,45,Suburban,0,50514.38,3149.37,39.0,Female,1
69144.96,Student,641.0,PhD,29,Suburban,2,28437.41,2759.86,44.0,Male,0
50745.72,Student,605.0,High School,35,Urban,3,9531.3,2771.59,64.0,Male,0
106620.89,Self-Employed,555.0,Master,63,Rural,0,,3285.6,77.0,Female,1
63921.12,Employed,522.0,Master,41,Rural,2,23652.78,2656.64,74.0,Female,0
29620.19,Employed,545.0,Bachelor,22,Urban,1,8147.17,1227.03,65.0,Male,0
13483.5,Unemployed,551.0,High School,47,Urban,1,13769.22,152.31,39.0,Female,0
72583.33,Self-Employed,533.0,Master,29,Urban,3,10971.49,3589.49,68.0,Male,1
38281.09,Unemployed,536.0,Bachelor,21,Urban,3,10578.96,1671.14,49.0,Female,0
46420.18,Self-Employed,489.0,High School,51,Suburban,0,11753.98,1586.14,32.0,Male,0
52683.52,Employed,561.0,Bachelor,49,Suburban,4,31210.14,2481.25,46.0,Female,1
50233.47,Employed,516.0,Bachelor,30,Urban,5,4243.7,1021.25,37.0,Male,0
59607.22,Employed,567.0,High School,54,Urban,0,11880.16,3077.34,64.0,Male,1
92915.41,Self-Employed,551.0,PhD,29,Urban,4,35791.68,4353.54,69.0,Female,1
72985.08,Employed,504.0,High School,43,Rural,4,23068.94,2913.46,48.0,Male,1
80559.75,Employed,728.0,Bachelor,46,Rural,4,19623.95,3261.26,48.0,Male,1
45660.5,Self-Employed,542.0,Bachelor,26,Urban,5,15915.09,2005.01,35.0,Male,1
46697.37,Employed,636.0,High School,52,Suburban,4,10287.68,2693.01,44.0,Female,1
58292.4,Employed,624.0,Master,43,Suburban,2,6835.2,2646.63,47.0,Female,1
63879.6,Employed,491.0,Bachelor,40,Suburban,0,28249.74,3072.18,55.0,Female,1
57759.55,Employed,572.0,Bachelor,54,Suburban,5,17352.89,2195.56,48.0,Male,1
51615.59,Employed,489.0,Bachelor,56,Rural,4,27971.45,2522.83,36.0,Male,1
97818.69,Self-Employed,600.0,PhD,43,Urban,2,34317.05,4527.73,50.0,Male,1
47475.68,Unemployed,456.0,Master,57,Urban,3,26463.24,559.79,36.0,Female,0
42862.75,Self-Employed,464.0,High School,23,Rural,3,20557.43,963.2,47.0,Female,1
49198.57,Student,505.0,Bachelor,49,Urban,0,24798.92,2429.6,40.0,Female,0
68142.91,Employed,546.0,Bachelor,33,Urban,1,34598.12,1951.17,23.0,Female,0
77229.34,Employed,585.0,Master,47,Suburban,1,5441.19,4168.63,39.0,Male,1
86282.06,Employed,550.0,Master,49,Suburban,3,10444.43,2862.26,54.0,Female,1
37715.76,Self-Employed,534.0,Bachelor,57,Suburban,2,17585.68,696.09,45.0,Male,1
71866.94,Employed,627.0,Master,46,Suburban,2,7056.0,3374.3,43.0,Male,1
42464.31,Student,546.0,Bachelor,21,Suburban,3,19828.92,1765.58,29.0,Male,0
49486.82,Employed,541.0,High School,65,Urban,5,9488.3,2499.07,26.0,Male,1
50366.71,Unemployed,561.0,Bachelor,43,Suburban,1,11774.82,2634.31,28.0,Male,0
78448.14,Employed,521.0,Bachelor,26,Suburban,0,21648.94,3488.84,47.0,Male,1
44123.61,Self-Employed,579.0,Bachelor,26,Rural,3,26880.02,2742.49,25.0,Male,1
83304.06,Employed,538.0,Bachelor,22,Urban,5,31394.77,3273.14,54.0,Female,1
48525.29,Employed,612.0,Master,30,Urban,5,17280.1,2402.0,55.0,Male,1
81853.92,Self-Employed,625.0,PhD,33,Suburban,1,36966.02,2781.65,28.0,Male,1
36639.71,Employed,551.0,High School,63,Urban,2,17845.34,1094.04,25.0,Female,1
28373.42,Unemployed,541.0,Bachelor,57,Urban,4,1796.98,931.27,38.0,Female,0
57901.19,Self-Employed,556.0,Master,21,Rural,0,29841.45,2439.09,35.0,Female,0
43017.66,Self-Employed,499.0,High School,36,Suburban,2,12260.62,780.18,42.0,Male,1
23050.85,Employed,464.0,Master,34,Urban,2,5655.65,394.61,52.0,Female,0
71172.04,Employed,654.0,Bachelor,41,Urban,1,28065.51,1495.92,39.0,Male,1
65696.41,Employed,572.0,High School,27,Urban,2,30016.5,2266.23,21.0,Male,1
58584.05,Self-Employed,507.0,Master,33,Suburban,5,,2290.35,49.0,Female,0
51405.42,Employed,570.0,Bachelor,46,Suburban,5,17196.24,738.52,34.0,Female,1
29406.65,Student,531.0,High School,44,Urban,2,10791.12,1040.35,48.0,Female,0
9328.02,Student,472.0,High School,58,Urban,2,2024.1,100.0,70.0,Female,0
38740.68,Employed,488.0,Master,62,Urban,5,9720.28,1895.37,30.0,Female,0
80054.48,Self-Employed,621.0,Master,38,Urban,1,38177.88,2638.87,37.0,Male,1
77970.51,Employed,627.0,Bachelor,57,Urban,3,23584.22,1658.64,48.0,Male,1
59952.44,Employed,573.0,High School,58,Suburban,1,4791.46,1621.61,56.0,Male,1
59688.81,Employed,562.0,High School,36,Urban,3,21924.44,3026.95,81.0,Male,1
49740.79,Unemployed,509.0,Bachelor,40,Urban,0,2748.91,2721.05,42.0,Female,0
49741.65,Unemployed,566.0,Bachelor,49,Suburban,1,16598.65,2617.87,35.0,Male,0
46222.68,Employed,511.0,Bachelor,61,Urban,4,16764.26,1179.73,29.0,Female,1
61336.91,Employed,504.0,Bachelor,55,Urban,4,14745.86,2731.44,42.0,Female,1
53558.91,Employed,600.0,Bachelor,59,Urban,1,30308.54,3379.94,48.0,Female,1
57757.06,Employed,509.0,Bachelor,56,Urban,1,26477.08,1040.99,43.0,Male,0
79103.07,Employed,501.0,Bachelor,29,Urban,4,16737.3,4047.62,56.0,Male,1
50619.92,Unemployed,604.0,High School,30,Suburban,5,7603.38,2549.94,29.0,Female,0
8000.0,Student,406.0,Bachelor,60,Urban,3,4541.86,341.23,14.0,Female,0
51173.89,Employed,529.0,Bachelor,41,Suburban,4,24979.15,2627.52,47.0,Female,1
30388.45,Unemployed,467.0,Bachelor,29,Suburban,4,0.0,833.75,28.0,Female,0
65422.07,Self-Employed,534.0,High School,34,Urban,5,26253.91,2969.88,41.0,Female,0
32244.37,Employed,619.0,High School,43,Urban,1,10805.49,737.72,52.0,Male,1
8000.0,Unemployed,480.0,Bachelor,46,Urban,3,0.0,100.0,45.0,Female,0
66314.03,Employed,584.0,High School,29,Urban,0,17972.64,2964.26,44.0,Male,0
69444.01,Employed,608.0,Bachelor,32,Suburban,1,16900.4,4427.62,72.0,Female,1
31239.93,Employed,489.0,Bachelor,38,Urban,2,15225.06,983.31,56.0,Female,0
43133.97,Self-Employed,583.0,High School,30,Rural,5,23058.81,2213.12,67.0,Male,1
81952.72,Employed,607.0,Bachelor,65,Suburban,2,46834.73,1564.37,66.0,Male,1
42829.34,Employed,568.0,Bachelor,21,Suburban,0,1774.52,1294.15,38.0,Male,0
48515.77,Employed,510.0,High School,55,Suburban,3,20219.51,1139.84,57.0,Female,1
74619.43,Employed,600.0,Master,34,Suburban,2,25877.66,3399.96,47.0,Male,1
33585.53,Employed,521.0,Bachelor,45,Rural,4,15927.04,684.34,57.0,Male,1
54542.37,Employed,602.0,Master,34,Rural,0,16758.96,1093.87,37.0,Male,1
8637.45,Unemployed,461.0,High School,63,Urban,5,0.0,100.0,36.0,Male,0
67532.02,Employed,661.0,Master,64,Urban,4,23294.69,2295.13,31.0,Male,1
58135.1,Employed,571.0,Master,37,Urban,3,32347.91,2512.76,32.0,Male,1
37115.29,Unemployed,521.0,High School,22,Urban,5,11890.19,1153.93,47.0,Male,0
48522.38,Unemployed,532.0,Bachelor,28,Suburban,1,6354.82,1611.48,58.0,Male,0
82829.43,Employed,591.0,Bachelor,53,Urban,2,46796.37,1270.15,26.0,Male,1
93984.21,Employed,579.0,Bachelor,58,Suburban,1,35908.17,4250.06,76.0,Male,1
62115.5,Employed,592.0,Bachelor,22,Suburban,1,5251.31,1093.05,59.0,Male,1
61251.45,Employed,560.0,Master,21,Urban,5,,1596.7,49.0,Female,1
51380.02,Self-Employed,634.0,Bachelor,43,Suburban,5,11875.98,1234.74,55.0,Male,1
63527.01,Employed,544.0,PhD,57,Urban,1,25621.36,3588.38,45.0,Male,1
73722.32,Employed,573.0,Master,55,Suburban,1,24624.04,3092.39,29.0,Male,1
59576.89,Employed,539.0,Master,21,Suburban,0,36149.56,1336.15,34.0,Male,1
77770.78,Employed,668.0,Master,65,Urban,0,5760.06,3249.84,69.0,Male,1
45004.6,Employed,472.0,Bachelor,33,Suburban,5,11191.96,2399.03,66.0,Male,0
39008.85,Unemployed,533.0,Master,31,Urban,1,8755.88,2146.24,28.0,Female,0
65485.3,Employed,581.0,Bachelor,36,Suburban,0,4534.42,2617.25,30.0,Male,0
49126.42,Employed,493.0,High School,55,Suburban,5,25014.46,1770.62,30.0,Male,1
31195.18,Self-Employed,637.0,Bachelor,35,Urban,4,11265.8,1307.55,12.0,Male,0
50772.11,Employed,504.0,High School,50,Suburban,4,27066.95,1174.37,32.0,Male,1
50973.39,Employed,548.0,Master,31,Rural,0,21502.52,1271.77,49.0,Male,1
72721.44,Employed,653.0,Bachelor,26,Suburban,0,13025.03,3577.87,8.0,Female,1
69566.67,Employed,556.0,Bachelor,25,Suburban,3,16698.04,3413.08,51.0,Female,1
16756.04,Employed,504.0,High School,40,Suburban,3,3226.07,455.77,59.0,Male,1
74022.48,Employed,563.0,Bachelor,21,Urban,1,29891.3,3313.32,65.0,Male,1
62839.49,Self-Employed,561.0,Bachelor,46,Suburban,2,1376.58,3118.44,57.0,Male,0
30739.36,Self-Employed,566.0,Bachelor,55,Rural,5,18031.41,1837.91,46.0,Male,0
71174.85,Employed,556.0,Bachelor,46,Urban,5,36831.83,3176.34,68.0,Female,1
42801.73,Employed,415.0,Bachelor,41,Urban,0,20309.6,1405.26,50.0,Male,0
51180.67,Unemployed,545.0,High School,28,Urban,0,14315.94,2539.95,44.0,Male,0
48307.17,Employed,545.0,Bachelor,28,Urban,1,12760.87,2968.82,64.0,Female,1
39229.29,Employed,538.0,Bachelor,26,Urban,4,16077.68,1109.44,20.0,Male,1
99811.22,Self-Employed,608.0,Master,24,Urban,4,24344.9,4618.36,70.0,Male,1
39805.07,Employed,491.0,Master,46,Suburban,3,8308.57,1867.96,53.0,Female,1
42909.64,Student,523.0,Master,33,Urban,3,14957.7,890.1,42.0,Male,0
52851.19,Employed,628.0,Bachelor,50,Urban,2,2537.2,2214.07,47.0,Male,1
24164.97,Unemployed,506.0,High School,36,Suburban,2,6336.27,982.89,65.0,Male,0
76481.72,Employed,612.0,Master,35,Urban,0,8465.78,2777.49,65.0,Female,1
78868.68,Employed,539.0,PhD,41,Urban,2,13978.8,2537.11,68.0,Male,1
66064.54,Employed,554.0,High School,37,Suburban,5,19932.01,1946.81,52.0,Male,1
45578.76,Student,493.0,Bachelor,25,Rural,3,24699.84,1563.02,60.0,Male,0
33905.0,Employed,580.0,Bachelor,22,Suburban,3,12316.08,693.99,45.0,Male,1
58247.86,Employed,486.0,High School,65,Urban,5,13632.4,1780.65,42.0,Female,1
66507.1,Student,585.0,PhD,25,Urban,0,7817.9,2423.76,59.0,Male,0
49630.57,Employed,559.0,Master,33,Rural,4,15880.46,2132.13,42.0,Female,1
102105.88,Employed,631.0,PhD,39,Suburban,1,9087.38,2007.32,63.0,Female,1
56125.22,Employed,448.0,High School,40,Suburban,2,15795.99,1774.54,26.0,Female,0
53125.9,Unemployed,458.0,Bachelor,54,Suburban,0,27460.8,2442.38,44.0,Male,0
80648.59,Employed,594.0,Master,52,Urban,1,45467.4,4138.19,46.0,Female,1
51699.2,Employed,505.0,Bachelor,48,Urban,3,12405.83,2320.97,82.0,Female,1
53500.78,Student,521.0,Bachelor,34,Suburban,3,12055.27,1774.45,34.0,Male,0
55740.4,Employed,534.0,Bachelor,63,Rural,2,,1041.85,39.0,Female,1
41644.62,Employed,485.0,High School,24,Urban,5,22037.04,1154.0,10.0,Female,1
40676.26,Employed,476.0,Bachelor,34,Suburban,1,14124.41,620.22,64.0,Male,0
66363.47,Employed,568.0,Master,37,Urban,1,34965.76,1878.51,32.0,Female,1
55803.94,Employed,467.0,High School,36,Rural,3,15010.2,2021.01,68.0,Male,0
50243.64,Employed,522.0,High School,45,Urban,2,25890.13,2343.37,31.0,Female,0
50265.33,Self-Employed,515.0,Bachelor,23,Suburban,1,27409.75,2770.68,34.0,Female,0
60410.37,Self-Employed,558.0,Bachelor,58,Urban,0,37331.18,1793.04,57.0,Male,1
50695.31,Employed,653.0,Bachelor,28,Suburban,3,3873.48,1110.05,17.0,Female,1
74239.79,Employed,535.0,High School,37,Suburban,3,14067.4,2606.44,55.0,Male,1
70053.61,Employed,592.0,Master,47,Urban,3,19740.41,3339.01,40.0,Female,1
33703.06,Self-Employed,531.0,High School,61,Rural,4,14502.09,1263.8,74.0,Female,1
25879.61,Self-Employed,535.0,Bachelor,46,Rural,3,4903.21,953.7,67.0,Male,0
50041.87,Self-Employed,535.0,Bachelor,45,Rural,3,11542.92,1146.52,60.0,Male,1
38347.64,Student,593.0,Bachelor,32,Urban,1,9238.48,1248.42,76.0,Male,0
29790.59,Unemployed,547.0,Bachelor,53,Suburban,4,4423.63,1103.23,31.0,Male,0
58139.17,Student,588.0,Bachelor,46,Suburban,5,29244.58,2614.95,60.0,Male,0
58196.03,Self-Employed,493.0,Bachelor,22,Suburban,4,35891.58,2538.25,34.0,Male,0
33763.32,Employed,526.0,Bachelor,39,Suburban,0,14844.43,1158.64,54.0,Male,0
68282.48,Employed,548.0,Bachelor,61,Suburban,5,9917.73,3874.53,60.0,Male,1
34269.45,Employed,483.0,Bachelor,59,Urban,3,24893.58,1074.47,22.0,Female,1
68399.8,Employed,543.0,Bachelor,30,Urban,2,18301.84,3372.38,51.0,Female,1
50873.87,Employed,543.0,Bachelor,54,Urban,1,18854.6,1471.36,44.0,Female,1
63303.61,Employed,584.0,Bachelor,35,Urban,0,20051.61,4216.87,57.0,Male,0
47626.4,Self-Employed,585.0,High School,55,Urban,5,14794.17,1596.65,70.0,Female,0
63778.1,Employed,606.0,Master,44,Urban,3,6786.97,1391.39,26.0,Female,1
54142.86,Employed,564.0,High School,35,Suburban,5,23148.15,2146.53,36.0,Male,1
48228.26,Unemployed,545.0,Master,64,Suburban,4,26097.81,1624.49,1.0,Male,0
86045.94,Employed,582.0,Bachelor,31,Urban,4,44371.01,1928.51,55.0,Female,1
54359.23,Employed,540.0,High School,36,Suburban,2,20534.24,1464.07,55.0,Male,1
58707.8,Employed,522.0,Bachelor,62,Rural,2,11019.07,1244.06,54.0,Male,1
40357.18,Employed,512.0,Bachelor,30,Rural,2,23164.81,1124.18,40.0,Female,0
48713.43,Unemployed,559.0,Master,29,Rural,0,22125.93,1115.79,30.0,Male,0
47646.13,Employed,611.0,Master,64,Rural,4,12658.94,1303.53,24.0,Male,1
65251.92,Student,560.0,Master,42,Suburban,5,14908.69,608.55,47.0,Female,1
28734.77,Employed,478.0,Bachelor,57,Rural,0,14802.59,1611.99,31.0,Female,0
48345.12,Self-Employed,586.0,Master,24,Rural,5,24659.04,1013.64,15.0,Male,1
33563.01,Employed,431.0,Bachelor,50,Urban,3,14036.34,780.93,54.0,Female,0
65294.66,Employed,613.0,Master,25,Rural,3,14184.63,3219.78,46.0,Female,1
40641.9,Employed,467.0,High School,39,Suburban,4,14728.54,2214.23,49.0,Female,0
73288.91,Employed,607.0,Master,30,Suburban,0,30663.99,3593.37,2.0,Female,1
25366.14,Student,488.0,Bachelor,39,Rural,5,615.69,1230.99,41.0,Male,0
67972.13,Self-Employed,585.0,Bachelor,38,Urban,5,26525.03,3051.77,47.0,Male,1
82697.55,Employed,685.0,PhD,63,Urban,4,3171.01,2894.66,77.0,Female,1
60176.97,Self-Employed,521.0,Bachelor,50,Suburban,1,29611.05,3045.56,47.0,Male,1
63463.1,Employed,519.0,Master,24,Suburban,0,24153.3,2681.49,3.0,Female,1
30057.99,Student,520.0,High School,42,Rural,1,10332.02,188.18,32.0,Female,0
41339.61,Employed,601.0,Bachelor,55,Rural,2,19729.0,1425.47,42.0,Male,1
38870.96,Employed,537.0,Bachelor,43,Suburban,5,11425.52,302.37,56.0,Female,1
55158.09,Employed,554.0,High School,48,Rural,2,18739.96,2163.15,45.0,Male,0
60469.63,Employed,567.0,Master,44,Urban,4,13452.5,1691.25,37.0,Female,1
46800.88,Student,495.0,Bachelor,64,Rural,2,21593.64,2237.12,44.0,Male,0
73264.83,Employed,586.0,High School,50,Urban,0,17401.82,2875.36,94.0,Female,0
48142.64,Employed,524.0,Bachelor,46,Suburban,4,11673.51,1021.41,48.0,Female,1
24998.64,Unemployed,568.0,High School,63,Urban,2,5681.55,1079.41,36.0,Male,0
58135.75,Employed,592.0,Master,33,Suburban,3,28422.21,3078.96,66.0,Female,1
66584.57,Employed,509.0,Master,54,Urban,2,19499.54,1766.57,26.0,Female,1
65212.08,Self-Employed,554.0,Bachelor,56,Urban,4,19321.57,3218.77,39.0,Female,1
54574.2,Employed,575.0,Bachelor,37,Suburban,4,26578.1,2241.29,38.0,Female,1
66178.21,Unemployed,524.0,Bachelor,65,Suburban,4,28464.85,2741.57,21.0,Female,0
68312.74,Employed,522.0,Bachelor,34,Urban,5,34373.77,2272.68,62.0,Male,1
78712.37,Employed,565.0,Master,61,Suburban,4,22506.93,3859.9,42.0,Male,1
61447.09,Employed,576.0,Bachelor,21,Urban,3,38096.68,2126.3,48.0,Male,1
73177.47,Employed,624.0,Bachelor,34,Urban,4,30271.74,2058.02,36.0,Female,1
46920.91,Employed,551.0,High School,34,Urban,4,25762.64,536.2,43.0,Female,1
49336.64,Employed,654.0,Bachelor,36,Suburban,1,17776.47,1670.0,74.0,Male,0
78580.17,Self-Employed,555.0,Master,40,Suburban,1,14909.99,3688.79,48.0,Male,0
46140.67,Employed,572.0,High School,54,Suburban,0,17615.35,637.66,30.0,Female,1
48678.97,Self-Employed,493.0,High School,40,Rural,4,19352.12,1149.21,21.0,Male,1
61728.24,Employed,634.0,High School,47,Suburban,0,13115.26,1376.46,37.0,Female,1
38084.75,Student,589.0,High School,26,Suburban,0,15889.39,1078.83,10.0,Male,0
48761.27,Employed,575.0,Bachelor,21,Rural,4,15260.66,2052.84,68.0,Female,1
41969.06,Unemployed,455.0,Master,38,Urban,0,14384.4,2395.35,36.0,Male,0
77925.21,Employed,616.0,Bachelor,27,Urban,5,14949.71,1211.52,26.0,Male,1
44874.1,Employed,500.0,High School,25,Urban,1,17022.37,2571.46,45.0,Female,0
54233.49,Employed,571.0,Bachelor,24,Suburban,5,16351.17,2511.2,58.0,Female,1
51303.61,Unemployed,481.0,Master,33,Suburban,3,15831.47,1745.12,40.0,Male,0
46241.78,Unemployed,551.0,Bachelor,29,Urban,0,18123.92,1414.69,60.0,Male,0
56205.49,Self-Employed,538.0,High School,27,Rural,4,4312.72,1253.58,34.0,Female,1
57952.71,Employed,521.0,Master,34,Rural,5,8382.49,1435.96,29.0,Female,1
74645.77,Employed,606.0,High School,32,Urban,5,22359.69,2170.61,45.0,Male,1
66268.65,Employed,566.0,Master,64,Urban,5,13852.26,2569.75,45.0,Male,1
69561.42,Self-Employed,563.0,Master,49,Urban,1,9847.82,1952.88,60.0,Female,1
63243.39,Employed,597.0,Master,51,Urban,1,32069.89,2462.86,60.0,Female,1
54397.1,Unemployed,637.0,High School,51,Rural,1,9631.31,2778.21,41.0,Female,0
39740.45,Self-Employed,542.0,High School,23,Suburban,3,12933.67,950.35,14.0,Female,1
66097.02,Employed,486.0,Master,43,Urban,4,18250.75,4026.28,65.0,Male,1
54721.11,Self-Employed,481.0,Bachelor,48,Suburban,5,9593.8,1302.21,22.0,Female,1
53998.4,Employed,553.0,Bachelor,63,Urban,2,12224.93,2243.64,44.0,Female,1
62717.32,Employed,609.0,Bachelor,40,Urban,2,10229.44,3002.43,58.0,Female,1
72436.32,Employed,583.0,High School,33,Urban,5,9700.64,3654.74,83.0,Male,0
61209.57,Employed,584.0,Bachelor,54,Suburban,5,12827.08,3464.68,88.0,Male,1
65764.05,Employed,564.0,Master,29,Suburban,2,20588.97,2897.94,56.0,Female,1
49562.75,Self-Employed,587.0,Bachelor,60,Rural,3,13931.83,346.82,5.0,Male,1
48423.9,Self-Employed,570.0,Bachelor,37,Urban,1,14437.52,1433.9,24.0,Female,0
76447.95,Employed,537.0,PhD,23,Suburban,2,10732.68,2777.4,46.0,Male,1
43113.99,Student,555.0,Bachelor,36,Urban,4,27827.24,2481.1,42.0,Female,1
47598.93,Unemployed,472.0,High School,65,Urban,0,7940.44,2393.52,49.0,Female,0
40613.83,Employed,551.0,Bachelor,40,Rural,1,8198.89,1591.31,45.0,Male,1
72818.02,Employed,564.0,High School,23,Suburban,0,20412.86,3278.57,32.0,Male,1
35797.77,Unemployed,532.0,Bachelor,37,Urban,1,21917.56,842.66,49.0,Female,0
57228.02,Employed,570.0,Bachelor,53,Suburban,4,23674.51,2650.97,33.0,Female,1
35027.45,Employed,536.0,High School,23,Suburban,5,0.0,1399.96,45.0,Male,0
36429.05,Student,589.0,High School,61,Rural,1,5262.61,1486.49,72.0,Female,0
38592.85,Self-Employed,530.0,Bachelor,54,Suburban,5,18092.85,1071.05,24.0,Female,1
39600.85,Unemployed,538.0,High School,54,Urban,2,23541.94,1988.48,47.0,Male,0
43135.49,Unemployed,595.0,Bachelor,54,Suburban,1,6992.54,1884.84,38.0,Male,0
49115.68,Employed,629.0,High School,27,Urban,5,8860.97,2559.85,32.0,Male,1
29020.89,Self-Employed,514.0,Bachelor,57,Urban,3,0.0,699.99,40.0,Male,0
79409.37,Unemployed,564.0,Master,30,Suburban,1,4610.14,4404.43,45.0,Male,0
35187.13,Employed,503.0,High School,27,Suburban,1,8652.48,1590.18,56.0,Male,0
70091.2,Employed,594.0,Master,22,Urban,2,20126.48,2039.71,55.0,Female,1
40052.91,Employed,521.0,High School,27,Suburban,0,0.0,1436.03,69.0,Male,1
68720.05,Self-Employed,493.0,Bachelor,26,Suburban,5,26427.41,1969.81,57.0,Female,1
51307.7,Self-Employed,597.0,Bachelor,60,Suburban,3,14638.46,2492.69,58.0,Male,0
22720.38,Unemployed,542.0,High School,23,Urban,5,6513.4,784.23,7.0,Male,0
58927.35,Employed,609.0,High School,50,Urban,1,39090.55,2905.33,64.0,Female,1
44920.64,Self-Employed,598.0,Master,23,Urban,4,10186.03,2518.67,60.0,Female,0
63800.82,Employed,573.0,Master,64,Urban,4,5796.19,1884.76,33.0,Male,1
73353.68,Student,590.0,PhD,46,Urban,2,19875.78,1800.99,72.0,Male,1
92602.64,Employed,651.0,Master,44,Urban,2,30874.38,5101.94,75.0,Male,1
41563.83,Self-Employed,478.0,Bachelor,24,Urban,0,18114.72,1866.78,48.0,Female,0
44826.62,Employed,521.0,High School,60,Urban,4,16507.83,2176.8,58.0,Male,0
52282.07,Employed,545.0,High School,40,Rural,4,18139.6,2359.33,54.0,Male,1
29038.65,Employed,556.0,Bachelor,27,Suburban,3,11798.33,867.42,42.0,Male,1
70364.36,Unemployed,549.0,Master,52,Urban,5,32456.24,3586.41,50.0,Male,0
28007.54,Employed,481.0,High School,63,Rural,3,4447.55,1653.03,63.0,Female,0
23438.85,Unemployed,487.0,High School,21,Urban,4,10531.51,688.65,16.0,Female,0
65912.67,Employed,588.0,Bachelor,30,Urban,5,33297.04,2951.52,53.0,Male,1
63768.55,Employed,561.0,Master,49,Rural,2,17173.76,3420.18,75.0,Male,1
47545.76,Employed,476.0,Bachelor,23,Urban,3,3511.4,2432.7,49.0,Male,1
95821.88,Employed,554.0,Master,55,Urban,3,31916.21,4185.36,68.0,Male,1
19373.01,Employed,507.0,Bachelor,48,Urban,5,10939.37,367.98,37.0,Female,1
38169.89,Employed,535.0,Bachelor,45,Suburban,4,19456.12,938.2,24.0,Female,1
45448.38,Employed,539.0,Bachelor,35,Suburban,1,22936.66,1916.84,59.0,Female,0
51754.43,Employed,526.0,Master,42,Urban,5,28289.09,2629.61,71.0,Female,1
84293.3,Employed,629.0,Master,24,Urban,4,25094.06,4167.58,47.0,Female,1
33124.84,Employed,537.0,Bachelor,53,Urban,0,1808.79,1544.7,51.0,Female,0
72361.95,Self-Employed,592.0,High School,48,Suburban,4,23225.5,2960.27,54.0,Male,1
49827.99,Employed,561.0,High School,44,Urban,1,12737.24,2429.13,41.0,Male,1
26585.86,Employed,583.0,High School,56,Rural,1,16217.92,1692.56,61.0,Male,0
15486.44,Employed,449.0,High School,43,Suburban,2,0.0,443.97,34.0,Female,0
50773.04,Employed,527.0,High School,39,Urban,1,14095.82,1922.95,29.0,Male,0
44470.45,Employed,522.0,Bachelor,57,Suburban,4,2323.26,2697.45,43.0,Female,0
69547.42,Employed,629.0,Master,63,Urban,1,31053.6,3999.9,53.0,Female,1
59241.42,Employed,541.0,Master,58,Urban,5,16481.97,2183.08,36.0,Female,0
64337.04,Unemployed,529.0,Master,43,Urban,0,3723.42,1517.85,34.0,Male,0
70862.63,Self-Employed,570.0,PhD,37,Suburban,1,30990.88,3843.06,36.0,Male,1
68641.37,Employed,576.0,PhD,26,Suburban,2,18527.07,3137.75,46.0,Male,1
57598.81,Employed,609.0,High School,39,Rural,3,26396.69,2503.91,50.0,Female,1
53422.54,Employed,532.0,High School,58,Urban,5,11228.63,1860.33,30.0,Female,0
61619.48,Employed,530.0,High School,57,Urban,3,21068.09,1745.71,27.0,Female,1
69229.91,Student,531.0,Master,26,Suburban,3,25405.1,2445.41,32.0,Male,1
49592.99,Employed,529.0,High School,45,Urban,0,1613.23,1046.73,38.0,Male,0
62573.72,Employed,678.0,Bachelor,51,Urban,0,24832.35,1853.93,36.0,Male,1
43657.06,Unemployed,553.0,Bachelor,51,Rural,4,19792.03,527.53,12.0,Female,0
8000.0,Unemployed,512.0,Bachelor,60,Rural,3,0.0,100.0,16.0,Female,0
53473.49,Employed,550.0,Bachelor,24,Rural,2,6312.97,1309.99,40.0,Male,1
60626.99,Self-Employed,566.0,Master,41,Urban,3,13541.8,2820.72,43.0,Female,1
65610.79,Self-Employed,602.0,Bachelor,25,Urban,5,22798.06,1425.62,40.0,Male,1
51983.35,Self-Employed,573.0,Master,53,Urban,2,23540.63,1558.11,66.0,Female,0
63431.71,Employed,580.0,High School,44,Rural,3,22740.68,1259.75,45.0,Male,1
38933.55,Unemployed,530.0,Master,40,Urban,3,12154.35,1576.43,14.0,Male,0
51114.74,Employed,530.0,Bachelor,57,Urban,4,27457.39,1645.89,33.0,Female,1
44033.85,Employed,555.0,High School,59,Urban,1,10866.89,690.36,43.0,Male,1
93448.23,Employed,610.0,PhD,35,Suburban,0,44261.44,3771.04,43.0,Male,1
35716.35,Employed,620.0,Master,57,Suburban,5,12605.9,1505.51,27.0,Male,1
93803.2,Employed,654.0,Master,64,Suburban,2,7860.15,2351.19,60.0,Male,1
88100.56,Employed,569.0,Master,23,Urban,3,8160.75,4974.34,53.0,Female,1
46527.02,Employed,487.0,Bachelor,55,Suburban,2,30082.63,2511.04,34.0,Female,1
50403.86,Student,527.0,High School,26,Urban,1,8762.1,1869.59,31.0,Female,0
55951.35,Employed,504.0,High School,56,Urban,1,21072.61,3382.87,77.0,Male,1
90793.67,Employed,582.0,Master,51,Urban,4,4658.7,5025.87,42.0,Female,0
61259.81,Unemployed,517.0,Master,58,Suburban,3,32313.68,2339.43,43.0,Male,0
110897.17,Employed,617.0,PhD,46,Urban,3,28431.29,6166.18,63.0,Male,1
37567.8,Self-Employed,513.0,Master,32,Rural,4,10049.66,1198.4,51.0,Male,1
57870.18,Employed,562.0,Bachelor,52,Suburban,1,5898.23,1145.83,28.0,Female,1
24138.45,Employed,498.0,High School,35,Urban,2,6445.57,611.34,25.0,Female,0
39219.29,Employed,489.0,High School,22,Suburban,3,20365.04,770.25,50.0,Female,1
92744.79,Employed,660.0,Bachelor,26,Suburban,4,30579.77,2903.78,86.0,Male,1
75023.01,Self-Employed,598.0,Master,60,Urban,0,38356.11,1244.2,32.0,Male,1
61768.12,Employed,537.0,High School,38,Suburban,1,9122.85,2319.25,37.0,Female,0
73709.08,Employed,539.0,Master,27,Urban,1,16224.56,2551.87,85.0,Female,1
68756.93,Employed,505.0,Bachelor,22,Urban,1,38304.28,1946.2,39.0,Male,1
49164.78,Self-Employed,474.0,Bachelor,22,Suburban,5,18291.2,1729.03,38.0,Male,1
56370.36,Employed,601.0,Master,54,Suburban,1,23804.42,1983.31,48.0,Male,1
47762.63,Self-Employed,584.0,Bachelor,26,Urban,4,10392.04,3182.08,57.0,Female,0
27044.09,Self-Employed,486.0,Master,57,Urban,4,8116.63,692.04,42.0,Male,1
53769.42,Employed,611.0,Bachelor,46,Suburban,4,20926.87,3182.08,65.0,Female,1
45597.75,Unemployed,566.0,Bachelor,30,Urban,0,7588.0,2636.08,27.0,Male,0
13711.7,Unemployed,502.0,High School,61,Rural,0,7613.81,397.85,34.0,Female,0
57039.77,Employed,593.0,Bachelor,43,Suburban,0,0.0,851.09,56.0,Male,0
70875.73,Employed,602.0,Master,38,Rural,5,43280.06,4087.17,21.0,Male,1
91272.04,Employed,610.0,PhD,51,Urban,0,49637.16,1938.32,25.0,Male,1
25032.85,Unemployed,498.0,Master,50,Rural,4,918.6,234.33,47.0,Male,0
38078.36,Employed,523.0,High School,54,Urban,2,17395.12,1695.04,45.0,Female,0
89294.39,Employed,528.0,PhD,48,Urban,5,33989.81,3734.99,44.0,Male,1
38835.11,Unemployed,493.0,High School,64,Urban,2,24582.86,864.73,44.0,Female,0
74165.98,Employed,660.0,High School,39,Urban,2,21379.35,2574.14,54.0,Male,1
82543.88,Employed,554.0,Master,30,Rural,2,14427.9,3814.08,41.0,Male,1
97223.1,Self-Employed,529.0,Master,26,Suburban,4,54764.05,2751.31,48.0,Female,1
60608.51,Self-Employed,600.0,Master,32,Suburban,4,36392.42,3105.19,33.0,Male,1
86678.46,Employed,608.0,Master,55,Suburban,5,24629.07,2949.17,67.0,Female,1
33199.78,Employed,534.0,High School,59,Suburban,2,11042.57,1563.6,19.0,Female,0
80910.79,Self-Employed,582.0,High School,34,Suburban,5,34795.81,3575.18,51.0,Female,1
53820.45,Employed,591.0,High School,25,Rural,0,5836.57,3122.22,63.0,Male,1
52130.3,Student,616.0,Bachelor,53,Suburban,3,24525.15,2381.2,77.0,Male,0
69848.88,Employed,549.0,Bachelor,56,Suburban,3,37769.62,1945.34,42.0,Female,1
31669.55,Self-Employed,547.0,High School,23,Urban,0,4727.01,699.19,80.0,Male,0
36878.67,Self-Employed,576.0,Bachelor,27,Rural,1,0.0,2585.84,31.0,Male,0
63735.1,Employed,538.0,Bachelor,36,Urban,5,4475.46,1508.2,51.0,Male,1
71185.79,Employed,643.0,Master,41,Urban,0,42198.52,2330.27,36.0,Female,1
67238.31,Student,619.0,Bachelor,25,Rural,3,34687.64,2534.4,72.0,Female,1
41762.0,Self-Employed,477.0,Bachelor,47,Urban,4,8736.64,1139.83,39.0,Female,0
81102.89,Employed,661.0,Bachelor,43,Urban,5,39187.08,1230.05,26.0,Female,1
58016.16,Employed,503.0,Bachelor,55,Urban,1,33400.24,1514.82,61.0,Male,0
45807.14,Employed,508.0,High School,63,Urban,3,29512.66,1822.73,38.0,Female,1
44542.36,Employed,568.0,High School,26,Rural,4,12785.8,2831.37,30.0,Male,0
54420.84,Employed,598.0,Master,41,Rural,5,28736.66,2441.98,42.0,Female,1
74298.07,Employed,584.0,Master,58,Suburban,3,4317.75,2386.85,62.0,Male,1
37075.85,Employed,498.0,High School,21,Rural,1,10913.92,1227.32,39.0,Female,0
35843.14,Self-Employed,513.0,Bachelor,59,Suburban,5,12682.66,1474.09,36.0,Male,0
35982.86,Student,508.0,Bachelor,38,Rural,5,3719.39,468.21,37.0,Male,0
45849.58,Student,577.0,High School,56,Urban,2,0.0,1132.69,5.0,Male,0
9965.08,Unemployed,469.0,High School,48,Suburban,2,5811.5,100.0,78.0,Male,0
86727.45,Employed,568.0,PhD,63,Urban,3,24409.15,3939.68,54.0,Male,1
75707.79,Employed,515.0,Bachelor,27,Urban,4,28013.76,3754.42,68.0,Female,1
73198.96,Employed,551.0,High School,60,Suburban,3,38930.08,3182.97,73.0,Male,1
71064.96,Employed,569.0,Master,46,Urban,4,19803.08,2265.99,30.0,Female,1
11930.24,Unemployed,439.0,Bachelor,55,Suburban,4,1627.64,100.0,16.0,Male,0
62714.3,Self-Employed,484.0,Bachelor,55,Suburban,1,28485.47,1797.83,68.0,Female,1
66507.57,Self-Employed,612.0,High School,47,Urban,1,32247.56,2266.39,34.0,Male,1
39551.99,Employed,485.0,High School,41,Urban,5,8666.38,1616.44,37.0,Female,0
45909.76,Employed,480.0,High School,57,Suburban,3,19496.69,2527.22,36.0,Female,0
58253.99,Unemployed,627.0,PhD,43,Rural,1,26729.84,1804.89,1.0,Male,0
84808.91,Employed,633.0,Bachelor,64,Urban,3,43498.56,2603.7,45.0,Female,1
59162.25,Employed,604.0,Master,51,Rural,1,7772.07,2425.91,46.0,Male,1
58368.84,Self-Employed,579.0,High School,49,Rural,0,25660.54,2286.15,62.0,Male,1
65744.46,Self-Employed,626.0,Master,47,Suburban,2,25223.24,1113.14,34.0,Female,1
60991.41,Employed,600.0,Bachelor,31,Urban,0,13869.28,1209.37,32.0,Female,1
78957.04,Employed,570.0,Bachelor,54,Suburban,5,36728.68,2705.96,56.0,Male,1
40528.67,Self-Employed,483.0,Bachelor,32,Rural,5,5761.9,2305.51,60.0,Male,0
46456.1,Student,482.0,Bachelor,48,Urban,1,7898.8,1948.83,27.0,Female,0
43407.78,Employed,529.0,High School,56,Rural,3,622.49,2512.94,18.0,Female,0
18396.2,Self-Employed,450.0,High School,41,Rural,2,1483.45,100.0,69.0,Female,0
81488.75,Employed,554.0,Master,65,Suburban,3,8680.72,3260.91,75.0,Female,1
57435.26,Self-Employed,548.0,High School,28,Suburban,3,34227.63,1982.96,35.0,Female,1
51508.19,Employed,610.0,High School,30,Suburban,4,8410.14,1733.34,38.0,Male,1
39079.32,Unemployed,461.0,Master,34,Suburban,4,0.0,1746.31,43.0,Female,0
45003.33,Self-Employed,539.0,High School,64,Rural,0,22806.87,1010.4,27.0,Male,1
68610.57,Employed,515.0,Bachelor,45,Urban,5,29059.57,3239.2,42.0,Female,0
70793.43,Employed,549.0,Master,33,Urban,1,25961.22,2440.37,45.0,Male,1
35987.49,Unemployed,566.0,Master,64,Urban,3,16551.11,607.94,16.0,Female,0
35243.81,Employed,485.0,High School,39,Rural,3,14865.71,397.71,72.0,Female,1
59818.13,Self-Employed,547.0,Bachelor,32,Urban,3,25517.31,2347.52,21.0,Male,1
37011.1,Employed,532.0,Bachelor,61,Rural,4,7846.29,979.43,8.0,Female,0
63999.86,Employed,596.0,Bachelor,27,Suburban,0,23286.79,2926.05,63.0,Male,1
52104.76,Self-Employed,523.0,Master,64,Urban,3,25109.13,2278.26,40.0,Female,1
56684.93,Employed,611.0,PhD,23,Rural,2,16604.39,2767.75,55.0,Male,1
78896.98,Unemployed,566.0,High School,46,Suburban,2,5176.35,1866.81,44.0,Male,0
83097.77,Employed,614.0,High School,47,Urban,0,17561.9,4655.71,52.0,Male,1
72159.18,Employed,568.0,Master,63,Urban,3,19322.13,2731.03,47.0,Male,1
74765.24,Employed,613.0,Bachelor,62,Urban,1,6140.72,3430.64,58.0,Male,0
81314.22,Employed,681.0,Master,58,Urban,4,33214.33,4844.3,76.0,Female,1
46868.34,Self-Employed,528.0,High School,62,Urban,2,19029.03,2115.84,34.0,Female,1
51241.34,Employed,546.0,High School,59,Suburban,2,8512.34,2062.94,52.0,Female,1
58067.44,Employed,537.0,Bachelor,44,Urban,3,15013.41,1624.79,36.0,Male,1
81835.06,Student,564.0,PhD,60,Urban,3,21768.44,4359.55,51.0,Male,1
73041.5,Employed,546.0,High School,55,Urban,4,22995.24,4693.33,45.0,Male,1
89428.78,Employed,600.0,Master,38,Urban,0,3051.57,2543.31,43.0,Female,1
34989.98,Unemployed,488.0,Bachelor,60,Rural,4,18682.46,1670.54,25.0,Female,0
84517.07,Self-Employed,560.0,High School,22,Urban,1,3200.82,5358.3,44.0,Male,0
56854.73,Employed,412.0,Bachelor,25,Urban,1,32512.92,1766.25,30.0,Female,0
66703.96,Student,631.0,High School,28,Suburban,4,8435.03,3667.63,19.0,Male,1
48050.5,Employed,616.0,Bachelor,45,Rural,0,26238.18,1209.39,26.0,Male,1
31538.4,Employed,547.0,High School,24,Suburban,2,5552.27,626.96,30.0,Male,0
85417.12,Employed,556.0,Bachelor,31,Rural,3,42442.78,3257.6,56.0,Male,1
37905.66,Student,470.0,High School,31,Rural,4,19397.52,1261.64,20.0,Female,0
70786.84,Employed,504.0,Master,31,Suburban,5,47098.8,3320.28,51.0,Female,1
37592.73,Unemployed,556.0,Master,23,Rural,4,16288.08,1412.66,47.0,Male,0
45322.76,Employed,595.0,Bachelor,31,Urban,1,3712.31,2545.75,43.0,Female,0
39746.22,Employed,537.0,Bachelor,33,Rural,2,12140.22,1436.55,45.0,Female,0
49078.21,Unemployed,582.0,PhD,55,Rural,0,25089.65,2106.78,48.0,Female,0
25746.99,Student,530.0,High School,47,Rural,4,14521.3,1507.7,37.0,Female,0
37891.3,Employed,493.0,Master,35,Suburban,0,11792.75,2326.8,36.0,Male,0
80406.39,Employed,633.0,Bachelor,27,Suburban,0,20029.91,4529.33,60.0,Female,1
61704.33,Self-Employed,604.0,Master,44,Urban,5,5061.59,1775.01,27.0,Male,0
65576.14,Employed,522.0,High School,35,Suburban,0,17543.96,3349.46,17.0,Female,0
43415.28,Employed,572.0,High School,52,Urban,1,12334.54,1769.4,32.0,Male,0
57322.64,Employed,548.0,Bachelor,31,Suburban,2,28596.26,1623.22,34.0,Female,1
50584.67,Student,534.0,High School,65,Suburban,0,10051.24,1231.1,43.0,Male,0
66515.19,Employed,586.0,High School,25,Urban,3,19280.77,1958.08,46.0,Male,1
69980.59,Employed,589.0,PhD,58,Urban,1,8444.6,3739.07,43.0,Female,1
57639.41,Employed,596.0,High School,51,Urban,1,0.0,1946.63,45.0,Female,1
61139.2,Employed,522.0,High School,51,Suburban,3,30236.54,1359.49,55.0,Male,1
44781.06,Employed,563.0,High School,61,Suburban,1,3838.47,2711.99,45.0,Female,0
38294.23,Employed,476.0,Bachelor,41,Suburban,1,18533.18,1579.31,28.0,Female,1
52631.5,Employed,540.0,Bachelor,53,Urban,5,0.0,2605.86,41.0,Male,0
37311.57,Employed,521.0,High School,44,Rural,3,17435.21,1288.31,51.0,Female,1
67390.88,Employed,613.0,Master,51,Suburban,5,6889.65,1398.49,20.0,Male,1
69885.71,Unemployed,573.0,Master,45,Urban,2,31965.59,3763.22,63.0,Female,0
67612.24,Employed,558.0,High School,65,Urban,5,34665.09,3758.49,45.0,Male,1
54759.04,Employed,616.0,Master,35,Suburban,5,11023.63,1607.93,59.0,Male,1
85547.83,Employed,576.0,Bachelor,53,Urban,0,32885.17,2867.21,53.0,Female,1
56817.55,Employed,533.0,Bachelor,28,Urban,0,29793.52,2148.22,54.0,Female,1
74084.28,Self-Employed,495.0,Master,23,Urban,4,12125.58,3373.77,65.0,Female,0
49915.2,Self-Employed,535.0,Master,52,Urban,1,20993.58,1382.53,57.0,Female,1
49216.45,Self-Employed,501.0,Bachelor,30,Urban,4,13070.09,924.67,51.0,Female,1
73569.08,Employed,567.0,Bachelor,21,Urban,2,33280.1,3970.04,40.0,Female,0
14816.91,Student,505.0,High School,49,Rural,1,1800.55,100.0,46.0,Female,0
59827.57,Employed,510.0,Bachelor,48,Suburban,1,22570.66,2246.99,25.0,Male,1
69063.66,Employed,535.0,Bachelor,49,Urban,1,39085.2,2048.88,26.0,Male,0
35655.95,Employed,452.0,High School,41,Suburban,3,20583.1,1404.01,40.0,Male,0
36337.03,Employed,502.0,Master,58,Suburban,0,4861.25,1278.74,59.0,Female,1
75610.77,Employed,539.0,Bachelor,21,Urban,1,13724.08,1513.72,40.0,Male,1
96950.74,Employed,708.0,High School,28,Urban,4,25843.62,3621.39,40.0,Male,1
70882.99,Self-Employed,642.0,Master,37,Urban,1,18939.56,2390.23,55.0,Female,1
74761.21,Self-Employed,640.0,Master,65,Suburban,3,19067.07,2304.47,39.0,Male,1
45738.92,Employed,480.0,Bachelor,53,Suburban,1,14730.46,547.61,44.0,Male,0
80045.12,Employed,580.0,Bachelor,44,Urban,0,46828.52,3890.69,55.0,Female,1
57348.51,Employed,501.0,Master,63,Suburban,2,35197.92,2364.27,32.0,Female,1
68455.76,Unemployed,654.0,PhD,62,Rural,1,10409.18,2140.7,62.0,Male,0
63109.46,Employed,601.0,High School,25,Urban,4,16214.88,3701.98,28.0,Male,1
68475.45,Employed,524.0,Bachelor,44,Suburban,4,26981.7,1445.46,28.0,Male,1
71899.59,Employed,593.0,Master,63,Suburban,5,12596.75,2478.72,56.0,Female,1
79421.53,Employed,520.0,PhD,29,Suburban,3,8476.81,3005.5,92.0,Female,1
55250.85,Employed,546.0,High School,28,Suburban,0,34801.61,1674.78,16.0,Male,1
67538.95,Self-Employed,562.0,Bachelor,36,Suburban,5,34086.7,1779.78,41.0,Female,1
39109.27,Unemployed,562.0,Master,64,Urban,5,17876.32,1076.89,4.0,Male,0
35417.69,Student,568.0,High School,30,Urban,0,21601.95,1978.63,42.0,Male,1
73021.33,Employed,578.0,Bachelor,49,Rural,2,34950.15,3023.23,40.0,Female,1
64593.6,Employed,555.0,Bachelor,32,Urban,5,29253.62,2048.08,45.0,Male,1
48110.9,Self-Employed,396.0,Bachelor,54,Rural,4,17404.97,1386.31,62.0,Male,0
85523.04,Employed,666.0,Master,61,Urban,1,16928.26,2503.39,60.0,Male,1
59561.47,Employed,529.0,High School,22,Suburban,3,4957.61,1704.49,37.0,Female,0
41502.71,Self-Employed,537.0,Master,37,Suburban,1,12236.61,869.21,49.0,Female,0
60948.97,Employed,662.0,High School,47,Urban,5,12124.89,2631.49,49.0,Female,1
65060.07,Employed,512.0,Master,29,Rural,5,28228.43,1370.66,26.0,Male,1
72678.52,Employed,578.0,Bachelor,49,Urban,4,23236.76,1977.0,43.0,Male,1
47160.57,Employed,563.0,High School,37,Suburban,1,33311.65,2540.24,54.0,Female,1
81964.51,Employed,639.0,PhD,22,Suburban,2,22720.25,2508.71,103.0,Male,1
31535.01,Employed,518.0,Master,48,Rural,3,9999.72,1341.82,61.0,Female,0
41575.97,Employed,585.0,Bachelor,22,Suburban,5,7357.73,1240.48,51.0,Female,1
38101.52,Unemployed,509.0,High School,30,Rural,2,3214.04,1686.66,16.0,Male,0
70321.55,Unemployed,598.0,Bachelor,28,Rural,3,23224.47,2699.91,51.0,Female,0
63509.13,Unemployed,583.0,PhD,23,Urban,4,6926.47,2944.13,71.0,Male,0
16607.93,Unemployed,493.0,High School,39,Rural,2,10825.6,256.74,44.0,Male,0
61031.15,Employed,575.0,Master,60,Rural,1,5184.83,1160.03,58.0,Female,0
48598.64,Employed,503.0,Bachelor,34,Urban,2,25435.62,899.05,47.0,Male,0
73747.35,Employed,565.0,Bachelor,31,Suburban,2,21577.45,3839.07,69.0,Female,1
58721.2,Employed,499.0,Bachelor,57,Urban,0,14014.21,3080.09,24.0,Female,1
60798.12,Self-Employed,540.0,High School,63,Suburban,0,37719.86,1715.59,68.0,Female,1
63698.18,Employed,615.0,Master,34,Urban,4,28594.73,1491.7,55.0,Female,1
53129.41,Student,568.0,High School,23,Suburban,5,11683.64,1221.61,59.0,Male,0
45646.07,Employed,552.0,Master,55,Urban,4,16877.41,1245.59,43.0,Male,1
47367.17,Employed,469.0,High School,50,Suburban,5,5455.58,1857.64,52.0,Female,0
38093.83,Unemployed,542.0,High School,65,Urban,5,15706.68,1506.33,53.0,Female,0
62974.74,Employed,560.0,Master,50,Suburban,4,26128.47,2435.83,45.0,Male,1
62392.65,Self-Employed,586.0,Bachelor,62,Suburban,0,27699.64,670.5,26.0,Male,1
54138.16,Self-Employed,613.0,High School,28,Suburban,5,13001.83,1979.17,28.0,Male,1
75732.5,Self-Employed,563.0,Bachelor,28,Urban,2,0.0,3743.57,52.0,Male,0
39322.9,Unemployed,515.0,High School,50,Urban,3,8996.4,2352.3,34.0,Female,0
75893.92,Employed,623.0,Master,54,Urban,5,41921.82,3388.12,41.0,Male,1
56191.95,Employed,526.0,High School,38,Rural,0,31136.06,2157.33,68.0,Female,1
17704.22,Unemployed,502.0,Bachelor,40,Urban,1,4211.04,818.79,63.0,Female,0
35713.85,Employed,434.0,High School,38,Suburban,0,7431.28,177.43,31.0,Female,0
41221.11,Employed,518.0,Bachelor,23,Urban,2,20911.59,649.02,58.0,Male,1
75229.03,Employed,639.0,Master,60,Suburban,4,20241.25,3607.77,50.0,Male,1
72207.21,Employed,591.0,Master,61,Urban,2,37826.86,3809.53,48.0,Female,1
75779.43,Employed,622.0,Bachelor,63,Suburban,3,38045.07,4511.44,63.0,Female,1
44274.99,Student,579.0,High School,43,Urban,1,23939.44,1674.4,32.0,Male,0
40524.48,Employed,592.0,High School,28,Urban,1,18202.08,784.24,34.0,Female,0
72010.01,Employed,560.0,Master,39,Urban,3,10143.53,3882.34,75.0,Male,1
21868.68,Employed,547.0,High School,51,Urban,0,2801.75,766.55,44.0,Female,0
52876.61,Employed,650.0,Bachelor,28,Suburban,2,26216.66,1147.43,46.0,Male,1
19793.46,Employed,500.0,Bachelor,27,Rural,5,29.13,407.93,34.0,Male,1
73927.81,Self-Employed,519.0,PhD,65,Suburban,3,10457.94,2778.86,44.0,Female,1
50810.52,Employed,519.0,Bachelor,22,Rural,0,26978.42,2779.56,51.0,Male,1
57015.86,Employed,576.0,Bachelor,47,Suburban,2,2112.76,1418.89,54.0,Male,1
56026.24,Employed,478.0,Master,27,Urban,2,24737.37,3688.46,59.0,Male,1
67967.15,Employed,536.0,PhD,21,Urban,4,23359.35,1796.72,53.0,Male,1
48389.25,Unemployed,527.0,Bachelor,49,Urban,4,5804.42,1200.12,14.0,Female,0
28458.95,Unemployed,519.0,Master,29,Urban,5,6176.24,465.35,22.0,Male,0
56585.32,Self-Employed,635.0,Bachelor,53,Rural,3,16833.4,2220.72,37.0,Female,0
22831.67,Unemployed,537.0,Bachelor,58,Suburban,1,8078.23,799.58,46.0,Female,0
25784.96,Employed,460.0,High School,43,Suburban,0,924.17,1104.7,46.0,Male,0
57395.16,Unemployed,729.0,Bachelor,28,Suburban,0,27241.71,1041.51,50.0,Male,0
77937.71,Employed,584.0,Bachelor,63,Urban,3,44598.18,3247.38,46.0,Female,1
36907.98,Self-Employed,450.0,High School,37,Suburban,3,2740.65,1663.98,45.0,Female,0
41760.88,Employed,486.0,High School,55,Urban,2,16076.41,1757.37,70.0,Female,0
62236.88,Employed,516.0,Master,29,Urban,4,16901.8,2945.33,50.0,Female,1
41849.02,Employed,472.0,High School,28,Urban,1,13504.94,2145.05,18.0,Male,0
52492.29,Employed,571.0,Bachelor,51,Urban,4,32976.96,2891.27,57.0,Male,1
61750.91,Employed,441.0,Bachelor,30,Suburban,3,3723.63,1330.88,59.0,Female,0
93108.41,Employed,650.0,Bachelor,44,Urban,1,49080.76,3487.13,70.0,Male,1
29679.35,Student,552.0,High School,47,Urban,5,9700.01,1717.41,39.0,Female,0
70346.56,Employed,553.0,Bachelor,26,Rural,5,23718.93,4151.18,52.0,Male,1
56293.38,Employed,595.0,Bachelor,35,Rural,4,31579.22,2997.01,61.0,Female,1
33916.47,Employed,472.0,Bachelor,29,Suburban,3,13320.21,934.85,42.0,Male,0
66633.46,Employed,530.0,Master,21,Suburban,0,32596.64,2802.58,57.0,Male,1
64749.22,Employed,590.0,Master,63,Suburban,5,4818.15,1849.96,36.0,Male,1
75968.07,Employed,572.0,High School,22,Urban,1,24250.93,1851.43,50.0,Male,1
88577.3,Employed,572.0,Master,58,Urban,4,20016.43,3734.2,46.0,Female,1
67652.0,Employed,565.0,Bachelor,39,Urban,2,21469.24,4035.37,52.0,Male,1
88213.89,Employed,659.0,Master,33,Urban,4,15560.92,4756.66,43.0,Male,1
44804.6,Employed,595.0,High School,44,Rural,0,17033.06,1634.18,31.0,Male,1
55790.34,Unemployed,572.0,Bachelor,62,Suburban,1,15674.07,2761.2,27.0,Male,0
32505.06,Unemployed,504.0,Bachelor,50,Rural,0,5460.74,1199.0,17.0,Female,0
75465.12,Employed,604.0,Bachelor,24,Suburban,4,35805.39,2258.1,32.0,Male,1
86991.16,Self-Employed,559.0,PhD,55,Suburban,1,17634.43,4182.37,62.0,Female,1
46746.76,Student,593.0,High School,55,Suburban,1,14496.8,748.88,42.0,Male,0
35876.18,Employed,567.0,High School,64,Suburban,0,19173.53,793.88,51.0,Female,1
52691.84,Employed,635.0,Bachelor,30,Suburban,0,14656.8,1625.23,36.0,Male,1
73283.83,Employed,542.0,Bachelor,58,Urban,3,29323.09,4253.78,34.0,Male,1
60401.91,Employed,518.0,High School,37,Suburban,2,28414.58,1403.89,47.0,Female,1
40375.85,Unemployed,556.0,Bachelor,37,Urban,0,16599.45,1636.99,43.0,Female,0
22315.63,Unemployed,493.0,High School,49,Suburban,5,13669.02,432.41,35.0,Female,0
72870.83,Employed,622.0,Master,45,Urban,1,8159.11,3038.0,34.0,Male,1
54822.86,Employed,611.0,Bachelor,31,Suburban,0,13270.11,3123.31,45.0,Male,0
25906.33,Unemployed,587.0,High School,30,Urban,0,15156.83,675.94,48.0,Female,0
91400.5,Employed,606.0,Bachelor,50,Urban,2,29112.8,4390.06,39.0,Male,1
55867.69,Employed,593.0,Master,64,Suburban,3,14920.47,3281.88,24.0,Female,1
73616.83,Employed,555.0,Master,31,Urban,0,17900.66,2503.97,50.0,Female,1
25293.86,Unemployed,519.0,High School,45,Rural,2,7864.88,704.93,26.0,Female,0
37601.79,Self-Employed,524.0,Bachelor,34,Urban,2,20651.54,1376.59,53.0,Female,0
29084.73,Self-Employed,510.0,High School,32,Urban,0,10515.06,892.25,34.0,Female,0
50783.24,Self-Employed,628.0,High School,56,Urban,3,26030.11,2059.99,30.0,Male,1
33709.58,Employed,461.0,Master,53,Rural,2,14471.37,1189.47,43.0,Male,0
90456.09,Employed,602.0,Master,42,Suburban,4,41753.41,4779.84,58.0,Female,1
28575.78,Unemployed,516.0,High School,42,Urban,0,0.0,936.72,39.0,Male,0
43352.13,Unemployed,564.0,Master,40,Urban,0,25012.67,1601.88,27.0,Male,0
85345.96,Employed,546.0,Master,65,Suburban,4,46224.74,3864.02,72.0,Male,1
56889.21,Employed,541.0,Master,63,Rural,1,33402.56,2319.21,38.0,Female,1
60765.65,Student,533.0,Master,24,Urban,2,32893.55,3050.62,72.0,Female,0
49411.23,Employed,442.0,Bachelor,57,Urban,2,18608.39,2574.38,22.0,Female,1
70681.5,Employed,626.0,Master,36,Urban,3,3931.79,1614.61,56.0,Male,1
68527.17,Employed,505.0,High School,50,Urban,4,33958.63,3869.38,62.0,Male,1
42072.8,Employed,461.0,Bachelor,63,Suburban,4,354.33,1345.03,37.0,Female,0
62916.03,Employed,606.0,Bachelor,39,Rural,5,32665.0,2057.54,20.0,Male,1
22752.33,Employed,491.0,Master,41,Rural,3,9659.46,1279.73,42.0,Female,0
65982.57,Employed,554.0,High School,49,Suburban,1,16479.13,1852.27,16.0,Female,1
53653.75,Employed,537.0,Bachelor,35,Urban,3,13462.51,741.16,32.0,Male,0
61715.14,Employed,610.0,Master,32,Rural,1,10567.59,1944.14,56.0,Male,1
60530.7,Employed,535.0,Bachelor,48,Urban,2,30421.39,1701.04,40.0,Male,1
35377.15,Employed,550.0,High School,30,Urban,0,15451.26,406.12,34.0,Female,0
31225.54,Employed,466.0,High School,50,Suburban,2,9086.47,741.05,59.0,Female,0
49820.17,Unemployed,559.0,Bachelor,32,Urban,3,12215.03,1814.42,46.0,Male,0
36525.03,Student,566.0,High School,25,Rural,1,5376.51,1130.0,66.0,Female,0
41720.9,Employed,596.0,Bachelor,25,Rural,0,9958.8,1969.0,40.0,Male,0
65115.96,Self-Employed,496.0,Bachelor,32,Suburban,0,22844.69,1756.42,59.0,Male,0
51368.41,Unemployed,533.0,Master,25,Suburban,0,22144.48,2549.63,45.0,Female,0
64326.71,Employed,637.0,Master,34,Urban,2,8312.63,3591.72,58.0,Male,1
14597.57,Unemployed,536.0,High School,39,Urban,5,8987.09,851.6,27.0,Male,0
62436.85,Employed,553.0,Master,32,Suburban,2,34998.77,1326.47,45.0,Female,1
72476.23,Employed,577.0,Master,45,Suburban,5,38064.67,2623.82,53.0,Male,1
58117.02,Employed,570.0,Master,38,Rural,0,0.0,1291.94,43.0,Female,0
53112.59,Employed,532.0,Bachelor,24,Urban,5,28295.58,1374.54,16.0,Male,1
59004.54,Self-Employed,582.0,High School,36,Urban,5,5950.98,3276.89,67.0,Male,0
78979.87,Self-Employed,608.0,Bachelor,21,Urban,0,,1401.57,47.0,Male,1
47445.55,Employed,491.0,Bachelor,53,Suburban,0,12051.06,2846.35,56.0,Male,0
54529.89,Employed,529.0,Bachelor,40,Suburban,3,,1878.87,67.0,Male,1
73147.14,Student,557.0,High School,47,Rural,1,35912.61,3183.89,50.0,Male,0
34363.01,Unemployed,511.0,High School,27,Urban,3,21451.48,1127.72,51.0,Female,0
37997.9,Self-Employed,540.0,Bachelor,40,Suburban,4,4578.2,1255.82,53.0,Male,0
46836.26,Employed,548.0,High School,57,Urban,0,14142.06,1786.52,40.0,Male,1
50646.19,Employed,513.0,Bachelor,30,Urban,4,0.0,754.33,39.0,Male,1
75705.9,Employed,642.0,Master,65,Urban,5,46209.48,1889.85,33.0,Male,1
43615.91,Unemployed,536.0,Bachelor,39,Suburban,2,4142.65,2062.72,8.0,Male,0
35452.69,Self-Employed,590.0,High School,27,Suburban,5,0.0,2270.98,35.0,Female,0
61844.66,Unemployed,626.0,High School,29,Urban,3,37468.83,3018.83,29.0,Male,1
56277.0,Employed,506.0,Bachelor,41,Suburban,4,12474.53,3614.18,30.0,Female,1
37164.05,Student,504.0,Master,63,Rural,1,4357.98,627.6,27.0,Female,0
28683.17,Student,495.0,Bachelor,42,Urban,3,17348.58,1132.06,76.0,Male,0
54578.52,Self-Employed,565.0,Master,28,Urban,5,10313.1,1950.34,27.0,Male,1
36309.64,Unemployed,558.0,PhD,38,Suburban,4,0.0,1911.24,52.0,Male,0
44141.48,Employed,543.0,High School,59,Suburban,3,10330.9,1604.56,15.0,Female,0
41725.54,Employed,508.0,Bachelor,65,Rural,2,,2164.04,50.0,Male,0
69759.76,Employed,647.0,Bachelor,48,Urban,0,37542.27,4233.82,66.0,Female,1
46233.52,Employed,519.0,Bachelor,59,Suburban,2,25275.28,1921.03,28.0,Female,1
63603.01,Employed,597.0,Bachelor,57,Rural,4,,1685.42,34.0,Female,1
63372.01,Self-Employed,562.0,Bachelor,40,Urban,3,0.0,3415.78,38.0,Female,1
67682.61,Employed,567.0,Bachelor,60,Urban,0,8966.78,2262.16,54.0,Female,1
68451.24,Employed,601.0,Bachelor,24,Rural,1,39068.47,2232.29,50.0,Male,1
91899.85,Employed,674.0,Bachelor,57,Urban,2,20747.99,4183.06,68.0,Male,1
36265.04,Self-Employed,539.0,High School,47,Suburban,0,5577.66,1270.62,39.0,Male,0
48689.99,Student,521.0,Bachelor,47,Rural,2,10287.54,1960.18,22.0,Female,0
71971.78,Employed,643.0,Master,63,Urban,5,37306.71,3328.47,35.0,Female,1
68949.21,Self-Employed,594.0,Bachelor,33,Suburban,4,34227.74,3135.83,30.0,Female,1
37661.96,Student,535.0,High School,29,Suburban,5,1834.53,2180.87,33.0,Male,0
58640.17,Self-Employed,603.0,High School,50,Rural,5,5571.2,2242.03,37.0,Female,0
41625.95,Self-Employed,547.0,Master,54,Rural,0,16894.6,1451.84,35.0,Male,1
47935.37,Employed,652.0,Master,21,Rural,2,1764.83,2694.36,46.0,Male,1
26461.85,Student,511.0,High School,43,Urban,1,2529.21,981.46,12.0,Female,0
57878.75,Employed,608.0,Bachelor,37,Suburban,4,12233.68,1537.34,55.0,Male,1
53695.34,Self-Employed,570.0,Bachelor,57,Rural,0,16200.2,1349.39,46.0,Male,0
43899.59,Employed,556.0,Bachelor,59,Suburban,4,4889.17,1768.79,38.0,Female,1
36136.91,Employed,509.0,High School,27,Suburban,2,23103.21,1286.01,33.0,Male,1
50170.65,Self-Employed,529.0,Bachelor,47,Urban,1,4723.31,803.5,31.0,Male,1
17360.4,Unemployed,520.0,Master,53,Rural,1,5490.9,100.0,30.0,Male,0
37677.98,Unemployed,488.0,Bachelor,32,Urban,3,19039.14,1272.51,48.0,Male,0
42123.9,Student,507.0,Bachelor,63,Urban,2,19191.89,1089.03,38.0,Female,0
47615.55,Self-Employed,542.0,High School,61,Rural,5,16419.78,1898.86,49.0,Female,0
49503.08,Employed,600.0,High School,28,Rural,5,16467.0,2091.72,46.0,Male,1
74900.97,Student,584.0,Master,21,Rural,3,2895.37,2260.9,37.0,Male,1
87185.6,Employed,601.0,PhD,47,Suburban,4,32399.49,3522.01,28.0,Male,1
61059.7,Employed,513.0,High School,60,Urban,2,17490.23,1446.23,63.0,Female,0
68470.53,Employed,647.0,Master,51,Suburban,2,21819.11,3451.85,61.0,Female,1
58035.88,Employed,606.0,High School,55,Urban,3,26767.61,3365.89,71.0,Female,1
49688.9,Self-Employed,599.0,Bachelor,53,Rural,0,21146.01,2193.77,38.0,Male,0
40494.32,Unemployed,466.0,Bachelor,27,Suburban,4,1891.86,791.32,44.0,Male,0
90823.36,Employed,619.0,Bachelor,24,Urban,4,41351.51,5346.99,52.0,Male,1
36949.18,Unemployed,484.0,Bachelor,23,Urban,1,12366.51,1314.45,51.0,Female,0
42022.02,Employed,568.0,Bachelor,65,Urban,0,4933.6,2326.43,70.0,Male,1
38452.12,Student,543.0,High School,63,Rural,0,11256.71,2676.5,71.0,Female,0
84128.13,Employed,617.0,PhD,58,Suburban,4,33012.43,3278.96,52.0,Female,1
56317.85,Employed,521.0,High School,24,Urban,3,29403.01,1841.32,55.0,Male,1
23824.82,Self-Employed,460.0,High School,60,Urban,3,1018.36,438.46,45.0,Male,0
89299.1,Employed,572.0,Master,64,Urban,0,36895.49,4811.59,61.0,Male,1
65448.6,Employed,581.0,Bachelor,56,Urban,0,23164.52,1241.15,48.0,Male,1
50346.12,Employed,534.0,Bachelor,39,Rural,4,16547.03,1431.95,31.0,Male,1
64820.89,Employed,577.0,High School,25,Suburban,2,8883.14,1779.39,21.0,Female,1
23630.42,Employed,461.0,High School,36,Urban,1,18073.37,775.18,45.0,Male,0
50677.92,Self-Employed,545.0,High School,30,Suburban,0,1782.0,2377.14,30.0,Male,1
49888.1,Employed,607.0,Bachelor,50,Urban,0,24398.31,1154.02,28.0,Female,1
78382.19,Self-Employed,600.0,Bachelor,60,Urban,4,30284.65,3811.0,47.0,Female,1
62643.24,Employed,580.0,Bachelor,43,Suburban,4,30642.62,2733.62,71.0,Male,1
53030.18,Employed,567.0,Master,23,Urban,1,16233.49,1481.85,41.0,Female,1
78073.52,Self-Employed,562.0,Master,38,Suburban,1,9146.3,3507.07,39.0,Female,1
12114.52,Self-Employed,564.0,Bachelor,56,Rural,1,1808.83,910.6,21.0,Female,0
72618.53,Self-Employed,593.0,PhD,49,Rural,2,19827.48,3294.17,49.0,Female,1
49050.63,Self-Employed,551.0,Master,22,Urban,5,9793.89,1210.91,38.0,Male,1
41063.44,Student,563.0,Master,36,Suburban,2,18104.6,900.53,22.0,Female,0
43389.84,Student,577.0,Bachelor,36,Urban,4,25755.35,1967.67,47.0,Male,0
58651.69,Self-Employed,501.0,High School,22,Suburban,4,12363.95,933.34,15.0,Female,1
83051.17,Employed,594.0,High School,36,Urban,3,38563.39,5251.29,45.0,Female,1
40306.71,Employed,631.0,Master,58,Suburban,1,9543.63,1704.06,64.0,Male,0
66694.56,Self-Employed,643.0,Bachelor,26,Urban,5,32763.36,2058.58,28.0,Male,1
92036.84,Employed,600.0,Master,44,Rural,3,11757.89,3895.52,52.0,Female,1
50406.05,Employed,578.0,Master,50,Rural,4,25662.49,901.64,45.0,Female,1
44475.01,Employed,522.0,High School,51,Urban,5,15785.8,2079.49,73.0,Male,1
43539.19,Student,551.0,Bachelor,35,Suburban,3,17518.69,2323.29,69.0,Female,0
86432.53,Employed,576.0,PhD,46,Urban,3,28577.4,2423.95,57.0,Female,1
58863.97,Self-Employed,536.0,High School,53,Suburban,4,22401.37,2831.67,33.0,Male,0
36619.47,Unemployed,499.0,Bachelor,48,Urban,0,21924.6,1655.21,29.0,Male,0
63961.95,Self-Employed,640.0,PhD,58,Urban,5,29147.86,2493.49,40.0,Male,1
66741.95,Employed,547.0,High School,30,Suburban,1,15973.84,2624.34,85.0,Female,0
19381.44,Unemployed,552.0,High School,25,Suburban,5,3156.54,759.84,46.0,Male,0
24257.22,Self-Employed,488.0,Bachelor,63,Suburban,3,1926.19,1420.65,41.0,Female,0
45199.07,Employed,513.0,Master,54,Suburban,5,8514.78,2036.05,48.0,Male,1
47357.9,Self-Employed,558.0,Bachelor,41,Urban,1,7383.25,2473.93,68.0,Female,0
76387.58,Employed,524.0,High School,46,Urban,4,21080.01,4527.99,48.0,Male,1
31174.57,Self-Employed,548.0,High School,62,Suburban,3,22294.21,1530.02,44.0,Male,1
57828.77,Unemployed,550.0,Bachelor,60,Suburban,3,9830.7,1242.35,38.0,Female,0
81602.28,Employed,565.0,Bachelor,57,Urban,3,40782.26,2750.72,38.0,Male,1
38378.47,Student,494.0,High School,47,Urban,5,28721.63,1875.3,41.0,Female,1
24763.59,Employed,597.0,Master,53,Suburban,4,7934.11,100.0,41.0,Female,1
9239.11,Unemployed,485.0,High School,47,Suburban,1,3463.94,480.44,42.0,Female,0
47496.96,Self-Employed,538.0,Master,41,Rural,3,24028.75,1050.71,61.0,Female,1
95960.53,Employed,650.0,Master,51,Urban,2,25454.99,5909.84,55.0,Male,1
26462.48,Unemployed,473.0,Bachelor,22,Suburban,4,13824.54,982.97,43.0,Female,0
23406.02,Unemployed,558.0,Bachelor,58,Suburban,2,9455.11,100.0,17.0,Female,0
56824.53,Employed,553.0,High School,35,Urban,1,5975.17,1432.77,41.0,Male,1
38857.12,Self-Employed,466.0,Bachelor,45,Urban,1,17941.93,951.03,17.0,Male,0
57630.68,Employed,532.0,Bachelor,50,Urban,2,11478.29,2830.56,56.0,Female,1
35021.64,Employed,474.0,High School,35,Rural,2,1893.57,611.4,65.0,Male,0
98316.25,Employed,617.0,Bachelor,35,Urban,4,17522.89,4437.03,73.0,Female,1
33235.64,Employed,485.0,High School,28,Suburban,3,11347.18,1071.86,34.0,Female,1
75949.02,Employed,541.0,High School,25,Suburban,4,11397.73,4245.03,71.0,Female,1
44897.49,Employed,550.0,Bachelor,60,Urban,0,3291.01,2207.46,24.0,Male,0
43941.63,Student,538.0,Bachelor,44,Rural,1,8761.64,1890.08,51.0,Male,0
58504.71,Employed,611.0,High School,51,Suburban,0,23988.36,2203.41,84.0,Male,1
36126.47,Unemployed,577.0,High School,27,Urban,0,6987.65,1399.8,48.0,Male,0
48206.01,Employed,545.0,High School,59,Suburban,0,20271.9,738.8,35.0,Female,1
67921.85,Employed,593.0,Bachelor,34,Suburban,3,34776.8,3441.51,47.0,Female,1
66260.52,Self-Employed,504.0,Bachelor,41,Urban,2,32317.12,4268.03,60.0,Male,1
48406.46,Employed,574.0,High School,43,Suburban,2,6810.24,1745.14,43.0,Male,1
44883.5,Employed,556.0,Bachelor,54,Suburban,4,22135.6,1974.13,38.0,Female,1
60513.86,Student,603.0,PhD,26,Urban,2,9948.29,2657.04,46.0,Male,0
48328.68,Employed,528.0,Bachelor,61,Rural,0,26862.49,1565.56,18.0,Female,1
56033.53,Employed,540.0,Bachelor,26,Suburban,0,2438.66,2438.07,58.0,Male,0
54142.99,Self-Employed,537.0,Bachelor,49,Suburban,1,10266.9,2443.75,63.0,Female,0
48860.17,Employed,608.0,Master,30,Urban,2,5183.19,2114.11,56.0,Male,1
48586.32,Self-Employed,555.0,Master,62,Urban,5,32654.46,1859.9,39.0,Female,1
66476.61,Employed,501.0,High School,47,Urban,1,2169.49,1161.25,46.0,Male,0
13243.73,Employed,521.0,High School,63,Suburban,4,0.0,621.57,44.0,Female,0
68955.48,Employed,551.0,High School,62,Suburban,0,8077.62,1835.81,39.0,Male,1
58616.19,Employed,606.0,Master,33,Suburban,0,32826.2,2608.03,65.0,Male,1
73042.08,Self-Employed,602.0,High School,31,Urban,2,19643.23,2516.19,60.0,Female,1
70393.23,Student,630.0,Master,26,Suburban,3,42782.39,1797.99,59.0,Male,0
40089.0,Self-Employed,577.0,High School,53,Rural,4,27262.31,1404.19,47.0,Male,0
55644.25,Employed,595.0,Bachelor,22,Suburban,4,27245.57,2833.69,26.0,Male,1
59898.91,Student,610.0,High School,29,Suburban,5,9671.91,3071.37,17.0,Male,0
72098.51,Self-Employed,613.0,Bachelor,61,Rural,2,41462.66,3535.75,45.0,Male,0
72591.1,Employed,546.0,Bachelor,49,Urban,1,21349.52,1758.46,31.0,Female,1
84162.87,Employed,542.0,Master,41,Suburban,2,21611.51,4005.16,54.0,Male,0
34687.17,Employed,485.0,Bachelor,27,Rural,1,10315.02,100.0,18.0,Female,0
58079.46,Employed,589.0,Bachelor,59,Suburban,2,29555.32,3628.04,36.0,Female,1
58444.35,Employed,457.0,Master,59,Urban,0,39121.76,3028.51,19.0,Male,1
42301.56,Employed,533.0,Master,23,Rural,4,20605.7,1625.54,22.0,Female,1
53458.32,Student,538.0,Master,54,Urban,5,16473.41,996.93,33.0,Female,1
59792.36,Employed,614.0,Master,35,Urban,0,3089.7,3033.58,41.0,Female,1
59506.26,Employed,553.0,Bachelor,51,Urban,0,37885.14,1044.38,56.0,Male,1
44499.47,Student,520.0,Master,34,Suburban,4,5086.52,1929.63,39.0,Male,0
43182.84,Employed,594.0,Bachelor,21,Urban,5,22843.09,583.67,14.0,Male,1
88451.9,Employed,595.0,Master,54,Suburban,0,10597.7,4650.03,54.0,Female,1
61337.4,Employed,549.0,Master,58,Rural,3,13623.88,2971.0,57.0,Female,1
23367.1,Self-Employed,485.0,High School,51,Suburban,2,9175.21,375.24,1.0,Female,0
53729.56,Employed,563.0,High School,27,Suburban,4,26231.17,2545.67,66.0,Male,1
79820.85,Self-Employed,572.0,Master,41,Rural,3,49238.1,2662.26,54.0,Female,1
49380.91,Unemployed,529.0,Bachelor,45,Rural,1,30339.67,1777.74,65.0,Male,0
48219.16,Self-Employed,607.0,Bachelor,56,Urban,1,15535.42,1904.8,51.0,Female,1
50579.39,Unemployed,548.0,PhD,55,Urban,3,14176.68,1519.3,36.0,Male,0
38643.87,Self-Employed,508.0,Bachelor,60,Suburban,1,20015.29,722.5,37.0,Female,0
37866.19,Self-Employed,482.0,Bachelor,49,Rural,0,11933.33,2014.86,38.0,Female,0
49086.71,Employed,552.0,Bachelor,63,Suburban,3,12405.5,1220.14,53.0,Male,1
31975.92,Employed,494.0,High School,57,Urban,3,18960.23,1337.83,30.0,Male,0
48340.3,Employed,526.0,Bachelor,30,Suburban,4,10216.33,2617.67,53.0,Female,1
72159.68,Employed,538.0,Master,52,Suburban,3,7368.15,1017.13,57.0,Male,0
40790.05,Employed,540.0,High School,24,Suburban,2,12383.59,1189.36,44.0,Female,0
60260.3,Self-Employed,501.0,Master,55,Rural,4,14480.32,3190.82,52.0,Female,1
87329.0,Employed,616.0,Master,30,Suburban,2,14517.01,3195.02,57.0,Female,1
78534.98,Employed,561.0,High School,34,Suburban,3,40049.75,3959.91,44.0,Male,1
65981.09,Employed,600.0,Master,46,Suburban,5,9452.4,1876.65,12.0,Male,1
60202.73,Unemployed,581.0,Master,38,Suburban,5,27424.12,3136.83,36.0,Male,0
52500.3,Employed,553.0,Bachelor,50,Suburban,2,27938.07,1929.47,33.0,Female,1
41681.89,Self-Employed,571.0,High School,43,Suburban,2,12279.13,1899.94,49.0,Male,0
34247.62,Employed,592.0,High School,49,Suburban,5,9455.25,1982.25,31.0,Male,0
60299.19,Employed,616.0,Bachelor,47,Suburban,3,20861.92,999.26,28.0,Male,1
43265.73,Unemployed,476.0,High School,30,Suburban,4,13237.64,1554.56,54.0,Female,0
27883.7,Student,486.0,Bachelor,52,Urban,0,12887.03,783.18,45.0,Male,0
56693.6,Self-Employed,532.0,Master,64,Suburban,4,30840.29,2643.35,66.0,Female,1
42969.88,Student,563.0,Master,46,Suburban,0,7285.03,1379.36,40.0,Female,0
69703.18,Employed,549.0,Master,48,Urban,2,25614.55,2845.58,26.0,Female,1
57941.49,Unemployed,531.0,PhD,52,Urban,1,5860.05,2652.86,80.0,Female,0
38058.53,Unemployed,495.0,High School,24,Urban,5,3669.7,1347.25,51.0,Female,0
69454.73,Self-Employed,586.0,High School,27,Rural,0,21574.23,1772.81,35.0,Female,1
21942.56,Unemployed,533.0,Bachelor,46,Rural,3,6258.1,1040.14,53.0,Male,0
39118.21,Self-Employed,475.0,Bachelor,38,Suburban,0,14349.74,1873.79,47.0,Female,0
53710.48,Employed,527.0,High School,52,Urban,0,22486.88,2020.85,63.0,Female,1
84790.85,Employed,509.0,Master,62,Suburban,1,25953.73,5205.59,64.0,Female,1
25064.33,Employed,401.0,High School,56,Suburban,0,13730.74,1230.77,35.0,Female,0
53970.59,Self-Employed,572.0,Bachelor,30,Rural,1,26126.88,2610.92,52.0,Female,1
54979.92,Employed,566.0,Bachelor,34,Urban,0,23027.76,2413.13,62.0,Female,1
72814.32,Self-Employed,585.0,Bachelor,27,Urban,4,16054.88,2887.58,38.0,Male,1
68422.85,Employed,642.0,Bachelor,25,Suburban,1,10827.62,2629.84,49.0,Male,1
54727.75,Employed,476.0,High School,54,Urban,2,8598.97,1467.02,24.0,Male,0
74312.84,Employed,486.0,Master,52,Suburban,0,19054.2,3150.4,58.0,Male,0
57125.83,Employed,504.0,Master,29,Suburban,5,31764.93,2651.0,49.0,Male,1
72003.36,Self-Employed,481.0,Bachelor,52,Urban,2,17433.87,1325.78,51.0,Male,1
74797.85,Employed,552.0,High School,41,Urban,2,17030.59,3639.39,68.0,Male,1
56502.41,Employed,580.0,Bachelor,60,Suburban,1,22631.97,2478.03,37.0,Female,1
48880.71,Employed,556.0,Bachelor,53,Rural,0,22764.47,2348.61,50.0,Male,1
44822.72,Employed,583.0,High School,33,Suburban,1,22878.4,1714.52,47.0,Female,0
61845.6,Employed,578.0,High School,42,Urban,5,7395.43,1689.17,34.0,Female,1
50372.01,Employed,527.0,High School,31,Suburban,2,29453.22,1655.23,28.0,Male,1
39005.35,Self-Employed,505.0,Bachelor,61,Suburban,5,11390.2,1442.11,65.0,Male,0
63281.57,Self-Employed,583.0,High School,44,Suburban,1,15313.59,2185.65,40.0,Male,0
33257.47,Student,452.0,Master,60,Suburban,2,11142.53,1653.26,37.0,Female,0
68367.41,Employed,428.0,Bachelor,44,Urban,3,22851.71,720.51,35.0,Male,1
31004.57,Employed,535.0,Bachelor,43,Suburban,0,0.0,2015.93,53.0,Male,1
48622.26,Employed,553.0,High School,29,Suburban,2,3811.37,2002.72,38.0,Female,1
64975.56,Employed,637.0,Master,64,Urban,5,24042.83,4256.08,45.0,Female,1
21493.99,Employed,535.0,High School,51,Suburban,2,11329.39,903.06,42.0,Male,0
51992.22,Employed,561.0,High School,34,Rural,5,20930.23,976.53,50.0,Male,1
42479.59,Employed,520.0,Bachelor,58,Suburban,0,10962.67,2360.25,54.0,Male,0
63271.28,Employed,527.0,Bachelor,31,Urban,5,25364.43,3188.95,42.0,Male,0
60823.99,Employed,547.0,Master,25,Suburban,5,26349.52,2275.19,30.0,Male,1
33791.65,Self-Employed,564.0,Bachelor,51,Urban,2,18711.82,1068.19,26.0,Female,1
19314.11,Unemployed,522.0,Bachelor,54,Suburban,3,0.0,813.01,44.0,Female,0
32514.6,Employed,562.0,High School,46,Suburban,0,0.0,2054.73,53.0,Female,0
72736.19,Employed,582.0,Bachelor,53,Urban,0,28898.53,1517.0,35.0,Female,1
74537.23,Employed,539.0,Bachelor,32,Urban,2,10941.35,1877.95,36.0,Male,1
83917.52,Employed,645.0,Bachelor,33,Rural,1,42675.68,3537.11,35.0,Female,1
42321.85,Employed,582.0,High School,37,Urban,3,9960.9,1570.77,42.0,Female,0
50839.01,Employed,554.0,Master,30,Rural,5,4270.03,2242.5,56.0,Female,0
49023.09,Employed,568.0,High School,31,Suburban,0,23864.06,2916.15,39.0,Female,1
45671.0,Employed,561.0,High School,23,Suburban,5,11832.28,1606.12,59.0,Male,0
59261.55,Self-Employed,537.0,Master,31,Urban,1,8092.89,2930.85,34.0,Male,0
50816.37,Unemployed,534.0,Master,45,Urban,3,24587.57,3021.07,38.0,Male,0
72554.13,Employed,536.0,Bachelor,37,Urban,5,7649.98,3531.61,50.0,Male,1
23317.88,Employed,495.0,Bachelor,40,Suburban,4,3860.1,1465.9,45.0,Female,1
23416.99,Student,553.0,High School,62,Rural,0,9350.49,657.29,35.0,Male,0
37958.11,Employed,565.0,Master,21,Rural,3,11831.14,1579.51,47.0,Female,1
45692.53,Self-Employed,564.0,High School,58,Urban,0,1563.25,653.03,42.0,Female,0
84489.45,Employed,637.0,PhD,22,Urban,1,11688.6,2670.29,66.0,Male,1
55754.13,Student,536.0,High School,44,Urban,3,18107.17,2428.18,48.0,Male,0
44493.82,Employed,484.0,Bachelor,26,Rural,3,25142.81,2589.96,43.0,Female,1
59594.09,Employed,551.0,Bachelor,42,Urban,5,24652.73,1729.23,50.0,Female,0
13768.13,Student,489.0,High School,61,Urban,1,13536.33,100.0,9.0,Male,0
44093.01,Self-Employed,567.0,Bachelor,22,Suburban,5,20744.39,737.48,18.0,Male,1
66107.13,Employed,591.0,Master,43,Suburban,2,34145.48,3442.36,66.0,Female,1
31614.78,Self-Employed,564.0,High School,41,Urban,1,10152.01,383.55,29.0,Male,0
69555.18,Unemployed,482.0,PhD,41,Suburban,3,41365.34,1780.59,32.0,Female,0
61852.75,Employed,526.0,High School,49,Urban,3,20116.61,3051.34,57.0,Male,1
48431.28,Employed,538.0,Bachelor,35,Urban,5,21508.85,1037.89,38.0,Male,1
39767.54,Employed,552.0,Bachelor,56,Urban,5,1327.82,2048.49,60.0,Male,0
36210.54,Student,619.0,Bachelor,31,Urban,3,13760.46,1306.36,35.0,Male,0
41510.2,Employed,489.0,Bachelor,37,Rural,3,7635.59,2014.85,64.0,Male,0
48745.03,Employed,511.0,Master,42,Suburban,1,30413.81,1030.15,35.0,Male,1
33897.85,Employed,503.0,Bachelor,62,Suburban,1,16602.47,1524.98,57.0,Female,1
58544.0,Employed,523.0,Bachelor,45,Urban,3,4749.54,1361.36,43.0,Male,1
69983.91,Employed,533.0,Bachelor,58,Suburban,4,14723.91,2071.12,33.0,Male,1
44333.77,Employed,539.0,Bachelor,27,Rural,2,23715.22,1268.85,40.0,Male,1
60673.25,Employed,604.0,High School,24,Urban,3,3191.68,1832.2,46.0,Male,1
38083.86,Employed,533.0,High School,43,Rural,3,18610.02,1975.87,43.0,Female,1
68184.75,Employed,532.0,Bachelor,61,Suburban,2,12798.95,2893.73,38.0,Male,0
51202.84,Employed,537.0,Master,31,Suburban,0,19298.88,2125.88,67.0,Female,0
58214.87,Employed,510.0,High School,31,Urban,2,26474.01,1859.38,48.0,Male,1
54801.97,Self-Employed,596.0,Bachelor,27,Suburban,1,19921.77,2500.26,14.0,Female,0
71434.79,Employed,641.0,High School,62,Suburban,0,24141.29,2643.87,51.0,Male,1
59381.15,Employed,486.0,Bachelor,25,Rural,2,30334.96,2887.49,57.0,Female,1
66840.11,Employed,579.0,Master,49,Rural,4,11553.89,2600.51,18.0,Male,1
45951.68,Self-Employed,504.0,Master,38,Urban,4,1443.15,2460.14,37.0,Male,0
49121.27,Self-Employed,546.0,Master,39,Rural,2,19518.33,1287.66,55.0,Female,0
31994.03,Student,515.0,Master,52,Rural,3,22908.65,1730.55,46.0,Female,0
34666.92,Employed,462.0,High School,40,Suburban,1,14266.69,1453.95,45.0,Female,0
62232.6,Employed,616.0,Bachelor,22,Urban,1,20900.49,2652.31,30.0,Male,1
53612.32,Employed,543.0,High School,46,Urban,2,3748.15,2036.27,32.0,Female,0
70199.12,Employed,552.0,Master,22,Urban,2,4755.93,3282.53,31.0,Female,0
69921.66,Student,578.0,Master,58,Urban,3,15581.12,2503.71,19.0,Female,0
54253.24,Employed,512.0,High School,63,Rural,4,34134.07,1486.67,4.0,Male,1
29582.24,Self-Employed,507.0,High School,58,Urban,3,9901.69,916.69,71.0,Female,0
43038.11,Student,452.0,Bachelor,39,Suburban,0,23691.51,1430.89,31.0,Female,0
59765.66,Unemployed,452.0,PhD,39,Suburban,4,411.65,2383.15,51.0,Female,0
69932.84,Employed,529.0,High School,47,Suburban,2,18373.69,3681.67,70.0,Male,1
39687.13,Unemployed,506.0,Bachelor,59,Urban,5,9756.21,1703.39,46.0,Male,0
52832.99,Employed,470.0,Bachelor,54,Suburban,1,28898.09,1398.02,41.0,Female,0
75183.45,Employed,558.0,Bachelor,42,Suburban,3,8450.93,1539.44,48.0,Male,1
57678.75,Employed,532.0,Bachelor,57,Suburban,1,5069.59,2267.75,77.0,Female,1
10023.88,Unemployed,485.0,High School,39,Urban,3,1651.95,391.68,38.0,Male,0
37806.92,Self-Employed,555.0,Master,55,Suburban,5,2632.24,743.81,17.0,Male,0
77611.65,Employed,661.0,High School,31,Urban,3,22104.36,2678.69,32.0,Female,1
21294.08,Unemployed,523.0,Master,41,Suburban,5,18350.21,481.3,23.0,Male,0
51491.82,Employed,502.0,High School,58,Urban,2,31807.37,2332.82,44.0,Male,1
69246.75,Self-Employed,602.0,Bachelor,32,Urban,0,26534.0,2250.15,28.0,Female,1
24530.89,Employed,571.0,Bachelor,48,Rural,2,16579.03,384.31,28.0,Female,1
41776.59,Employed,482.0,Bachelor,33,Urban,4,11751.09,1955.69,42.0,Female,1
28298.89,Employed,466.0,High School,40,Rural,3,14701.78,552.03,52.0,Male,0
62016.89,Unemployed,498.0,Bachelor,35,Rural,3,8517.05,1849.44,31.0,Male,0
65272.31,Student,541.0,High School,50,Urban,4,15390.6,2613.11,57.0,Female,0
50987.42,Employed,563.0,Bachelor,54,Urban,1,8715.76,703.13,42.0,Male,1
78692.47,Employed,652.0,Master,59,Urban,4,39965.81,2274.79,57.0,Male,1
59620.94,Employed,598.0,Bachelor,37,Rural,5,12287.56,2898.78,14.0,Male,1
48788.1,Self-Employed,560.0,Bachelor,29,Suburban,1,7979.02,230.47,9.0,Female,1
33598.35,Employed,523.0,Bachelor,62,Urban,1,1557.05,1725.45,21.0,Female,0
89611.96,Employed,619.0,Bachelor,38,Suburban,5,26665.42,4390.17,77.0,Female,1
38759.79,Employed,549.0,Master,50,Urban,5,12964.96,1495.5,31.0,Female,1
62181.58,Employed,621.0,Bachelor,38,Suburban,5,29199.61,1781.15,26.0,Male,1
37286.03,Unemployed,526.0,Master,58,Suburban,5,16939.84,1298.26,40.0,Male,0
85120.92,Employed,607.0,Master,24,Urban,1,37455.3,1709.95,74.0,Male,1
67689.2,Employed,551.0,Bachelor,22,Rural,3,17239.8,2880.87,39.0,Male,0
47317.8,Employed,546.0,Bachelor,36,Urban,5,12657.52,2566.14,38.0,Male,1
47148.1,Employed,529.0,Bachelor,39,Suburban,4,21939.43,1495.22,57.0,Male,1
43747.73,Employed,482.0,Master,55,Suburban,3,15881.46,1789.57,47.0,Male,1
45922.02,Employed,578.0,High School,42,Rural,3,9432.51,1745.81,44.0,Female,1
55663.16,Self-Employed,620.0,High School,32,Suburban,1,23212.11,1107.78,33.0,Female,1
40375.04,Employed,529.0,High School,24,Rural,2,18529.33,755.23,43.0,Male,0
66327.94,Employed,583.0,Master,57,Urban,4,39938.31,2265.83,6.0,Male,1
79617.7,Employed,626.0,Bachelor,43,Rural,5,25419.31,3734.67,58.0,Female,1
64043.56,Employed,558.0,High School,63,Urban,0,21031.2,1304.62,22.0,Female,1
75216.47,Employed,589.0,Bachelor,35,Suburban,2,27453.71,2323.92,68.0,Female,1
16369.33,Unemployed,487.0,Master,31,Urban,4,9294.67,285.6,52.0,Male,0
67207.88,Employed,544.0,Master,33,Rural,2,11929.67,1508.4,54.0,Female,1
48770.59,Self-Employed,566.0,High School,39,Rural,5,24971.38,752.83,68.0,Male,0
43220.22,Employed,558.0,Bachelor,27,Urban,3,3998.01,2332.78,86.0,Male,1
43341.53,Employed,577.0,Bachelor,26,Suburban,2,0.0,1992.79,45.0,Male,0
55723.46,Employed,553.0,Bachelor,56,Suburban,4,17865.8,990.97,40.0,Male,1
31870.07,Self-Employed,465.0,High School,52,Urban,2,9337.33,1065.28,51.0,Male,0
39019.5,Employed,579.0,High School,43,Suburban,2,4296.52,2264.81,55.0,Male,1
54076.1,Self-Employed,517.0,Master,42,Suburban,1,27525.74,1521.56,7.0,Female,1
67602.79,Employed,536.0,Bachelor,43,Suburban,5,27299.5,2455.21,43.0,Male,1
43397.91,Employed,511.0,High School,47,Urban,2,32586.22,917.39,26.0,Male,0
48291.44,Employed,464.0,Bachelor,33,Rural,5,4103.15,1801.07,50.0,Male,0
69365.03,Employed,562.0,High School,56,Urban,3,10564.82,1231.1,48.0,Male,0
32536.12,Employed,548.0,Bachelor,21,Suburban,0,3815.6,1098.04,40.0,Male,0
65409.3,Employed,547.0,Bachelor,55,Urban,4,9033.22,3004.98,39.0,Male,0
59841.06,Employed,619.0,High School,56,Urban,1,15742.37,2821.33,41.0,Male,1
56252.43,Employed,611.0,High School,44,Urban,5,30252.4,3225.47,78.0,Female,1
56479.68,Self-Employed,594.0,Master,34,Urban,5,11091.44,3029.55,14.0,Female,1
49027.06,Self-Employed,456.0,Master,60,Suburban,3,21224.46,1909.23,90.0,Male,0
69792.72,Employed,637.0,High School,57,Suburban,2,31231.37,3997.91,83.0,Female,1
42152.57,Employed,523.0,Bachelor,62,Suburban,2,1410.01,1800.06,41.0,Female,0
30244.56,Employed,592.0,High School,21,Suburban,4,8581.53,1228.69,51.0,Female,1
66303.02,Employed,541.0,Master,49,Urban,2,24138.98,4244.74,54.0,Female,0
54913.16,Employed,545.0,Master,21,Urban,0,5279.18,2829.26,46.0,Female,0
70762.06,Employed,578.0,Bachelor,22,Suburban,3,19745.57,2291.02,39.0,Female,1
51022.38,Employed,504.0,Bachelor,23,Suburban,4,27001.78,1869.13,34.0,Female,1
76707.1,Employed,510.0,Bachelor,55,Suburban,0,19724.18,1392.25,52.0,Male,1
60731.62,Employed,452.0,High School,53,Urban,2,14315.24,1221.97,28.0,Male,1
49176.84,Employed,676.0,Bachelor,61,Rural,2,21184.09,1288.03,42.0,Male,1
70710.25,Employed,499.0,High School,49,Urban,3,18075.86,1675.07,37.0,Male,1
49237.44,Employed,469.0,Bachelor,46,Suburban,3,13848.43,2945.16,79.0,Male,1
55197.85,Self-Employed,578.0,Bachelor,29,Urban,4,12790.33,1239.36,57.0,Male,1
54937.39,Employed,488.0,High School,52,Suburban,3,21761.08,2707.18,37.0,Female,0
61399.37,Employed,488.0,Bachelor,61,Urban,4,22235.92,3537.79,72.0,Female,0
32894.7,Unemployed,391.0,Master,37,Suburban,0,21894.56,1047.98,46.0,Female,0
38954.75,Employed,542.0,Bachelor,52,Urban,5,13119.47,2389.92,63.0,Male,1
58720.35,Employed,509.0,Bachelor,43,Suburban,2,22828.42,1431.73,56.0,Male,0
53093.23,Self-Employed,578.0,Master,44,Urban,2,17984.71,1533.99,21.0,Female,1
45444.69,Self-Employed,535.0,High School,56,Suburban,4,10675.0,2282.2,55.0,Female,1
36685.39,Student,529.0,Bachelor,34,Urban,2,10316.14,2073.02,44.0,Female,0
27236.48,Unemployed,492.0,Bachelor,60,Urban,4,4682.96,1405.14,71.0,Female,0
40977.66,Self-Employed,519.0,High School,65,Suburban,4,15570.49,582.48,24.0,Female,1
76898.63,Employed,543.0,PhD,26,Urban,3,41241.61,2735.61,59.0,Male,1
72425.14,Employed,541.0,Bachelor,44,Urban,3,24019.2,2871.26,31.0,Male,1
61347.83,Employed,512.0,Bachelor,21,Rural,5,3648.36,3285.83,84.0,Male,1
74416.35,Employed,648.0,High School,36,Rural,4,10015.19,3795.81,63.0,Female,1
49121.54,Unemployed,526.0,PhD,37,Rural,4,5044.97,1035.19,32.0,Female,0
59906.03,Employed,457.0,Master,50,Urban,4,35124.43,3270.06,73.0,Male,0
24505.57,Unemployed,520.0,High School,38,Suburban,4,0.0,422.1,64.0,Female,0
67524.85,Employed,533.0,Bachelor,37,Suburban,4,35877.67,2822.8,55.0,Male,1
69051.38,Employed,570.0,High School,55,Urban,4,20407.72,1818.27,41.0,Male,1
59122.05,Unemployed,546.0,Bachelor,55,Suburban,2,31227.4,1886.9,27.0,Male,0
46744.94,Employed,607.0,Bachelor,21,Urban,4,15522.61,1798.92,29.0,Male,1
62210.11,Employed,545.0,High School,36,Rural,3,35301.86,3048.06,31.0,Female,1
58309.69,Employed,593.0,Bachelor,55,Suburban,5,21827.56,1932.84,62.0,Male,1
49095.74,Employed,575.0,Master,25,Suburban,2,13849.13,3175.49,69.0,Female,1
51943.33,Employed,486.0,Bachelor,45,Suburban,0,22507.53,806.2,22.0,Female,1
70161.33,Self-Employed,582.0,High School,43,Urban,4,14961.16,2166.86,64.0,Male,1
56859.13,Unemployed,520.0,Master,52,Urban,3,5424.88,1778.86,39.0,Male,0
26819.35,Self-Employed,457.0,High School,51,Suburban,0,12514.39,360.39,28.0,Female,0
20931.85,Unemployed,449.0,Bachelor,43,Suburban,4,5315.47,1283.58,48.0,Male,0
16515.57,Unemployed,534.0,Bachelor,39,Suburban,0,5781.29,174.33,34.0,Female,0
43026.93,Employed,654.0,High School,56,Urban,0,17568.17,1100.95,13.0,Male,1
46161.74,Self-Employed,503.0,High School,38,Suburban,4,28527.72,2419.01,41.0,Female,0
31107.28,Self-Employed,527.0,High School,40,Urban,0,12363.21,1346.64,21.0,Female,0
47575.11,Employed,555.0,High School,39,Urban,1,22215.1,1546.54,16.0,Male,1
76030.54,Employed,558.0,Bachelor,36,Rural,2,20606.99,3305.28,42.0,Male,1
85267.12,Self-Employed,658.0,Master,49,Suburban,5,27712.3,2050.89,43.0,Female,1
59257.1,Student,657.0,High School,49,Suburban,3,13955.26,1744.49,23.0,Male,1
13076.44,Student,465.0,Bachelor,61,Rural,5,3937.56,781.42,39.0,Male,0
87105.83,Employed,676.0,Bachelor,41,Urban,4,11168.52,5208.34,62.0,Male,1
46375.46,Self-Employed,515.0,High School,55,Rural,1,8353.08,2892.74,60.0,Male,0
56169.55,Employed,510.0,Bachelor,34,Suburban,3,26219.15,2314.42,43.0,Female,1
42433.55,Unemployed,528.0,High School,64,Suburban,2,10735.16,1957.95,55.0,Female,0
70551.89,Self-Employed,613.0,Bachelor,62,Urban,1,2203.28,1833.87,56.0,Male,0
14969.83,Student,490.0,Bachelor,47,Urban,3,2896.66,877.16,16.0,Female,0
37813.01,Student,560.0,Bachelor,53,Urban,5,1045.83,1594.81,69.0,Male,0
64508.97,Employed,576.0,Master,47,Urban,4,15899.32,2695.15,67.0,Male,1
15046.0,Student,556.0,High School,29,Urban,1,4926.76,358.62,32.0,Female,0
75957.35,Self-Employed,606.0,Master,63,Suburban,1,45772.94,3079.19,36.0,Female,1
72583.94,Employed,646.0,High School,54,Suburban,5,35032.69,1950.78,57.0,Male,1
53841.57,Employed,512.0,High School,39,Urban,3,7089.0,2561.86,37.0,Male,0
53478.89,Self-Employed,540.0,High School,32,Suburban,2,7817.37,2156.76,30.0,Male,0
58830.76,Employed,557.0,Master,51,Rural,4,37447.76,2557.12,42.0,Female,1
60487.3,Employed,521.0,Bachelor,40,Suburban,0,27353.47,3112.88,69.0,Male,1
91765.23,Employed,559.0,PhD,58,Suburban,4,35789.29,5281.61,83.0,Male,1
28517.52,Employed,531.0,Bachelor,30,Suburban,2,7207.02,1217.49,69.0,Female,0
69291.55,Employed,602.0,Bachelor,44,Urban,2,10674.98,2332.86,43.0,Male,1
68177.81,Self-Employed,576.0,Master,26,Urban,3,14678.48,2456.01,45.0,Male,1
60297.92,Employed,607.0,PhD,53,Rural,1,14054.55,2590.05,46.0,Male,1
57449.71,Self-Employed,506.0,Master,38,Suburban,5,19516.2,2755.71,39.0,Male,0
86485.56,Employed,579.0,Bachelor,29,Suburban,0,50969.57,4207.26,46.0,Male,1
19087.49,Unemployed,447.0,Master,45,Rural,3,1027.15,218.8,30.0,Female,0
47471.64,Employed,547.0,High School,46,Urban,2,3397.84,1349.51,70.0,Female,1
70442.3,Unemployed,596.0,Master,34,Urban,5,41761.11,3083.79,38.0,Female,0
49948.05,Self-Employed,605.0,PhD,63,Suburban,3,31280.7,1989.51,48.0,Female,1
35157.52,Unemployed,470.0,Bachelor,24,Urban,2,7196.67,506.89,47.0,Male,0
51634.64,Employed,564.0,High School,35,Suburban,2,11015.91,2679.82,80.0,Male,0
49189.9,Employed,608.0,High School,32,Rural,1,20300.01,2847.17,54.0,Female,1
73795.31,Employed,534.0,PhD,62,Suburban,0,7870.1,1789.7,40.0,Male,1
52569.55,Employed,493.0,Master,32,Urban,2,30528.17,2704.85,34.0,Female,1
69711.04,Employed,506.0,Master,30,Suburban,0,9756.38,3813.5,41.0,Female,0
68490.96,Employed,599.0,Master,47,Urban,3,1558.68,1287.11,41.0,Male,1
64416.34,Employed,533.0,Bachelor,32,Rural,5,26755.28,1580.48,38.0,Male,1
83855.41,Employed,614.0,Master,33,Urban,0,31771.24,2937.82,49.0,Male,1
24706.41,Employed,499.0,High School,32,Rural,5,18150.92,1520.81,51.0,Male,0
66496.95,Employed,649.0,High School,45,Suburban,0,30857.87,1933.02,35.0,Male,1
56180.56,Self-Employed,589.0,Bachelor,54,Urban,2,6975.0,2827.4,55.0,Male,0
67378.16,Employed,533.0,Bachelor,42,Suburban,3,29731.06,1160.15,56.0,Female,1
65408.09,Employed,553.0,Bachelor,61,Urban,3,1876.56,2012.2,18.0,Female,1
90811.23,Employed,638.0,Master,32,Suburban,2,12762.46,4522.24,60.0,Female,1
45093.81,Self-Employed,490.0,High School,59,Rural,0,10686.59,920.13,61.0,Male,0
54950.27,Self-Employed,605.0,Master,54,Rural,4,5412.01,1481.12,49.0,Male,1
46305.51,Employed,528.0,High School,24,Urban,2,12966.58,2663.7,39.0,Male,1
51443.59,Employed,583.0,Master,51,Suburban,1,25260.6,1117.14,50.0,Male,1
53121.53,Self-Employed,540.0,High School,65,Rural,2,4288.91,1971.88,37.0,Female,0
44478.71,Self-Employed,513.0,Master,51,Rural,2,10688.7,2410.22,60.0,Male,0
73989.92,Employed,548.0,Bachelor,32,Urban,3,13964.8,4087.57,63.0,Male,1
54647.54,Employed,629.0,Bachelor,40,Urban,3,16344.98,2043.21,74.0,Female,1
20551.62,Employed,489.0,High School,60,Rural,3,5498.52,350.35,35.0,Male,0
74324.07,Self-Employed,718.0,High School,35,Urban,5,14679.93,1342.02,48.0,Male,1
11362.71,Employed,496.0,Bachelor,42,Urban,5,1203.54,100.0,30.0,Male,0
43773.62,Self-Employed,497.0,High School,47,Suburban,0,13864.86,843.31,41.0,Female,0
51509.38,Self-Employed,475.0,High School,58,Urban,3,33104.41,1611.16,30.0,Female,1
8409.28,Unemployed,541.0,Master,64,Rural,1,6890.92,763.38,59.0,Male,0
41618.81,Student,524.0,High School,52,Urban,0,8744.69,787.15,43.0,Female,0
36953.18,Employed,563.0,High School,40,Suburban,0,17763.15,2232.15,47.0,Female,1
45272.22,Self-Employed,642.0,Bachelor,39,Rural,3,24112.72,1300.26,55.0,Female,0
73145.16,Self-Employed,608.0,Bachelor,50,Rural,5,17373.47,1614.76,66.0,Male,1
37140.8,Unemployed,541.0,Bachelor,24,Rural,4,20586.76,1223.36,75.0,Male,0
45741.55,Employed,594.0,Bachelor,40,Rural,0,13322.62,1854.47,32.0,Female,1
59443.11,Employed,594.0,Bachelor,36,Urban,1,16710.72,1233.22,52.0,Male,1
62641.55,Student,506.0,Bachelor,62,Rural,4,14774.62,3227.08,66.0,Female,0
57069.2,Employed,615.0,Bachelor,59,Rural,3,34765.19,1721.03,42.0,Female,0
22743.56,Student,504.0,High School,32,Suburban,3,8992.74,922.77,30.0,Male,0
50675.24,Employed,615.0,Bachelor,50,Urban,1,1470.06,1370.54,59.0,Female,1
40148.93,Employed,553.0,Bachelor,41,Urban,4,13117.85,2112.66,32.0,Female,1
41224.35,Student,586.0,Master,58,Suburban,5,5950.95,1315.92,48.0,Female,0
81118.4,Self-Employed,579.0,Bachelor,43,Suburban,1,47829.81,3790.49,44.0,Male,1
55504.99,Employed,484.0,Bachelor,49,Urban,5,9573.9,2292.72,47.0,Female,1
37944.81,Employed,553.0,Bachelor,53,Urban,2,0.0,1026.6,17.0,Female,0
69463.91,Employed,616.0,Master,58,Suburban,0,32246.87,3811.06,39.0,Female,1
52111.33,Employed,523.0,Bachelor,53,Urban,5,24268.35,3001.24,23.0,Female,1
59421.15,Employed,549.0,Bachelor,34,Rural,1,17366.47,3226.09,91.0,Female,1
66364.02,Employed,468.0,Master,54,Urban,0,27398.45,1543.37,21.0,Male,1
83679.05,Employed,586.0,Bachelor,35,Urban,2,34061.89,4172.05,69.0,Male,1
48340.31,Employed,486.0,Bachelor,53,Urban,3,2913.49,2043.84,34.0,Male,0
14522.57,Student,517.0,High School,63,Rural,3,2756.85,518.78,2.0,Male,0
41064.01,Unemployed,547.0,High School,42,Rural,5,16420.21,1843.12,48.0,Male,0
35946.66,Employed,525.0,Master,61,Urban,2,11946.88,1248.02,80.0,Female,0
36421.01,Student,585.0,High School,28,Urban,0,14728.12,869.01,28.0,Male,0
62009.21,Employed,573.0,High School,40,Urban,2,20436.19,2766.09,76.0,Female,1
17084.06,Employed,506.0,High School,60,Urban,5,3941.25,702.09,68.0,Female,1
75969.65,Employed,596.0,PhD,53,Suburban,0,2467.5,2655.79,32.0,Male,0
15560.77,Unemployed,469.0,Bachelor,35,Urban,1,3471.45,852.55,13.0,Female,0
27327.34,Employed,557.0,Bachelor,43,Suburban,4,8873.37,1259.76,30.0,Female,0
50010.88,Employed,503.0,Master,25,Urban,1,13385.16,2014.47,61.0,Female,1
41249.11,Student,551.0,Bachelor,57,Suburban,2,22161.41,2039.74,15.0,Male,0
53411.87,Self-Employed,604.0,Master,26,Urban,0,33640.05,2232.75,54.0,Female,1
80606.0,Self-Employed,542.0,Master,46,Urban,0,19408.97,4600.68,59.0,Female,1
57235.8,Self-Employed,495.0,Bachelor,43,Urban,4,10222.06,2917.87,40.0,Female,1
56665.66,Self-Employed,507.0,Master,48,Urban,4,12221.78,2160.67,38.0,Female,0
54351.44,Employed,633.0,PhD,40,Urban,0,15667.69,1623.0,40.0,Female,1
48361.64,Self-Employed,515.0,High School,24,Rural,3,26609.14,1728.69,45.0,Male,1
80883.48,Employed,535.0,High School,50,Urban,2,14356.62,3865.0,79.0,Female,1
59456.25,Employed,575.0,Master,61,Urban,2,16479.19,3036.35,44.0,Male,1
34216.72,Student,399.0,Bachelor,48,Urban,4,13228.88,1434.09,41.0,Female,0
43089.28,Employed,492.0,Bachelor,22,Suburban,3,9226.45,1573.59,52.0,Male,1
64762.69,Employed,629.0,High School,25,Rural,0,24671.94,2709.96,34.0,Male,0
76905.08,Employed,540.0,Master,33,Suburban,5,32496.12,2222.32,70.0,Female,1
40305.93,Unemployed,519.0,Master,34,Suburban,1,21307.93,1307.55,29.0,Male,0
43014.34,Student,548.0,PhD,26,Rural,3,8023.82,1308.94,49.0,Female,0
47842.2,Employed,555.0,Bachelor,61,Urban,0,5103.49,2438.84,43.0,Male,1
62660.33,Employed,539.0,PhD,54,Rural,3,28347.14,3061.83,50.0,Female,1
68298.19,Self-Employed,595.0,Bachelor,55,Suburban,0,27581.74,2304.08,77.0,Female,1
60622.88,Self-Employed,625.0,Bachelor,64,Urban,1,9915.2,1783.68,48.0,Male,0
74314.71,Employed,532.0,Bachelor,60,Suburban,2,33768.24,2949.0,39.0,Female,1
51197.58,Employed,525.0,Bachelor,28,Urban,0,22668.12,2256.28,32.0,Male,1
23309.24,Employed,502.0,Bachelor,21,Urban,2,10995.82,804.04,58.0,Female,0
82080.03,Employed,622.0,High School,53,Rural,3,46050.97,2508.73,54.0,Female,1
59218.75,Self-Employed,559.0,Bachelor,62,Urban,5,31546.97,609.5,30.0,Female,1
70677.89,Employed,568.0,Bachelor,52,Suburban,2,42117.18,3149.97,67.0,Male,1
15187.27,Unemployed,425.0,High School,59,Rural,4,6417.13,100.0,23.0,Male,0
32561.85,Self-Employed,469.0,Bachelor,48,Suburban,1,15029.99,826.9,26.0,Female,0
58321.23,Self-Employed,565.0,Bachelor,41,Urban,5,11028.89,1792.41,42.0,Female,1
19124.64,Self-Employed,477.0,High School,26,Suburban,5,3633.63,986.9,35.0,Male,1
50994.08,Employed,531.0,Bachelor,51,Rural,4,19144.27,2470.08,21.0,Male,1
69334.67,Employed,569.0,High School,34,Urban,1,41035.4,1840.15,36.0,Male,1
80727.06,Employed,694.0,PhD,33,Urban,5,48969.08,3411.2,60.0,Female,1
76823.53,Self-Employed,561.0,PhD,60,Suburban,2,6163.86,1912.2,39.0,Male,1
61156.09,Unemployed,623.0,Bachelor,50,Rural,1,24764.56,2545.92,47.0,Male,0
63630.13,Employed,623.0,Bachelor,41,Urban,2,7712.13,1376.76,27.0,Female,1
23433.61,Self-Employed,543.0,High School,56,Urban,1,,1250.58,45.0,Male,0
56763.95,Employed,516.0,Master,53,Rural,2,15820.67,3314.88,59.0,Female,1
82879.77,Employed,598.0,High School,42,Urban,2,33908.37,1904.03,66.0,Male,1
61358.45,Employed,543.0,Master,64,Urban,5,19214.42,2777.31,44.0,Female,1
78961.44,Unemployed,677.0,PhD,22,Suburban,2,39992.72,1908.19,41.0,Female,0
65354.66,Employed,585.0,High School,43,Urban,4,24005.8,1208.59,51.0,Female,1
55872.86,Employed,543.0,Bachelor,39,Urban,4,780.21,973.66,38.0,Male,1
36792.56,Self-Employed,606.0,Bachelor,26,Suburban,5,11943.06,1216.45,51.0,Female,0
60098.41,Employed,543.0,Bachelor,53,Suburban,3,25144.83,3546.75,64.0,Female,1
70057.5,Employed,598.0,High School,25,Suburban,3,18285.84,2690.03,32.0,Male,1
46320.42,Employed,571.0,Master,52,Urban,5,7162.49,895.98,23.0,Male,0
52805.81,Employed,564.0,High School,54,Suburban,4,31023.18,2752.91,40.0,Male,1
32379.18,Employed,515.0,Master,42,Suburban,1,2338.0,1817.37,18.0,Female,0
45906.14,Employed,576.0,Bachelor,31,Rural,3,8176.3,2351.56,75.0,Female,0
28179.01,Self-Employed,485.0,Bachelor,65,Suburban,3,12804.22,1837.37,25.0,Female,0
51433.54,Unemployed,597.0,Master,52,Suburban,3,13752.74,1284.34,59.0,Female,0
33665.03,Student,509.0,Master,26,Rural,3,11241.0,733.25,23.0,Female,0
72370.54,Employed,637.0,Bachelor,54,Rural,2,11828.5,3830.87,70.0,Male,1
53892.62,Employed,597.0,Bachelor,28,Urban,0,10028.28,1654.05,61.0,Male,1
41526.42,Employed,557.0,Bachelor,49,Rural,2,4893.67,1177.37,15.0,Female,1
30772.52,Employed,513.0,Bachelor,32,Rural,4,13322.27,1342.16,40.0,Male,0
71865.75,Employed,625.0,Master,49,Urban,5,1649.75,1418.71,68.0,Female,0
57381.51,Employed,581.0,High School,57,Urban,3,16103.81,1822.22,46.0,Female,1
71096.17,Self-Employed,430.0,Bachelor,56,Suburban,4,31084.6,988.46,53.0,Male,1
55828.02,Unemployed,516.0,Master,55,Urban,1,21359.31,3353.56,56.0,Female,0
65019.05,Employed,574.0,Bachelor,52,Suburban,4,12569.6,1752.11,57.0,Male,1
56937.77,Student,567.0,Master,55,Suburban,2,20823.01,764.0,58.0,Female,0
60452.47,Employed,591.0,High School,61,Urban,4,14976.96,3070.89,48.0,Female,1
48614.85,Student,612.0,High School,60,Urban,3,4796.41,1481.39,42.0,Female,0
30086.42,Self-Employed,543.0,Bachelor,55,Rural,4,7316.48,691.81,34.0,Male,0
55072.73,Employed,458.0,Bachelor,40,Urban,4,22323.92,2527.3,29.0,Male,1
42654.14,Employed,543.0,Master,34,Suburban,3,21645.83,1224.34,52.0,Male,1
66982.01,Employed,624.0,Bachelor,35,Urban,2,7073.61,2660.66,50.0,Male,1
73449.39,Self-Employed,583.0,High School,48,Suburban,4,20958.01,2149.25,65.0,Male,1
72445.12,Employed,586.0,Bachelor,48,Suburban,4,38350.91,4128.36,85.0,Male,1
28894.21,Unemployed,492.0,Bachelor,40,Urban,0,10192.18,999.17,32.0,Female,0
66581.2,Employed,611.0,Bachelor,39,Suburban,1,28660.13,2249.28,40.0,Male,1
41234.1,Student,516.0,High School,53,Suburban,1,20778.22,1767.53,35.0,Male,0
61496.94,Employed,588.0,Bachelor,44,Urban,1,28113.28,3471.91,74.0,Female,1
44449.81,Self-Employed,556.0,Master,21,Urban,4,23881.97,1683.26,23.0,Female,1
54727.03,Unemployed,554.0,Bachelor,27,Suburban,0,6771.25,1269.06,47.0,Female,0
37328.65,Employed,548.0,Bachelor,35,Suburban,1,20559.08,1296.04,19.0,Female,1
41498.85,Employed,542.0,High School,38,Suburban,2,1614.59,776.91,61.0,Female,1
77387.13,Employed,641.0,Master,53,Suburban,1,35120.92,2478.48,58.0,Female,1
42398.76,Self-Employed,564.0,High School,42,Urban,1,12773.37,793.75,29.0,Female,0
39189.52,Unemployed,576.0,Bachelor,40,Urban,2,18002.87,1350.26,69.0,Female,0
60794.09,Employed,526.0,Bachelor,24,Suburban,3,7584.03,1924.41,33.0,Male,1
31988.7,Unemployed,482.0,High School,23,Suburban,2,5559.37,1755.54,46.0,Male,0
36725.83,Unemployed,528.0,Bachelor,65,Rural,5,5416.46,643.54,5.0,Male,0
55208.78,Self-Employed,586.0,High School,59,Urban,2,15637.02,1818.32,53.0,Male,1
64120.54,Employed,589.0,Master,22,Suburban,5,11240.42,2254.02,41.0,Female,1
37567.68,Employed,493.0,High School,41,Suburban,3,2101.28,1322.39,38.0,Male,0
39749.37,Student,565.0,PhD,62,Urban,2,24644.94,1154.57,26.0,Male,0
71971.93,Self-Employed,548.0,Bachelor,53,Suburban,0,33121.41,1967.15,28.0,Male,0
60656.68,Self-Employed,590.0,High School,24,Suburban,4,16923.93,2725.66,40.0,Female,1
47062.1,Unemployed,553.0,Bachelor,40,Urban,3,24835.19,1689.14,63.0,Male,0
54936.84,Employed,542.0,High School,59,Urban,5,13287.22,1716.84,50.0,Female,0
50272.18,Self-Employed,521.0,Master,34,Urban,5,21576.53,1619.46,30.0,Female,1
8421.22,Self-Employed,491.0,High School,45,Rural,3,3171.74,406.62,4.0,Male,0
42269.67,Unemployed,537.0,Master,35,Urban,1,8699.94,1825.79,74.0,Female,0
23539.72,Self-Employed,460.0,High School,29,Urban,2,10081.86,1139.8,4.0,Male,0
56766.0,Employed,581.0,High School,59,Urban,0,38414.21,1113.19,58.0,Male,1
69563.59,Employed,625.0,High School,31,Urban,0,14689.45,1688.75,51.0,Female,1
28757.92,Unemployed,553.0,Bachelor,47,Urban,2,421.36,100.0,33.0,Female,0
48619.57,Self-Employed,557.0,Bachelor,36,Suburban,1,18576.66,1864.58,36.0,Male,0
50912.59,Employed,526.0,Master,48,Urban,5,10627.56,1284.65,53.0,Female,1
47663.78,Student,547.0,Bachelor,56,Urban,5,16948.41,646.2,55.0,Male,0
49501.55,Employed,538.0,High School,45,Urban,1,981.17,1169.02,57.0,Female,1
50713.04,Employed,551.0,Master,27,Urban,1,5434.01,2877.86,66.0,Female,0
56688.62,Student,596.0,Bachelor,33,Urban,4,29543.18,1844.18,22.0,Female,1
101535.55,Self-Employed,613.0,Master,31,Suburban,1,53597.84,2328.59,36.0,Female,1
56847.88,Unemployed,472.0,Bachelor,51,Suburban,1,22498.62,2542.31,38.0,Male,0
41340.94,Unemployed,568.0,Master,52,Suburban,4,22881.93,1916.39,45.0,Female,0
48161.86,Employed,560.0,High School,27,Urban,2,8927.89,2713.98,53.0,Female,1
59296.61,Employed,565.0,PhD,48,Rural,5,58.17,898.47,56.0,Female,1
22987.41,Unemployed,453.0,High School,41,Suburban,3,3259.29,463.5,37.0,Male,0
84372.35,Employed,556.0,Master,39,Urban,1,7621.89,3859.8,66.0,Male,0
69025.6,Employed,540.0,High School,59,Urban,0,22908.94,4099.72,50.0,Male,0
49457.06,Employed,518.0,Master,23,Suburban,4,31017.04,2591.1,79.0,Male,1
75494.73,Employed,559.0,Master,53,Urban,2,12385.5,2937.1,40.0,Male,1
86666.88,Employed,544.0,Master,46,Urban,2,49776.65,3852.3,44.0,Male,1
49747.27,Employed,641.0,Bachelor,32,Suburban,4,19478.55,2076.71,49.0,Female,1
56826.99,Self-Employed,622.0,Bachelor,31,Urban,1,2660.05,3267.99,69.0,Male,0
69439.74,Employed,585.0,Master,28,Rural,5,24450.46,3236.08,40.0,Female,1
68866.27,Employed,570.0,Bachelor,48,Urban,3,16375.2,1550.87,38.0,Female,1
64435.87,Employed,647.0,Bachelor,50,Urban,5,30590.83,1409.3,37.0,Female,1
55813.43,Self-Employed,626.0,High School,33,Urban,4,27044.53,3171.73,35.0,Male,1
67828.81,Employed,537.0,Bachelor,38,Urban,3,26623.04,2469.02,39.0,Male,1
46834.24,Employed,551.0,Bachelor,65,Rural,0,14498.24,2113.82,35.0,Female,1
32234.26,Self-Employed,511.0,Bachelor,52,Rural,4,7915.32,1404.92,62.0,Female,0
23650.78,Employed,495.0,High School,47,Rural,0,11890.32,173.2,38.0,Male,0
63933.42,Employed,557.0,Bachelor,26,Suburban,4,37605.94,835.21,32.0,Female,1
47622.96,Unemployed,537.0,Master,46,Urban,5,7091.96,3336.69,80.0,Female,0
64832.79,Employed,575.0,Bachelor,38,Urban,3,27343.35,2364.12,74.0,Female,1
57566.81,Employed,565.0,Master,58,Urban,5,31792.21,2995.04,76.0,Male,1
48538.79,Employed,607.0,High School,29,Rural,3,8292.48,1100.66,34.0,Male,1
58179.6,Self-Employed,520.0,Bachelor,65,Suburban,3,16733.51,1382.81,57.0,Male,1
54185.11,Unemployed,594.0,Bachelor,63,Suburban,3,2598.14,1021.17,72.0,Female,0
69776.32,Self-Employed,524.0,Bachelor,56,Suburban,0,14558.05,2212.02,40.0,Male,1
32900.59,Student,531.0,Bachelor,43,Suburban,0,12450.22,788.4,36.0,Male,0
55568.29,Self-Employed,600.0,High School,47,Urban,0,34289.18,2752.18,42.0,Female,1
47796.63,Employed,567.0,Bachelor,61,Suburban,5,10724.01,2458.41,51.0,Male,1
11805.3,Employed,476.0,High School,59,Suburban,0,8391.65,923.9,67.0,Male,0
78889.27,Self-Employed,599.0,Bachelor,57,Rural,3,29836.32,1702.55,45.0,Male,0
62376.05,Self-Employed,637.0,Master,29,Urban,1,25324.21,2194.54,38.0,Male,1
69591.95,Employed,546.0,High School,39,Urban,2,34924.25,1413.92,41.0,Male,1
49079.85,Employed,569.0,Bachelor,55,Suburban,4,23064.95,779.55,57.0,Male,1
38889.77,Employed,572.0,Bachelor,26,Rural,5,8566.23,885.78,1.0,Female,0
50801.11,Employed,528.0,Master,51,Rural,0,17216.01,1837.32,50.0,Female,1
52789.74,Self-Employed,627.0,High School,37,Suburban,3,26311.45,1661.47,40.0,Male,0
58642.2,Self-Employed,650.0,Bachelor,46,Urban,0,35290.12,2050.24,36.0,Female,1
57465.45,Unemployed,605.0,Master,62,Urban,1,9639.61,2666.25,22.0,Male,0
47554.47,Employed,590.0,Bachelor,60,Suburban,4,28823.4,1834.23,53.0,Female,1
50606.41,Unemployed,468.0,Master,37,Urban,0,6373.99,1096.51,36.0,Male,0
42352.43,Employed,474.0,Bachelor,52,Suburban,1,19616.99,2579.18,55.0,Female,0
85039.47,Employed,591.0,Master,21,Rural,3,28607.96,4076.61,38.0,Male,1
10289.99,Unemployed,458.0,High School,53,Urban,1,0.0,1375.97,13.0,Female,0
26670.44,Student,539.0,High School,27,Urban,2,9013.67,1475.51,24.0,Male,0
36648.64,Student,397.0,Bachelor,61,Urban,3,18818.28,1445.47,39.0,Female,0
97833.98,Employed,641.0,Bachelor,34,Urban,5,45355.38,4664.46,31.0,Male,1
66502.47,Employed,560.0,Bachelor,52,Suburban,0,19900.4,3371.83,54.0,Female,0
39196.31,Self-Employed,505.0,High School,50,Urban,3,22519.18,1549.0,68.0,Male,1
42332.87,Unemployed,619.0,High School,32,Urban,3,22312.41,1809.2,7.0,Female,0
73737.45,Employed,565.0,Master,58,Urban,2,8733.94,2752.09,38.0,Female,1
54106.17,Employed,478.0,High School,29,Urban,0,15405.38,2224.09,44.0,Female,1
77437.21,Employed,604.0,Master,61,Suburban,4,48513.69,2168.97,43.0,Male,1
59871.07,Employed,576.0,Bachelor,44,Suburban,1,5903.85,1251.38,61.0,Male,0
53561.97,Employed,542.0,High School,41,Suburban,0,26815.41,568.55,31.0,Male,0
33706.09,Self-Employed,627.0,Bachelor,31,Suburban,2,9306.65,1644.03,39.0,Male,0
87646.48,Employed,608.0,Master,21,Urban,1,21632.57,2583.06,42.0,Female,1
54287.42,Self-Employed,596.0,Master,52,Suburban,3,24036.99,2322.4,54.0,Female,1
29441.61,Self-Employed,530.0,High School,53,Urban,3,15060.17,1373.67,67.0,Female,1
43435.15,Employed,592.0,Bachelor,58,Rural,1,4906.52,1978.89,45.0,Female,1
59039.18,Employed,543.0,Master,64,Urban,5,2644.87,3735.53,77.0,Female,1
25981.47,Unemployed,462.0,Bachelor,34,Urban,5,11237.75,774.82,40.0,Female,0
61664.75,Employed,596.0,High School,46,Urban,1,27619.34,2404.21,28.0,Female,1
45612.9,Unemployed,552.0,High School,62,Suburban,5,5141.28,1711.9,60.0,Male,0
28612.01,Employed,550.0,Bachelor,46,Urban,1,4824.31,525.16,37.0,Female,0
51278.36,Employed,519.0,Master,54,Rural,2,21970.71,1720.33,65.0,Female,0
48353.43,Student,564.0,Master,53,Urban,3,20215.61,1435.3,55.0,Male,0
60417.82,Employed,488.0,Master,65,Rural,1,29078.77,1913.58,59.0,Male,0
80594.76,Employed,567.0,Bachelor,36,Suburban,3,39288.08,3843.67,43.0,Female,1
25796.32,Unemployed,478.0,Bachelor,29,Urban,0,9586.91,1306.64,27.0,Female,0
73436.18,Employed,600.0,High School,62,Urban,3,27338.21,2290.8,46.0,Female,1
47806.86,Employed,520.0,High School,41,Urban,5,18356.83,2871.32,29.0,Female,1
55575.92,Student,491.0,High School,29,Rural,1,22642.13,2511.21,31.0,Male,0
58335.65,Employed,531.0,Master,49,Rural,0,33922.11,2972.64,39.0,Male,1
43578.77,Employed,562.0,High School,59,Urban,3,3730.73,1170.51,22.0,Female,0
55660.44,Self-Employed,559.0,Bachelor,55,Urban,1,14686.94,2857.18,48.0,Female,1
79383.76,Self-Employed,553.0,Bachelor,36,Urban,4,13606.82,3628.26,53.0,Male,1
60374.75,Employed,597.0,Bachelor,62,Urban,1,19599.73,2933.19,42.0,Female,1
62138.79,Employed,632.0,Bachelor,22,Suburban,0,31120.75,2410.36,28.0,Male,1
39550.47,Unemployed,571.0,High School,61,Urban,1,14435.85,2027.38,33.0,Female,0
28804.15,Unemployed,410.0,Bachelor,29,Urban,4,11855.27,643.94,42.0,Male,0
60050.32,Employed,570.0,Bachelor,31,Rural,0,24957.97,1144.38,37.0,Male,1
57577.78,Employed,549.0,Master,35,Suburban,5,34107.89,2609.99,50.0,Male,1
81068.98,Employed,497.0,Bachelor,40,Suburban,1,37008.61,4335.09,43.0,Male,1
72279.93,Employed,518.0,Master,23,Urban,1,33906.24,1629.03,49.0,Female,1
45390.9,Unemployed,574.0,Bachelor,53,Rural,4,7179.6,1268.62,53.0,Male,0
8000.0,Student,493.0,High School,26,Suburban,5,5248.69,100.0,16.0,Male,0
65600.98,Employed,571.0,Bachelor,26,Suburban,1,32187.66,2707.39,42.0,Female,1
56336.89,Student,524.0,PhD,21,Urban,5,28035.44,1919.37,20.0,Female,1
8000.0,Unemployed,533.0,High School,64,Rural,4,1259.01,618.92,50.0,Male,0
50424.69,Self-Employed,490.0,High School,23,Suburban,0,28250.33,1600.71,76.0,Male,0
25225.68,Student,469.0,Master,54,Rural,2,14989.35,651.32,52.0,Male,0
72165.43,Employed,562.0,Master,49,Suburban,1,0.0,1941.46,42.0,Female,0
52509.57,Unemployed,480.0,High School,58,Suburban,0,9550.06,2129.29,48.0,Male,0
40141.46,Employed,491.0,Master,41,Suburban,5,3846.51,715.75,47.0,Male,1
54550.27,Employed,599.0,Bachelor,61,Rural,4,10742.08,2654.71,29.0,Male,1
55526.64,Employed,515.0,Bachelor,42,Urban,5,10405.08,2985.41,51.0,Female,0
32156.44,Employed,554.0,Bachelor,29,Urban,3,13153.99,1469.14,42.0,Male,0
82747.56,Self-Employed,620.0,PhD,61,Suburban,4,40215.88,4203.94,53.0,Female,1
60385.66,Employed,552.0,High School,39,Suburban,3,31480.51,1495.37,36.0,Male,1
93391.33,Employed,543.0,Master,21,Suburban,0,53381.54,2628.98,49.0,Female,1
58442.51,Employed,560.0,High School,50,Suburban,0,794.12,2426.81,32.0,Male,0
45815.0,Employed,444.0,Bachelor,35,Suburban,5,24016.78,2437.78,36.0,Male,1
66715.04,Employed,545.0,Bachelor,58,Suburban,3,43415.9,1199.93,45.0,Male,1
85272.11,Employed,606.0,Master,27,Urban,1,36136.49,5079.43,60.0,Female,0
37026.95,Student,565.0,Master,54,Rural,4,0.0,2336.01,47.0,Female,0
80786.21,Self-Employed,582.0,Master,58,Urban,3,47136.64,3835.73,69.0,Male,1
31676.36,Employed,491.0,Master,26,Suburban,5,12272.29,1239.24,40.0,Male,0
63126.01,Self-Employed,532.0,High School,47,Rural,2,23199.77,3392.72,49.0,Female,0
84005.82,Self-Employed,572.0,PhD,50,Urban,4,10896.26,4372.75,67.0,Female,1
23834.46,Employed,535.0,Bachelor,62,Urban,5,7229.87,984.87,66.0,Male,1
67739.84,Employed,586.0,Bachelor,34,Urban,2,34539.28,2811.19,42.0,Male,1
25202.45,Employed,508.0,Bachelor,42,Suburban,5,13816.86,1463.02,49.0,Female,0
48833.72,Employed,571.0,Bachelor,39,Urban,4,6940.87,2990.51,46.0,Female,1
48183.02,Unemployed,542.0,Bachelor,37,Urban,0,6419.89,2244.24,32.0,Female,0
48959.61,Employed,483.0,Bachelor,65,Rural,0,29296.87,2391.21,47.0,Female,0
72849.19,Employed,527.0,High School,50,Urban,0,41387.44,2956.56,59.0,Male,1
67956.02,Employed,597.0,Master,28,Suburban,2,31926.67,2256.45,34.0,Male,1
64438.25,Self-Employed,503.0,Master,59,Suburban,4,31126.6,1878.83,61.0,Male,1
63477.42,Student,547.0,Bachelor,25,Urban,4,11209.06,2410.79,41.0,Male,0
72936.05,Employed,572.0,PhD,60,Urban,4,21924.3,1355.6,35.0,Male,1
54622.51,Employed,505.0,Bachelor,39,Rural,2,4317.82,1534.82,54.0,Male,0
58600.04,Self-Employed,482.0,Bachelor,51,Suburban,0,16809.8,1997.76,49.0,Male,0
64987.48,Employed,513.0,Master,59,Urban,0,5852.85,2395.06,36.0,Female,1
76403.27,Employed,501.0,Bachelor,60,Suburban,0,20475.63,1135.6,21.0,Male,1
54997.97,Self-Employed,579.0,Master,28,Suburban,0,22024.84,2795.09,75.0,Male,0
45545.41,Employed,556.0,Bachelor,39,Urban,5,22612.77,1897.38,47.0,Female,1
39074.79,Employed,495.0,Bachelor,24,Suburban,1,5940.71,1715.75,72.0,Female,0
14872.52,Employed,433.0,High School,49,Suburban,1,5350.58,453.75,30.0,Female,0
96256.13,Employed,663.0,PhD,39,Urban,4,14945.87,5664.14,68.0,Female,1
9488.2,Unemployed,507.0,High School,65,Rural,1,9100.9,105.99,17.0,Female,0
58421.07,Employed,529.0,Bachelor,49,Urban,4,21926.47,2712.73,33.0,Male,1
77369.79,Employed,637.0,High School,40,Urban,2,5954.34,3622.4,47.0,Male,1
53871.69,Self-Employed,556.0,Bachelor,27,Urban,4,26693.84,2514.91,73.0,Female,0
46716.07,Unemployed,554.0,Bachelor,33,Suburban,1,833.05,1999.37,48.0,Male,0
45691.11,Employed,492.0,Master,57,Suburban,5,18918.27,884.67,56.0,Male,0
73975.32,Self-Employed,511.0,Bachelor,27,Rural,4,40713.15,3939.25,85.0,Male,1
50176.03,Self-Employed,474.0,High School,59,Urban,1,19181.22,1231.43,55.0,Male,1
35725.58,Employed,618.0,High School,48,Suburban,3,15103.85,1220.0,55.0,Male,0
35714.64,Employed,487.0,High School,44,Suburban,4,14069.51,765.35,41.0,Male,1
89349.64,Self-Employed,604.0,Master,42,Urban,5,5716.41,3023.51,72.0,Female,1
57207.34,Employed,576.0,Master,22,Urban,2,21888.89,2014.0,51.0,Female,1
40051.08,Employed,529.0,Bachelor,31,Rural,5,21895.05,1988.42,62.0,Male,1
51503.96,Employed,540.0,Bachelor,44,Urban,4,13098.81,1930.91,40.0,Female,1
51680.59,Employed,539.0,High School,42,Suburban,2,8335.68,3008.24,60.0,Male,1
65277.29,Employed,588.0,Master,30,Suburban,4,12229.17,2442.5,54.0,Female,1
80665.36,Employed,542.0,PhD,57,Urban,3,33550.38,946.17,35.0,Female,1
46521.42,Unemployed,520.0,Master,41,Rural,5,19833.49,1177.49,20.0,Male,0
50707.08,Self-Employed,442.0,High School,38,Rural,0,25684.97,2581.36,53.0,Female,0
50908.8,Employed,462.0,Bachelor,55,Suburban,4,22554.28,2753.6,56.0,Female,1
102082.69,Employed,561.0,PhD,27,Suburban,4,21583.38,4054.58,40.0,Female,1
24673.4,Student,547.0,High School,23,Suburban,0,10873.86,1476.53,45.0,Female,0
73285.91,Self-Employed,566.0,Bachelor,35,Suburban,3,24296.91,3123.61,55.0,Female,1
59014.81,Self-Employed,589.0,Master,21,Urban,4,4815.86,1947.12,61.0,Male,1
44583.49,Employed,554.0,Master,37,Urban,5,16917.17,2850.28,54.0,Female,1
32993.67,Employed,532.0,Bachelor,27,Urban,0,10338.79,1276.82,52.0,Female,0
59559.26,Employed,516.0,Bachelor,50,Suburban,1,36901.54,2924.42,47.0,Female,1
64429.38,Unemployed,569.0,Master,23,Suburban,3,25535.72,2793.34,44.0,Male,0
20734.68,Unemployed,514.0,Bachelor,30,Urban,3,5913.36,683.94,36.0,Female,0
49837.58,Employed,643.0,Master,32,Rural,0,18384.55,2081.74,39.0,Male,1
61791.92,Self-Employed,546.0,Bachelor,47,Urban,4,29934.15,1985.03,41.0,Female,0
49961.87,Unemployed,578.0,Master,39,Urban,2,14570.81,2776.79,57.0,Male,0
37215.29,Unemployed,521.0,Master,55,Urban,2,3008.54,633.04,46.0,Female,0
35811.07,Employed,493.0,Bachelor,56,Suburban,4,19254.71,206.99,43.0,Female,1
66636.13,Employed,608.0,Bachelor,38,Urban,3,30446.23,3530.05,57.0,Male,1
45793.97,Student,624.0,High School,22,Suburban,1,25717.48,1700.44,63.0,Male,1
74376.24,Employed,591.0,Master,64,Suburban,2,34921.27,3610.93,73.0,Male,1
58397.7,Employed,526.0,Bachelor,36,Urban,0,26535.29,3084.51,53.0,Female,1
27164.43,Employed,533.0,High School,45,Rural,5,4251.2,800.55,62.0,Female,1
74718.32,Employed,592.0,Master,62,Urban,1,25875.61,2413.43,68.0,Male,1
70597.42,Employed,674.0,Master,50,Suburban,2,23004.07,3096.48,53.0,Male,1
50301.77,Employed,578.0,Master,46,Urban,1,13646.68,272.75,27.0,Male,1
39464.88,Student,488.0,Bachelor,36,Suburban,2,20138.59,1643.53,38.0,Male,0
72496.46,Employed,634.0,PhD,58,Rural,1,22849.63,2999.9,51.0,Female,1
49826.39,Student,579.0,Master,29,Urban,0,10106.84,2896.13,45.0,Female,0
8000.0,Unemployed,527.0,High School,42,Urban,4,0.0,536.07,23.0,Male,0
62394.69,Self-Employed,582.0,PhD,36,Urban,2,33212.59,2312.06,31.0,Female,1
51396.85,Employed,592.0,Bachelor,25,Urban,4,19296.98,2816.06,43.0,Male,1
47389.41,Unemployed,561.0,Master,33,Rural,1,1912.4,1217.33,32.0,Female,0
105975.75,Employed,613.0,Master,29,Suburban,3,40242.61,3027.19,22.0,Male,1
57009.48,Employed,561.0,Bachelor,25,Suburban,1,4945.61,2276.03,59.0,Female,0
18030.49,Student,494.0,Bachelor,55,Rural,1,0.0,1124.77,56.0,Female,0
44592.41,Employed,552.0,High School,52,Rural,5,12244.11,1279.84,50.0,Male,0
23159.52,Unemployed,510.0,High School,59,Rural,3,13264.12,723.87,7.0,Female,0
69348.93,Employed,558.0,Bachelor,22,Urban,0,,1680.4,41.0,Female,1
88631.83,Employed,592.0,Master,42,Urban,5,16662.33,2841.61,56.0,Male,1
72865.27,Self-Employed,577.0,High School,50,Urban,4,14838.22,2164.75,65.0,Male,1
56058.44,Self-Employed,473.0,High School,43,Urban,2,22783.35,1421.76,75.0,Female,0
61988.11,Employed,608.0,Bachelor,22,Urban,1,12376.12,1414.03,42.0,Male,1
56251.03,Unemployed,569.0,High School,41,Urban,2,20008.36,2613.0,50.0,Male,0
48787.47,Employed,515.0,High School,26,Urban,4,7124.15,1816.47,51.0,Male,0
50817.19,Employed,572.0,High School,21,Urban,2,25208.22,3367.91,43.0,Female,1
56348.44,Self-Employed,531.0,Bachelor,53,Urban,1,13208.75,2217.02,35.0,Male,0
30030.62,Employed,493.0,Bachelor,25,Urban,1,4370.12,1382.87,55.0,Male,0
85076.36,Employed,612.0,Master,34,Urban,5,,4473.08,68.0,Female,1
65132.79,Employed,631.0,Bachelor,65,Suburban,1,25237.85,2424.04,44.0,Female,1
11449.86,Employed,502.0,High School,63,Suburban,3,1797.25,100.0,12.0,Female,0
67026.31,Student,534.0,Master,22,Suburban,4,0.0,2754.86,17.0,Male,0
69448.44,Employed,557.0,PhD,39,Urban,0,23234.13,3705.16,52.0,Female,1
70828.19,Self-Employed,613.0,Bachelor,36,Urban,0,41464.52,2690.56,48.0,Female,1
69136.85,Self-Employed,590.0,Master,48,Urban,1,34811.21,1446.76,39.0,Male,1
45639.91,Employed,582.0,Master,52,Urban,3,24998.93,1494.82,56.0,Female,1
55395.3,Student,570.0,Master,24,Urban,5,12661.17,2393.3,50.0,Male,0
41523.21,Employed,567.0,Bachelor,40,Rural,2,16967.32,1939.04,15.0,Male,0
35656.72,Employed,615.0,High School,33,Urban,1,12214.5,1866.82,74.0,Male,1
61005.44,Self-Employed,499.0,High School,65,Urban,1,16781.21,2893.68,12.0,Female,1
70873.18,Self-Employed,683.0,Master,34,Suburban,4,13027.94,1961.39,37.0,Male,1
89463.53,Employed,643.0,Master,22,Suburban,3,19430.72,2183.6,31.0,Male,1
36084.23,Unemployed,643.0,Bachelor,49,Urban,3,17656.15,936.39,47.0,Male,0
24556.45,Student,464.0,High School,60,Urban,1,13673.76,904.56,20.0,Male,0
56582.07,Employed,571.0,High School,57,Rural,3,10131.98,2029.33,55.0,Male,1
43494.77,Self-Employed,542.0,Bachelor,27,Urban,1,24526.8,1669.78,39.0,Female,1
62347.08,Employed,602.0,Master,54,Suburban,5,28469.84,3232.43,62.0,Male,1
66876.43,Employed,590.0,Bachelor,30,Suburban,3,19728.73,2842.4,13.0,Male,1
56110.82,Employed,569.0,Bachelor,27,Urban,0,776.56,3225.94,48.0,Female,0
51669.04,Employed,582.0,Bachelor,44,Suburban,3,22162.59,3377.76,62.0,Male,1
42960.07,Self-Employed,530.0,Master,57,Urban,0,,2225.53,29.0,Female,0
84053.37,Employed,570.0,Master,60,Urban,5,16683.11,3516.2,57.0,Male,1
48473.6,Employed,563.0,High School,48,Urban,2,16530.4,2247.93,50.0,Male,1
64271.39,Employed,542.0,Bachelor,39,Rural,4,10950.48,2664.86,52.0,Male,1
77289.89,Employed,578.0,Master,47,Urban,5,32386.49,4434.86,52.0,Male,1
86369.31,Employed,532.0,Master,34,Urban,2,20070.26,3945.23,66.0,Male,1
47466.47,Employed,544.0,Bachelor,27,Rural,0,25536.24,2295.72,52.0,Female,1
48784.22,Employed,501.0,High School,39,Urban,0,11733.65,1524.31,47.0,Male,0
34375.97,Employed,521.0,Bachelor,28,Rural,1,,764.55,30.0,Female,1
46860.24,Employed,491.0,Bachelor,25,Suburban,1,653.25,2654.68,34.0,Female,1
56117.45,Employed,552.0,High School,54,Suburban,4,11258.82,1371.13,49.0,Male,1
62744.18,Employed,603.0,PhD,58,Suburban,0,7624.27,4036.14,45.0,Male,0
53736.8,Self-Employed,523.0,High School,54,Suburban,4,13728.98,2653.64,70.0,Male,0
90009.38,Self-Employed,560.0,Master,62,Urban,1,14559.82,2641.66,79.0,Male,1
48321.82,Employed,577.0,Bachelor,42,Rural,0,13772.25,2489.75,37.0,Male,1
23284.46,Employed,548.0,High School,51,Rural,0,6282.85,1114.96,28.0,Female,1
44798.98,Employed,556.0,Bachelor,30,Rural,4,21193.54,1214.69,48.0,Female,1
37660.1,Employed,506.0,Bachelor,41,Suburban,4,9931.64,2053.42,50.0,Male,1
83013.35,Employed,563.0,Master,25,Suburban,5,21484.03,3740.67,53.0,Female,1
41272.77,Student,517.0,Bachelor,48,Suburban,3,20484.76,857.5,48.0,Female,0
43073.19,Employed,532.0,High School,40,Urban,3,12916.16,1376.35,52.0,Male,0
54602.16,Employed,474.0,Master,45,Suburban,0,4973.44,3218.55,40.0,Female,1
17268.3,Unemployed,454.0,Bachelor,59,Suburban,0,0.0,669.63,26.0,Female,0
47167.1,Student,597.0,High School,23,Suburban,3,5886.23,1816.1,16.0,Female,0
93557.94,Employed,616.0,Master,41,Urban,3,43242.49,4286.33,31.0,Female,1
28588.61,Employed,569.0,High School,38,Suburban,4,0.0,1000.97,26.0,Male,0
66648.91,Employed,614.0,High School,54,Suburban,3,19755.19,2582.08,43.0,Male,1
34312.24,Unemployed,508.0,Bachelor,50,Urban,0,4213.4,2054.12,57.0,Female,0
74012.36,Employed,566.0,Bachelor,53,Rural,3,13734.59,3784.15,63.0,Male,1
31492.58,Employed,562.0,Bachelor,59,Suburban,0,14412.99,1833.65,51.0,Male,1
69380.92,Employed,606.0,Master,34,Urban,5,9049.73,2654.79,45.0,Female,1
47881.51,Employed,586.0,High School,37,Urban,2,4209.04,927.33,73.0,Male,1
82886.34,Self-Employed,591.0,PhD,36,Suburban,2,44028.16,1757.59,26.0,Male,1
50917.13,Employed,552.0,High School,57,Urban,0,25117.38,2173.69,42.0,Female,1
47333.84,Employed,529.0,High School,41,Rural,1,26495.98,1611.49,48.0,Male,0
52410.2,Employed,546.0,High School,55,Urban,0,8573.32,3166.41,35.0,Male,1
71434.48,Self-Employed,544.0,High School,32,Urban,0,34809.67,3733.94,49.0,Female,1
59375.39,Employed,555.0,Bachelor,62,Urban,3,10499.36,2004.83,23.0,Male,1
59964.25,Unemployed,552.0,Master,42,Suburban,2,19070.85,3547.02,48.0,Male,0
72427.7,Employed,556.0,Master,65,Rural,3,35497.9,3891.61,77.0,Male,1
72332.14,Employed,612.0,Master,41,Rural,4,1773.18,895.15,42.0,Female,1
35778.74,Employed,461.0,High School,22,Suburban,4,8004.06,754.4,68.0,Male,1
73607.6,Employed,594.0,Master,32,Rural,5,17596.38,3773.56,75.0,Male,1
67053.04,Employed,527.0,Bachelor,40,Urban,0,9527.89,1227.38,19.0,Male,1
49158.15,Employed,505.0,Master,26,Suburban,0,21354.29,1535.08,25.0,Male,1
55814.06,Employed,519.0,Master,55,Rural,5,7898.64,2452.74,69.0,Female,1
88414.19,Employed,621.0,High School,36,Urban,5,30247.48,4890.46,58.0,Male,1
25122.9,Unemployed,407.0,Bachelor,58,Rural,0,9233.66,1007.64,18.0,Female,0
64485.25,Employed,573.0,Master,64,Urban,0,13697.13,759.72,53.0,Male,1
40760.65,Unemployed,533.0,High School,24,Urban,1,8935.76,1722.7,67.0,Male,0
26886.94,Unemployed,468.0,Bachelor,33,Suburban,3,0.0,406.76,59.0,Female,0
71106.8,Self-Employed,583.0,PhD,48,Rural,0,17683.61,3687.76,61.0,Male,0
55266.36,Employed,498.0,Bachelor,59,Urban,2,27521.98,2066.19,63.0,Male,1
57035.79,Employed,553.0,Bachelor,61,Rural,1,31761.85,1570.11,51.0,Female,1
41071.69,Unemployed,476.0,Bachelor,29,Urban,5,15198.46,2811.27,35.0,Male,0
92279.89,Employed,697.0,Master,31,Suburban,4,28518.05,1674.11,60.0,Female,1
55690.1,Employed,592.0,Bachelor,29,Suburban,3,22652.25,873.39,36.0,Female,1
58660.84,Employed,568.0,Bachelor,36,Urban,0,27920.5,1179.39,69.0,Male,0
66441.54,Employed,525.0,High School,48,Suburban,1,24529.75,2595.71,43.0,Male,1
54133.73,Employed,538.0,PhD,38,Suburban,1,25783.09,896.0,36.0,Male,1
92375.84,Employed,595.0,Master,53,Suburban,5,1346.56,4966.65,44.0,Male,0
45172.79,Self-Employed,549.0,Bachelor,38,Urban,3,24837.17,1049.3,51.0,Male,1
91886.71,Employed,622.0,PhD,47,Urban,2,34127.89,4582.3,86.0,Female,1
76849.15,Employed,593.0,Bachelor,46,Rural,0,24474.66,1933.17,57.0,Male,1
48112.91,Student,557.0,PhD,32,Suburban,4,8064.96,1592.59,44.0,Female,1
40554.31,Employed,523.0,High School,23,Rural,3,2879.1,1726.07,37.0,Male,0
49362.33,Employed,559.0,High School,30,Suburban,1,13354.17,2870.07,40.0,Male,0
72323.2,Employed,548.0,Master,56,Rural,5,45038.6,3432.25,71.0,Male,1
43029.13,Employed,487.0,Bachelor,54,Urban,4,19604.08,1102.18,31.0,Female,1
57361.61,Employed,638.0,Bachelor,26,Suburban,0,14138.5,1214.08,10.0,Male,1
62298.63,Employed,581.0,Master,38,Suburban,0,6760.23,2668.98,93.0,Male,1
20730.31,Unemployed,584.0,Bachelor,57,Urban,0,5838.77,488.53,42.0,Female,0
22324.94,Unemployed,493.0,Bachelor,57,Urban,1,10345.94,318.89,31.0,Female,0
60923.7,Employed,669.0,Bachelor,21,Suburban,2,36877.9,2623.61,38.0,Male,1
50657.88,Self-Employed,549.0,Bachelor,56,Rural,5,9588.0,2857.87,58.0,Female,0
39540.34,Employed,581.0,High School,56,Suburban,5,9875.44,1086.66,23.0,Male,1
35188.63,Unemployed,525.0,High School,26,Urban,5,8209.78,719.9,29.0,Male,0
45295.71,Employed,545.0,Bachelor,36,Rural,5,15676.06,1313.83,48.0,Male,1
89606.37,Employed,596.0,Master,23,Urban,0,39506.57,4311.2,43.0,Male,1
60455.27,Employed,537.0,Bachelor,50,Urban,4,23050.57,2175.32,28.0,Male,1
67463.02,Employed,614.0,Bachelor,59,Rural,5,34829.24,2177.75,38.0,Female,1
13609.66,Unemployed,492.0,Bachelor,29,Suburban,3,11334.42,306.33,32.0,Male,0
47841.49,Employed,579.0,High School,36,Rural,5,5651.08,1837.0,41.0,Female,1
59941.18,Employed,599.0,Bachelor,45,Rural,2,6262.62,2518.79,44.0,Female,0
44931.75,Employed,601.0,High School,24,Suburban,4,13226.31,1348.81,46.0,Female,1
29917.2,Unemployed,535.0,Bachelor,34,Urban,4,13137.35,1661.66,33.0,Female,0
47691.73,Employed,473.0,High School,30,Urban,1,15763.33,1270.44,46.0,Female,0
62136.98,Employed,548.0,Bachelor,21,Rural,4,30984.81,3319.93,43.0,Female,0
36842.0,Employed,525.0,Bachelor,51,Rural,2,5088.53,197.69,34.0,Male,0
80507.35,Employed,589.0,Master,53,Urban,1,17963.26,2607.16,39.0,Male,1
74775.49,Employed,639.0,Master,24,Urban,0,7331.99,1954.5,18.0,Male,1
60088.11,Self-Employed,610.0,Master,26,Urban,4,18320.77,3348.24,56.0,Female,0
43729.06,Student,529.0,Bachelor,24,Urban,4,19042.33,2263.85,62.0,Male,0
49927.9,Self-Employed,654.0,Bachelor,63,Rural,4,29793.0,1922.04,48.0,Female,1
78879.29,Employed,570.0,High School,46,Urban,5,25407.95,4584.5,39.0,Male,1
55220.04,Employed,540.0,High School,45,Urban,5,10983.4,1058.09,20.0,Female,1
30859.62,Self-Employed,468.0,High School,24,Rural,1,13703.16,855.7,52.0,Male,0
44470.53,Employed,467.0,High School,21,Suburban,4,16534.58,1099.52,47.0,Male,0
39831.33,Self-Employed,477.0,Bachelor,62,Suburban,1,8791.47,1972.59,47.0,Male,0
33653.18,Employed,567.0,Bachelor,63,Urban,4,15515.55,730.98,51.0,Male,1
24567.93,Unemployed,542.0,Bachelor,45,Urban,2,11909.52,100.0,46.0,Male,0
63801.15,Employed,525.0,Bachelor,26,Urban,5,24582.98,1690.26,45.0,Male,1
66109.36,Student,572.0,Bachelor,22,Urban,0,40310.8,3085.22,71.0,Male,1
68936.6,Employed,608.0,High School,58,Urban,1,30656.92,1888.17,70.0,Male,1
42671.09,Self-Employed,443.0,Bachelor,44,Urban,3,14529.94,555.84,57.0,Male,0
50035.25,Employed,624.0,Bachelor,35,Urban,3,26732.57,2519.19,59.0,Male,1
47919.74,Employed,589.0,Bachelor,21,Urban,5,18959.56,1025.46,42.0,Male,1
8275.86,Employed,521.0,High School,46,Rural,5,2931.6,108.05,36.0,Male,0
75485.39,Employed,635.0,PhD,60,Urban,1,21166.93,2503.66,59.0,Male,1
74048.82,Employed,487.0,Bachelor,58,Urban,3,36729.8,3754.98,45.0,Male,1
51214.14,Employed,537.0,Bachelor,53,Rural,4,8365.83,2859.21,48.0,Male,1
15982.75,Student,553.0,High School,23,Urban,5,4239.07,439.63,28.0,Female,0
14322.78,Unemployed,493.0,High School,55,Suburban,2,4563.45,1159.57,40.0,Female,0
44067.3,Self-Employed,570.0,Bachelor,51,Rural,0,11966.73,1878.46,32.0,Female,1
86553.3,Employed,662.0,PhD,58,Suburban,2,6408.63,3251.65,48.0,Male,1
47257.73,Employed,572.0,High School,27,Urban,1,21136.38,2151.65,40.0,Female,0
68523.64,Employed,559.0,Bachelor,59,Suburban,0,26728.41,1865.47,60.0,Male,1
69779.88,Employed,599.0,PhD,53,Suburban,1,18070.84,4399.68,74.0,Female,1
61551.83,Employed,486.0,Bachelor,55,Urban,1,4842.1,3158.21,59.0,Female,0
23897.46,Unemployed,529.0,Bachelor,28,Urban,0,9539.95,774.54,17.0,Female,0
47712.33,Employed,575.0,Bachelor,59,Urban,4,7566.09,1650.91,52.0,Female,0
36162.86,Employed,532.0,Bachelor,21,Rural,3,4302.51,1763.14,57.0,Male,0
83024.83,Employed,644.0,PhD,31,Urban,0,6249.57,4537.43,53.0,Female,1
45632.22,Employed,551.0,High School,27,Urban,2,20458.59,1605.62,55.0,Female,1
13035.54,Employed,498.0,Master,31,Suburban,5,0.0,100.0,50.0,Male,1
50217.32,Employed,627.0,High School,49,Rural,1,7457.98,2308.29,22.0,Female,0
84612.12,Employed,551.0,Master,62,Urban,1,12150.81,2871.64,64.0,Male,1
53824.34,Employed,613.0,Master,65,Urban,4,19834.3,1543.7,40.0,Female,1
71204.27,Self-Employed,634.0,Master,25,Urban,2,8439.75,2411.05,27.0,Female,1
48854.08,Student,581.0,Master,64,Suburban,4,0.0,2066.86,48.0,Male,0
23232.69,Employed,488.0,Bachelor,25,Suburban,1,0.0,310.57,31.0,Female,0
76294.51,Employed,598.0,High School,54,Rural,0,5228.16,2991.47,63.0,Male,1
46944.21,Employed,504.0,High School,29,Urban,3,23657.17,1656.67,52.0,Female,0
59021.24,Self-Employed,532.0,Bachelor,58,Urban,2,26227.44,1461.39,50.0,Female,1
48631.13,Employed,549.0,Bachelor,36,Urban,5,20985.95,484.63,26.0,Female,1
53567.05,Employed,510.0,Bachelor,60,Urban,4,13725.54,1936.18,39.0,Female,1
69424.94,Employed,562.0,Master,45,Suburban,2,18456.3,1489.39,38.0,Male,1
36361.91,Student,476.0,Master,44,Suburban,0,1656.12,221.12,46.0,Male,0
103409.47,Employed,650.0,PhD,40,Urban,3,42268.22,4366.32,77.0,Male,1
71572.2,Employed,649.0,Bachelor,31,Suburban,4,36795.15,3962.69,63.0,Male,1
77752.43,Employed,683.0,Master,44,Urban,1,48611.77,2091.82,33.0,Male,1
64873.27,Employed,519.0,Master,50,Suburban,3,38573.54,3116.08,44.0,Male,1
66581.72,Employed,530.0,PhD,27,Urban,0,28203.04,2364.01,53.0,Male,1
62451.34,Unemployed,560.0,Master,27,Suburban,4,16263.73,2713.46,66.0,Male,0
57160.4,Self-Employed,592.0,High School,40,Urban,5,31542.21,2073.48,44.0,Female,1
26008.66,Student,506.0,High School,58,Rural,1,1500.53,1582.81,53.0,Male,0
35732.17,Student,573.0,PhD,36,Rural,4,,1822.53,21.0,Female,0
31361.46,Employed,547.0,Bachelor,39,Rural,4,20426.56,1949.6,37.0,Male,1
43428.58,Unemployed,461.0,Master,64,Rural,1,16095.25,1276.4,52.0,Male,0
64266.14,Self-Employed,573.0,Master,32,Urban,1,13433.35,3124.87,15.0,Male,0
84784.37,Employed,544.0,Master,37,Suburban,2,29646.56,4962.7,76.0,Male,1
82883.07,Self-Employed,571.0,Master,58,Urban,5,37896.04,2539.98,53.0,Male,1
48583.41,Student,529.0,Master,44,Rural,2,8773.74,1404.68,43.0,Male,0
66783.2,Self-Employed,607.0,Master,26,Urban,1,18846.9,3517.79,22.0,Male,1
42718.69,Self-Employed,538.0,Bachelor,30,Urban,1,7694.98,2700.27,63.0,Male,0
62914.66,Employed,547.0,High School,64,Suburban,1,17760.62,849.22,69.0,Female,1
33149.05,Unemployed,620.0,High School,57,Urban,3,4936.32,1100.82,37.0,Male,0
64079.21,Employed,530.0,Bachelor,63,Suburban,4,30568.01,3319.11,44.0,Female,0
85652.06,Self-Employed,614.0,Master,42,Urban,1,19869.22,4269.68,52.0,Male,1
52515.89,Self-Employed,583.0,Master,48,Suburban,2,17832.7,1097.44,52.0,Female,1
38581.26,Employed,541.0,Bachelor,27,Rural,2,16397.74,305.95,52.0,Female,0
92030.59,Employed,569.0,Bachelor,53,Suburban,1,8089.08,1785.86,53.0,Female,1
64917.03,Self-Employed,528.0,Bachelor,46,Urban,2,23489.45,3578.99,49.0,Female,1
65821.02,Employed,600.0,Master,22,Urban,0,18521.67,3692.54,70.0,Male,1
76598.44,Employed,635.0,Bachelor,59,Urban,2,19208.26,3641.79,36.0,Female,1
49376.15,Employed,546.0,High School,40,Urban,4,22484.45,1464.24,60.0,Male,1
59882.28,Employed,504.0,Bachelor,65,Suburban,2,33982.49,2503.7,67.0,Female,1
49476.5,Employed,549.0,Bachelor,60,Urban,2,23840.21,2432.35,41.0,Female,0
61745.44,Employed,635.0,Bachelor,39,Urban,3,33546.77,3194.11,77.0,Male,1
41888.95,Unemployed,493.0,Master,21,Urban,2,3751.28,1866.78,59.0,Female,0
51721.79,Employed,538.0,Master,27,Rural,2,11096.28,1893.05,45.0,Male,1
33642.94,Unemployed,529.0,High School,34,Urban,1,14140.87,1438.59,37.0,Female,0
40421.07,Employed,585.0,High School,34,Urban,4,19659.42,700.5,50.0,Female,1
67639.81,Employed,551.0,Bachelor,36,Suburban,3,18686.62,3668.7,44.0,Male,1
43431.84,Self-Employed,562.0,High School,63,Urban,0,4723.63,2851.76,71.0,Female,0
25198.51,Employed,577.0,Bachelor,51,Rural,3,8875.26,985.71,32.0,Female,1
48312.72,Student,481.0,High School,29,Urban,2,22376.83,1671.09,80.0,Male,0
60563.96,Employed,506.0,High School,52,Suburban,0,28812.07,2103.63,50.0,Male,0
80803.28,Unemployed,589.0,Master,23,Suburban,3,14862.79,4112.77,36.0,Male,0
43265.83,Employed,584.0,High School,23,Rural,0,709.03,1682.13,63.0,Female,1
49749.82,Unemployed,564.0,Master,50,Suburban,1,28788.36,1522.41,37.0,Male,0
62178.85,Employed,615.0,Bachelor,30,Suburban,3,21429.89,2656.62,20.0,Female,1
71295.53,Self-Employed,503.0,Bachelor,40,Urban,3,31802.03,2634.21,77.0,Female,1
65357.99,Employed,587.0,High School,58,Suburban,1,32762.89,1399.93,83.0,Male,1
35781.78,Unemployed,401.0,High School,38,Suburban,5,13663.17,937.87,48.0,Male,0
54505.37,Employed,616.0,Bachelor,29,Suburban,5,10156.21,1912.17,54.0,Female,1
75639.93,Employed,640.0,Master,65,Suburban,0,35419.08,4012.68,62.0,Female,1
66881.01,Self-Employed,559.0,Master,33,Urban,1,21790.93,4081.82,65.0,Male,1
34662.48,Employed,424.0,High School,50,Urban,0,5989.72,1042.53,36.0,Male,0
29481.63,Self-Employed,511.0,High School,28,Urban,0,9518.44,1304.53,41.0,Male,0
43601.03,Self-Employed,591.0,High School,28,Urban,2,10482.26,1471.85,40.0,Female,0
71799.54,Employed,599.0,Master,54,Urban,0,9490.94,3617.84,53.0,Male,0
85080.44,Self-Employed,683.0,High School,61,Urban,5,25702.7,1865.79,26.0,Female,1
49199.62,Employed,535.0,High School,22,Suburban,4,16822.47,865.93,54.0,Male,1
63699.01,Employed,661.0,Master,64,Suburban,0,37642.59,2438.1,49.0,Female,1
60935.01,Employed,474.0,Master,34,Suburban,1,23872.24,2555.41,59.0,Male,1
68282.09,Employed,542.0,Bachelor,65,Suburban,4,31674.0,2933.66,57.0,Male,1
34205.15,Unemployed,469.0,High School,44,Urban,1,9428.94,1047.47,6.0,Female,0
33424.95,Student,559.0,Bachelor,55,Urban,2,3082.69,1263.97,48.0,Female,0
20828.09,Student,453.0,High School,21,Suburban,0,6471.87,776.7,51.0,Male,0
46964.5,Self-Employed,591.0,Bachelor,28,Rural,5,5306.53,838.65,27.0,Male,1
54349.43,Employed,587.0,Master,63,Suburban,0,13126.72,1030.47,40.0,Male,1
47532.59,Employed,554.0,High School,28,Suburban,0,19566.64,1488.71,37.0,Male,1
69122.2,Employed,572.0,Master,60,Suburban,1,40474.82,3462.09,58.0,Male,1
45482.1,Self-Employed,496.0,Bachelor,26,Suburban,2,7468.27,1383.11,40.0,Female,0
88817.48,Employed,632.0,Master,50,Suburban,2,30144.68,3323.24,26.0,Male,1
49390.92,Student,526.0,High School,37,Suburban,4,6643.83,1369.15,27.0,Female,0
58556.64,Employed,596.0,Bachelor,40,Urban,3,26773.23,2980.66,59.0,Male,1
39537.51,Employed,602.0,High School,52,Urban,0,14748.54,1826.16,51.0,Male,1
37553.09,Unemployed,518.0,Bachelor,27,Urban,0,11772.76,1248.72,77.0,Female,0
48994.22,Employed,607.0,High School,36,Suburban,1,12832.05,1626.11,44.0,Male,0
54058.26,Employed,564.0,Bachelor,45,Suburban,2,3238.76,2332.81,21.0,Female,1
64029.62,Employed,596.0,Master,37,Urban,4,33197.89,3562.17,75.0,Male,1
35259.06,Student,469.0,Master,31,Urban,5,10678.63,1497.38,58.0,Female,0
55523.34,Employed,526.0,Bachelor,22,Suburban,1,27245.26,1161.74,29.0,Female,1
52737.03,Employed,522.0,Bachelor,49,Urban,4,30540.16,1712.97,56.0,Female,1
51070.97,Employed,611.0,Bachelor,23,Rural,1,15261.53,1662.63,48.0,Male,1
63409.42,Employed,553.0,Bachelor,27,Urban,5,32056.22,1544.49,30.0,Male,1
60959.62,Employed,593.0,Bachelor,31,Urban,3,12527.74,2586.32,53.0,Male,1
51083.3,Employed,547.0,High School,53,Urban,0,17094.95,2752.6,40.0,Female,0
56042.25,Employed,542.0,Bachelor,26,Urban,0,24025.2,1766.88,22.0,Male,1
44402.17,Student,475.0,High School,35,Urban,2,24619.77,1455.99,40.0,Male,0
49233.01,Self-Employed,462.0,Bachelor,24,Urban,2,6679.77,1250.58,52.0,Male,0
43680.88,Self-Employed,525.0,Bachelor,43,Urban,1,20492.99,2378.01,47.0,Male,1
40650.31,Employed,523.0,High School,29,Urban,0,26358.48,1564.3,34.0,Male,0
56849.66,Employed,519.0,Master,28,Suburban,5,9172.54,1511.71,51.0,Male,1
42682.98,Employed,545.0,Bachelor,35,Urban,4,15090.11,1873.2,42.0,Male,0
32609.4,Employed,613.0,Bachelor,32,Urban,5,11772.93,1189.4,28.0,Female,1
77551.91,Employed,656.0,Master,23,Urban,1,6115.62,1794.72,48.0,Male,1
66113.65,Employed,571.0,High School,41,Rural,3,19527.86,3388.5,49.0,Male,1
55365.56,Employed,558.0,High School,43,Suburban,3,26762.13,2295.48,74.0,Female,1
35753.55,Employed,556.0,High School,41,Rural,1,16786.78,2023.15,59.0,Female,1
29253.46,Employed,529.0,Bachelor,40,Rural,3,3811.46,1396.71,55.0,Male,0
52879.16,Employed,580.0,High School,65,Urban,3,8012.13,2738.67,23.0,Female,1
36890.4,Self-Employed,541.0,Master,33,Suburban,5,10549.04,1817.18,56.0,Female,1
56700.11,Employed,561.0,Bachelor,36,Urban,5,7272.41,2514.65,61.0,Female,1
37006.31,Self-Employed,499.0,Bachelor,43,Rural,5,5283.09,1954.3,21.0,Female,0
23791.08,Employed,526.0,Bachelor,24,Urban,3,9354.19,730.37,26.0,Female,0
69208.01,Student,472.0,Bachelor,65,Urban,0,24430.96,1684.84,32.0,Male,0
44162.94,Employed,550.0,Master,44,Rural,4,22214.04,957.77,56.0,Male,1
45663.13,Employed,448.0,Bachelor,52,Rural,2,22684.9,1122.71,59.0,Female,1
55065.44,Self-Employed,566.0,Master,35,Rural,4,6512.29,1855.89,33.0,Female,1
54943.24,Employed,510.0,Bachelor,52,Urban,4,29676.58,1131.92,23.0,Male,1
68968.7,Employed,631.0,Bachelor,60,Urban,0,43329.84,3163.74,19.0,Male,1
46885.44,Employed,546.0,Bachelor,47,Urban,1,7260.57,2613.45,24.0,Female,1
52728.62,Student,551.0,Bachelor,30,Urban,4,7062.57,1711.03,33.0,Male,0
39777.57,Unemployed,550.0,Bachelor,51,Suburban,3,28751.4,1587.79,33.0,Female,0
41333.72,Employed,495.0,Bachelor,59,Urban,1,18135.56,2137.88,46.0,Male,0
30537.61,Unemployed,569.0,High School,52,Suburban,5,21625.51,229.8,45.0,Female,0
42190.41,Employed,567.0,Bachelor,50,Urban,5,9761.06,1873.58,48.0,Female,1
29515.39,Employed,493.0,High School,41,Suburban,1,14000.49,2186.41,36.0,Female,0
71358.44,Employed,530.0,PhD,29,Rural,1,20631.69,1651.85,42.0,Female,1
40874.69,Employed,515.0,High School,53,Suburban,1,12217.04,2343.68,34.0,Female,1
43594.07,Unemployed,531.0,Bachelor,39,Urban,3,4911.42,1402.05,35.0,Female,0
35726.07,Unemployed,475.0,High School,31,Urban,4,10081.67,1522.03,39.0,Female,0
12579.92,Unemployed,471.0,High School,43,Urban,1,2610.5,679.2,50.0,Male,0
64109.27,Self-Employed,538.0,Bachelor,22,Suburban,0,10994.28,3762.98,67.0,Female,0
63275.25,Employed,554.0,Bachelor,44,Suburban,0,35868.76,835.72,27.0,Male,1
39200.43,Self-Employed,520.0,High School,45,Urban,1,2962.66,1762.68,44.0,Female,0
40961.89,Employed,554.0,High School,38,Rural,4,11489.6,854.63,50.0,Female,1
42537.14,Unemployed,535.0,High School,52,Suburban,2,4963.34,1783.64,42.0,Male,0
50205.83,Employed,563.0,Bachelor,47,Rural,4,22312.63,929.06,34.0,Male,0
81728.89,Unemployed,601.0,Master,37,Urban,5,16558.17,1862.95,59.0,Male,0
71360.39,Self-Employed,566.0,Bachelor,53,Rural,5,47438.95,3317.39,61.0,Female,1
71751.75,Employed,606.0,Master,26,Urban,1,30491.91,3653.48,53.0,Male,1
58580.19,Employed,433.0,Bachelor,43,Urban,3,30289.07,2921.47,36.0,Male,0
48229.9,Employed,526.0,Bachelor,27,Rural,4,7974.95,1533.7,19.0,Female,1
49990.2,Employed,519.0,Master,48,Rural,1,21276.75,2764.33,52.0,Female,1
32878.33,Unemployed,526.0,High School,21,Suburban,4,18228.89,1518.8,52.0,Male,0
80313.2,Employed,559.0,Master,59,Urban,1,46338.18,4027.9,39.0,Male,1
37757.83,Employed,552.0,Bachelor,22,Urban,3,16970.02,1626.19,58.0,Female,0
64641.69,Employed,598.0,Bachelor,43,Suburban,2,38726.92,2443.64,42.0,Female,1
73003.27,Employed,515.0,Master,50,Rural,2,9461.85,4060.61,29.0,Female,0
70582.65,Employed,584.0,Bachelor,39,Urban,1,10614.05,1027.58,47.0,Male,1
56050.83,Unemployed,496.0,PhD,30,Urban,2,18465.1,2845.03,48.0,Male,0
72959.46,Self-Employed,599.0,Master,32,Suburban,2,15554.4,3603.63,51.0,Male,1
46489.21,Unemployed,519.0,High School,58,Suburban,1,29731.71,944.71,52.0,Female,0
61127.09,Employed,524.0,Bachelor,26,Urban,1,0.0,1690.02,66.0,Male,1
67354.15,Employed,492.0,Master,52,Suburban,2,,2163.58,55.0,Male,1
74988.17,Employed,576.0,High School,34,Rural,5,17562.39,1881.36,38.0,Female,1
70608.66,Employed,522.0,Master,21,Urban,3,,3598.84,27.0,Female,1
31890.59,Employed,452.0,High School,39,Suburban,0,4037.09,1113.5,50.0,Female,0
64094.57,Employed,573.0,High School,25,Suburban,0,35473.3,2783.89,50.0,Male,1
65029.13,Employed,610.0,Bachelor,55,Suburban,4,41566.29,2190.44,34.0,Male,1
53168.74,Employed,567.0,Master,55,Rural,3,15082.42,1907.97,37.0,Male,1
50440.72,Employed,481.0,Master,30,Suburban,3,7225.61,1365.21,64.0,Male,1
58578.97,Employed,551.0,Bachelor,55,Suburban,2,8401.88,2379.94,61.0,Female,0
51098.49,Self-Employed,577.0,High School,52,Urban,3,10305.69,2791.5,66.0,Male,0
36336.25,Employed,519.0,Bachelor,51,Suburban,3,7463.99,856.14,55.0,Female,0
46672.89,Self-Employed,555.0,High School,24,Urban,3,14944.17,930.12,44.0,Female,1
47728.42,Employed,522.0,High School,26,Urban,5,17097.95,2557.57,32.0,Female,1
58063.78,Employed,539.0,Bachelor,28,Suburban,5,6744.06,3530.88,54.0,Male,1
66373.85,Employed,538.0,Bachelor,57,Suburban,5,29079.62,2866.44,59.0,Male,1
20571.6,Employed,530.0,High School,35,Rural,4,6683.93,1198.09,39.0,Male,0
34318.07,Employed,553.0,High School,44,Suburban,4,13273.64,1646.42,47.0,Male,1
45695.82,Self-Employed,513.0,Bachelor,42,Rural,1,20771.68,916.49,48.0,Male,0
71892.69,Self-Employed,610.0,High School,65,Urban,5,39143.13,1672.63,58.0,Male,1
106516.73,Employed,561.0,PhD,29,Suburban,1,42737.74,4045.37,69.0,Female,1
55072.64,Employed,544.0,Bachelor,56,Rural,0,3786.06,2595.46,43.0,Male,0
50683.17,Employed,485.0,High School,26,Urban,4,18092.65,3040.13,30.0,Female,1
11349.52,Student,438.0,Master,65,Rural,2,3410.32,482.8,60.0,Male,0
72566.94,Employed,515.0,Bachelor,46,Suburban,2,9593.64,874.86,44.0,Male,0
76744.66,Employed,553.0,Master,32,Urban,3,44481.04,1721.33,39.0,Male,1
63247.04,Employed,591.0,Bachelor,39,Suburban,4,9030.11,2863.39,21.0,Male,0
41306.8,Self-Employed,529.0,Bachelor,53,Urban,0,17461.1,1801.46,55.0,Male,0
87698.32,Employed,572.0,Bachelor,39,Urban,2,52660.34,1534.12,50.0,Female,1
84808.14,Employed,587.0,Bachelor,24,Urban,4,14015.32,4049.18,51.0,Male,1
66415.3,Employed,476.0,Bachelor,34,Urban,4,15977.56,3016.92,56.0,Male,1
62879.92,Self-Employed,589.0,High School,62,Urban,3,10681.34,2221.68,67.0,Female,1
55766.65,Employed,452.0,Bachelor,37,Rural,2,28792.71,2619.47,29.0,Male,1
47316.16,Student,509.0,High School,43,Urban,2,27185.24,1186.41,58.0,Female,0
23391.22,Unemployed,503.0,Master,29,Rural,2,13683.89,1287.65,27.0,Male,0
20894.36,Employed,523.0,Bachelor,22,Suburban,1,3313.6,696.37,21.0,Female,0
43957.63,Student,547.0,PhD,33,Urban,5,17021.84,2306.21,43.0,Male,0
21902.76,Unemployed,502.0,High School,60,Urban,1,8638.36,1322.17,62.0,Male,0
41346.56,Employed,598.0,Bachelor,45,Rural,2,8339.8,1984.56,33.0,Female,1
59721.69,Self-Employed,649.0,Bachelor,37,Suburban,4,34949.01,2281.6,44.0,Female,0
51139.93,Employed,547.0,Bachelor,44,Rural,1,27293.62,1818.23,22.0,Male,0
65570.04,Employed,562.0,Master,57,Urban,5,28358.03,3342.94,59.0,Female,1
41230.85,Employed,525.0,Bachelor,61,Suburban,3,7480.55,1854.57,31.0,Male,0
19932.51,Unemployed,474.0,Bachelor,35,Suburban,0,2370.93,568.19,31.0,Male,0
43616.55,Unemployed,552.0,Master,58,Rural,0,4470.0,1717.41,57.0,Male,0
41868.42,Employed,590.0,High School,57,Urban,1,5141.29,1398.89,32.0,Female,0
53068.48,Self-Employed,437.0,Bachelor,21,Rural,1,30563.55,1218.72,47.0,Male,1
72165.99,Self-Employed,569.0,Master,61,Urban,0,16165.82,1959.74,50.0,Female,0
51592.29,Unemployed,614.0,High School,31,Rural,3,9651.04,2554.28,51.0,Male,0
54693.22,Employed,569.0,Bachelor,55,Suburban,3,12302.99,2107.42,30.0,Female,1
90200.16,Employed,621.0,Master,60,Suburban,0,7049.06,3349.39,54.0,Female,1
60094.12,Employed,487.0,High School,46,Urban,4,7284.36,2408.22,44.0,Male,1
65342.55,Employed,598.0,Bachelor,35,Rural,2,12729.98,2569.5,44.0,Male,1
77796.28,Employed,630.0,Bachelor,59,Urban,3,26494.27,2273.72,57.0,Male,1
73796.2,Employed,588.0,Master,42,Suburban,3,8676.58,3119.52,32.0,Female,1
46974.4,Employed,511.0,Bachelor,55,Suburban,5,8880.47,1442.32,32.0,Male,0
51245.83,Unemployed,566.0,Bachelor,51,Suburban,1,14496.56,2339.72,47.0,Female,0
53388.76,Employed,503.0,Bachelor,35,Suburban,0,12369.01,2642.95,71.0,Male,0
51525.33,Employed,494.0,High School,45,Suburban,1,12036.19,2003.26,18.0,Female,0
50992.77,Self-Employed,582.0,High School,30,Suburban,4,23797.98,1743.8,47.0,Male,1
68161.45,Employed,620.0,High School,21,Suburban,4,7799.89,2871.19,47.0,Male,1
50896.0,Self-Employed,512.0,High School,52,Suburban,1,30050.86,3124.07,62.0,Female,0
10207.59,Unemployed,435.0,High School,30,Suburban,5,654.79,206.75,25.0,Male,0
82374.85,Employed,551.0,Bachelor,44,Rural,4,49337.5,1463.03,39.0,Female,1
71524.01,Employed,584.0,Bachelor,25,Suburban,1,34920.2,2607.36,35.0,Male,1
45742.61,Employed,486.0,High School,50,Urban,5,21348.16,945.85,33.0,Male,1
37940.51,Employed,585.0,Bachelor,28,Suburban,1,7891.98,960.46,49.0,Female,1
64239.04,Employed,544.0,High School,32,Urban,0,12176.11,3033.32,56.0,Female,1
42714.01,Employed,551.0,Bachelor,27,Urban,5,17288.46,1651.51,39.0,Female,1
87010.75,Employed,564.0,PhD,62,Suburban,2,25809.85,2630.68,62.0,Male,1
78036.24,Employed,611.0,Bachelor,49,Urban,5,35034.25,3032.11,87.0,Male,1
41253.49,Employed,562.0,High School,50,Suburban,5,6196.5,634.93,26.0,Male,1
39915.2,Employed,455.0,Bachelor,39,Rural,5,5958.07,725.95,47.0,Female,0
54946.74,Employed,521.0,Bachelor,59,Urban,4,20525.27,2718.15,49.0,Male,1
39166.8,Employed,522.0,High School,23,Urban,0,14925.03,844.79,56.0,Male,0
79443.53,Self-Employed,563.0,PhD,39,Urban,3,20925.47,782.27,31.0,Male,1
47584.19,Unemployed,580.0,Bachelor,24,Urban,5,4554.74,2053.19,60.0,Male,0
59912.38,Self-Employed,532.0,High School,52,Suburban,4,31985.3,3079.16,49.0,Male,1
46500.14,Employed,572.0,Bachelor,63,Suburban,5,19799.65,818.33,36.0,Male,0
67599.39,Employed,592.0,Bachelor,55,Suburban,4,9627.38,2003.74,47.0,Female,1
41184.86,Self-Employed,527.0,Bachelor,27,Urban,1,13567.86,1276.72,44.0,Female,0
77590.88,Self-Employed,618.0,Master,56,Suburban,4,10865.37,1613.77,30.0,Male,1
28700.11,Student,445.0,Master,32,Urban,3,11205.14,675.36,39.0,Female,0
70516.1,Employed,571.0,High School,36,Suburban,3,21102.9,3401.68,72.0,Female,1
43177.25,Employed,500.0,High School,46,Suburban,1,13373.13,1014.52,23.0,Male,1
70986.33,Employed,570.0,Bachelor,41,Urban,0,17644.16,1611.82,50.0,Male,1
50176.92,Student,524.0,Bachelor,29,Rural,2,11280.77,1795.81,59.0,Male,0
37956.99,Self-Employed,530.0,Bachelor,44,Suburban,1,13213.16,1705.31,43.0,Male,0
42527.0,Unemployed,534.0,High School,29,Urban,3,8783.39,1350.54,38.0,Female,0
60738.78,Self-Employed,566.0,PhD,53,Suburban,1,21971.41,1893.1,45.0,Female,1
39408.9,Student,538.0,Bachelor,24,Suburban,0,7396.01,1437.39,28.0,Male,0
55946.67,Employed,579.0,Master,57,Urban,0,29017.55,3027.22,47.0,Female,1
79206.9,Student,530.0,Master,65,Urban,5,25177.44,4727.95,84.0,Male,0
9450.38,Unemployed,510.0,High School,54,Suburban,0,9923.11,737.79,37.0,Female,0
29454.32,Unemployed,447.0,High School,48,Rural,5,13586.78,158.77,36.0,Female,0
26645.08,Student,385.0,High School,40,Suburban,3,2554.11,699.01,24.0,Male,0
83366.08,Employed,681.0,Master,44,Suburban,5,3468.61,1811.6,50.0,Male,1
87820.32,Self-Employed,556.0,Bachelor,44,Suburban,5,48220.61,2163.4,30.0,Female,1
56544.82,Employed,534.0,Master,60,Urban,0,18179.97,1911.0,42.0,Female,1
62100.88,Self-Employed,478.0,Bachelor,26,Urban,3,34238.03,2382.3,6.0,Male,1
54221.97,Self-Employed,530.0,Bachelor,47,Urban,4,24874.87,3560.06,53.0,Male,0
76571.07,Self-Employed,592.0,Master,45,Rural,3,4371.02,4113.43,58.0,Male,0
47269.47,Employed,552.0,Bachelor,32,Rural,5,17587.99,621.18,27.0,Female,1
70582.84,Self-Employed,520.0,Master,39,Rural,1,14419.91,973.89,32.0,Female,1
32034.04,Unemployed,499.0,Bachelor,42,Urban,0,11761.45,1447.38,32.0,Female,0
78656.06,Self-Employed,602.0,High School,22,Suburban,5,32082.66,4284.86,67.0,Female,1
14127.14,Employed,504.0,High School,42,Suburban,3,1456.02,484.22,29.0,Female,0
35652.98,Unemployed,530.0,High School,28,Urban,5,20375.47,2072.53,66.0,Female,0
67841.88,Self-Employed,604.0,Master,38,Urban,1,9120.33,2683.2,70.0,Male,1
54298.98,Employed,546.0,Bachelor,33,Suburban,0,16246.0,2466.17,48.0,Female,1
63280.91,Employed,626.0,Bachelor,54,Suburban,4,13789.06,2619.76,71.0,Male,1
49876.51,Self-Employed,531.0,High School,64,Suburban,4,20235.95,2350.7,68.0,Male,1
59285.58,Self-Employed,589.0,Bachelor,25,Urban,3,8627.92,1827.75,50.0,Female,1
69121.51,Employed,605.0,Master,32,Suburban,0,16033.66,2454.41,34.0,Female,1
84234.72,Employed,520.0,Bachelor,28,Urban,5,47756.75,2579.46,53.0,Female,1
16516.3,Unemployed,517.0,PhD,42,Urban,1,2996.71,188.18,39.0,Male,0
59706.19,Student,530.0,High School,37,Suburban,2,23037.72,1102.4,32.0,Female,0
92396.97,Employed,560.0,High School,41,Urban,0,36403.0,4525.11,88.0,Male,1
8733.81,Unemployed,467.0,Bachelor,24,Rural,4,0.0,446.1,47.0,Male,0
51717.85,Employed,554.0,High School,60,Suburban,4,24250.83,1119.6,23.0,Male,1
78569.39,Employed,515.0,Bachelor,65,Urban,1,30830.1,983.92,46.0,Female,1
81778.0,Self-Employed,591.0,Master,62,Urban,0,41201.21,3322.15,52.0,Male,1
72143.14,Employed,566.0,High School,43,Suburban,3,5235.16,2646.21,55.0,Female,1
75579.15,Employed,628.0,Master,51,Urban,3,6230.06,2426.08,45.0,Male,1
8508.1,Student,457.0,High School,23,Urban,5,2796.2,299.96,18.0,Male,0
77569.44,Employed,638.0,Bachelor,48,Urban,1,22182.12,1986.64,61.0,Female,1
71532.14,Employed,593.0,Bachelor,48,Urban,4,11241.29,3856.35,81.0,Male,0
76995.15,Employed,582.0,Bachelor,54,Suburban,5,16456.74,2681.19,42.0,Female,1
23990.15,Employed,565.0,High School,56,Suburban,5,12045.14,1297.71,39.0,Female,0
49760.15,Self-Employed,631.0,Master,21,Urban,0,22611.75,2142.58,63.0,Male,1
63246.84,Employed,554.0,Master,39,Suburban,3,12631.89,1408.87,35.0,Female,1
77996.41,Employed,551.0,Bachelor,42,Urban,2,15408.54,3435.67,65.0,Female,0
79173.84,Employed,606.0,Bachelor,42,Suburban,3,12683.84,1427.54,41.0,Female,1
45113.81,Self-Employed,474.0,Bachelor,45,Urban,4,31297.85,2462.52,35.0,Female,0
33903.42,Student,463.0,Bachelor,52,Suburban,5,1888.44,559.96,29.0,Female,0
101079.42,Employed,676.0,Bachelor,47,Urban,2,16438.96,3045.8,50.0,Female,1
30708.31,Unemployed,543.0,Bachelor,31,Suburban,1,9925.34,1113.08,41.0,Male,0
61130.21,Student,522.0,Master,50,Urban,1,10293.18,2986.76,33.0,Female,0
44222.35,Employed,677.0,Bachelor,47,Rural,4,20563.07,1801.3,47.0,Female,1
57121.39,Employed,493.0,High School,29,Urban,2,2734.77,3403.28,19.0,Female,0
46005.0,Employed,567.0,Master,49,Rural,4,20252.63,2219.94,56.0,Female,0
14432.46,Unemployed,458.0,High School,44,Rural,1,2535.48,425.12,49.0,Male,0
44438.26,Employed,617.0,High School,57,Urban,4,15476.62,1094.87,29.0,Female,1
65821.74,Employed,543.0,PhD,38,Urban,4,6234.12,2945.22,51.0,Female,1
47438.25,Self-Employed,528.0,High School,61,Urban,2,10186.74,1727.48,37.0,Male,1
34887.77,Unemployed,442.0,High School,45,Rural,5,14909.55,1416.24,36.0,Male,0
83355.68,Employed,686.0,Bachelor,63,Suburban,2,51106.93,2100.54,42.0,Female,1
58142.42,Employed,528.0,Master,25,Suburban,3,18379.13,3003.2,48.0,Male,0
35173.01,Employed,545.0,High School,26,Urban,0,9432.05,933.39,32.0,Female,0
40142.64,Student,531.0,Bachelor,30,Rural,3,19238.6,2208.02,50.0,Male,0
39229.8,Self-Employed,504.0,High School,57,Urban,5,15474.87,681.25,61.0,Male,0
33473.0,Employed,421.0,Bachelor,43,Urban,3,9035.82,1857.01,51.0,Female,0
53963.99,Unemployed,540.0,Bachelor,51,Urban,2,18465.14,3014.18,47.0,Female,0
48207.6,Employed,530.0,High School,21,Suburban,3,20959.61,1078.94,59.0,Female,0
41677.4,Unemployed,547.0,Master,37,Rural,3,16785.52,1669.48,61.0,Female,0
26092.54,Employed,607.0,Bachelor,36,Suburban,1,9784.16,599.86,51.0,Female,0
57228.57,Employed,584.0,Master,62,Urban,1,13037.28,1328.7,48.0,Female,1
44761.85,Employed,576.0,Master,25,Urban,5,22882.96,1406.19,48.0,Female,1
62692.95,Employed,549.0,Master,59,Suburban,3,16785.75,3063.56,60.0,Female,1
45014.87,Unemployed,478.0,Master,37,Suburban,5,14372.99,2946.71,67.0,Female,0
64003.99,Employed,552.0,Bachelor,55,Urban,2,28779.92,3428.19,42.0,Male,1
59995.81,Employed,526.0,Master,34,Urban,5,19794.09,3474.62,50.0,Male,1
40205.44,Self-Employed,528.0,Bachelor,23,Suburban,3,15979.86,1698.12,57.0,Female,0
40101.75,Employed,508.0,High School,51,Rural,5,10807.68,2078.8,47.0,Female,0
60355.19,Employed,484.0,Bachelor,28,Suburban,4,6473.36,3536.93,54.0,Female,1
53311.78,Employed,606.0,Bachelor,27,Urban,5,27704.2,2128.02,59.0,Male,1
25938.9,Student,504.0,Bachelor,62,Suburban,3,5996.56,1701.86,29.0,Female,0
54579.31,Self-Employed,536.0,Master,31,Urban,4,35266.59,2929.09,64.0,Male,1
21123.56,Unemployed,454.0,Bachelor,65,Rural,0,13245.59,1069.71,27.0,Female,0
41210.26,Self-Employed,511.0,High School,36,Urban,3,22283.22,2575.14,42.0,Female,0
33527.28,Employed,482.0,High School,33,Urban,4,363.31,251.91,13.0,Female,0
56317.33,Employed,500.0,Master,41,Suburban,4,3041.48,1883.07,38.0,Female,0
78542.01,Self-Employed,593.0,Bachelor,33,Urban,3,37383.32,2064.07,54.0,Male,1
57582.41,Employed,534.0,Bachelor,62,Urban,5,5242.43,813.22,42.0,Male,0
29417.25,Student,549.0,Master,48,Suburban,1,15001.64,1254.52,38.0,Female,0
29122.6,Employed,499.0,Master,54,Suburban,4,7836.51,650.8,45.0,Female,1
82545.8,Employed,596.0,Bachelor,24,Rural,1,40887.34,2938.62,56.0,Male,1
79089.8,Employed,590.0,Bachelor,31,Urban,1,43649.98,2758.72,33.0,Male,1
58269.07,Employed,574.0,High School,47,Urban,4,29306.88,971.89,56.0,Male,1
82440.55,Self-Employed,553.0,Master,42,Suburban,4,9859.36,4356.39,65.0,Male,1
67913.94,Self-Employed,611.0,Bachelor,64,Urban,5,42287.2,3655.2,32.0,Male,1
58864.95,Self-Employed,504.0,Bachelor,53,Urban,2,6276.26,979.72,64.0,Male,1
8000.0,Unemployed,487.0,High School,34,Rural,4,760.04,818.41,35.0,Female,0
83629.5,Employed,538.0,Bachelor,41,Rural,4,33595.93,3489.57,37.0,Male,0
55444.38,Employed,547.0,Bachelor,54,Urban,5,3131.32,2590.46,29.0,Male,1
33264.15,Unemployed,561.0,Bachelor,39,Suburban,1,5000.08,595.67,14.0,Male,0
59561.85,Employed,583.0,Bachelor,44,Suburban,2,20558.95,1521.41,35.0,Male,1
66819.32,Employed,616.0,Master,56,Urban,4,20252.51,1202.69,30.0,Female,1
67620.61,Employed,556.0,Bachelor,33,Suburban,2,30345.67,3007.59,33.0,Male,1
70893.81,Self-Employed,615.0,Master,25,Urban,5,7494.51,3098.33,46.0,Female,1
39347.05,Self-Employed,498.0,High School,39,Urban,4,15530.67,1462.86,65.0,Female,0
55388.3,Employed,532.0,Bachelor,30,Rural,0,31541.08,2056.1,35.0,Male,1
55146.18,Employed,558.0,High School,45,Suburban,2,2681.73,1912.11,40.0,Female,0
40070.14,Employed,569.0,High School,59,Urban,3,10593.24,1580.18,51.0,Female,1
88699.82,Employed,575.0,Master,55,Suburban,4,29210.45,1751.42,71.0,Male,1
46696.22,Employed,571.0,High School,53,Rural,3,25288.59,2470.38,50.0,Male,1
87977.14,Self-Employed,609.0,Master,45,Urban,3,53012.94,2588.52,55.0,Female,1
15117.97,Student,510.0,Bachelor,60,Rural,3,2476.92,511.21,50.0,Female,0
58819.43,Self-Employed,519.0,Bachelor,62,Rural,0,15501.82,3126.75,58.0,Female,0
16644.46,Unemployed,480.0,High School,55,Urban,2,6475.62,510.87,13.0,Female,0
34482.93,Student,518.0,Bachelor,26,Suburban,1,8515.69,1901.02,33.0,Male,0
74572.77,Self-Employed,595.0,Master,34,Suburban,2,33967.67,2352.49,57.0,Female,1
55572.84,Employed,516.0,Bachelor,64,Suburban,1,10357.63,2891.49,41.0,Male,0
80961.18,Unemployed,531.0,Bachelor,24,Urban,5,13619.99,1507.95,23.0,Male,0
73770.42,Employed,483.0,Master,45,Urban,0,22198.63,1787.41,40.0,Female,1
47563.36,Employed,575.0,Bachelor,49,Urban,1,3869.34,1306.42,50.0,Female,0
54797.01,Employed,594.0,High School,38,Suburban,2,27328.6,2657.07,56.0,Female,1
53442.0,Self-Employed,459.0,Bachelor,52,Suburban,3,12823.72,971.08,41.0,Male,0
51480.77,Unemployed,550.0,Bachelor,24,Suburban,1,15299.26,1699.62,16.0,Male,0
56557.2,Self-Employed,537.0,Master,30,Suburban,4,17552.17,1932.35,48.0,Female,1
64100.15,Employed,620.0,Bachelor,34,Urban,0,20869.09,2685.32,29.0,Female,0
60976.49,Employed,551.0,Bachelor,28,Urban,0,13036.35,2257.68,55.0,Female,1
52176.43,Unemployed,572.0,PhD,40,Suburban,1,24413.42,2597.77,54.0,Female,0
72626.97,Self-Employed,558.0,Bachelor,42,Suburban,1,36000.39,1106.2,32.0,Male,1
31951.21,Employed,488.0,Bachelor,63,Suburban,3,19288.69,1543.34,23.0,Male,1
79462.66,Employed,621.0,PhD,42,Urban,4,19604.52,2215.68,63.0,Male,1
43482.39,Employed,584.0,High School,55,Urban,4,16129.38,988.21,44.0,Male,1
14770.24,Unemployed,437.0,Bachelor,24,Rural,1,3812.75,646.33,24.0,Male,0
53432.89,Employed,601.0,Master,23,Urban,2,21075.52,1163.64,63.0,Female,1
32703.69,Unemployed,476.0,Bachelor,38,Urban,1,17207.42,1533.53,43.0,Male,0
71469.94,Employed,470.0,PhD,35,Suburban,3,34066.22,2359.3,37.0,Male,1
45059.94,Student,538.0,Bachelor,62,Suburban,1,26273.32,2031.4,61.0,Female,0
63134.4,Employed,586.0,Bachelor,43,Rural,3,22881.98,1722.68,56.0,Male,0
46863.98,Self-Employed,472.0,Bachelor,42,Rural,4,17819.45,763.15,48.0,Male,1
68769.35,Self-Employed,482.0,High School,59,Suburban,3,21220.95,1340.0,45.0,Female,1
62430.05,Self-Employed,540.0,Master,59,Urban,0,7335.96,2216.49,29.0,Male,1
15803.15,Self-Employed,467.0,High School,55,Suburban,5,9040.72,626.52,22.0,Female,0
45831.13,Employed,600.0,Bachelor,40,Rural,2,15565.94,1391.88,36.0,Female,1
62707.41,Employed,563.0,Bachelor,30,Urban,3,28834.35,3204.4,21.0,Male,1
8000.0,Employed,518.0,High School,22,Rural,4,7894.65,100.0,40.0,Female,0
63110.04,Self-Employed,573.0,High School,23,Suburban,3,34082.13,1897.68,43.0,Female,1
54513.85,Self-Employed,622.0,Bachelor,57,Urban,5,26252.51,2354.78,48.0,Female,1
29714.06,Employed,476.0,High School,26,Suburban,5,9962.32,1291.14,65.0,Female,0
54598.06,Self-Employed,547.0,PhD,39,Suburban,3,2602.75,1081.78,23.0,Female,1
77425.87,Employed,513.0,Master,43,Urban,3,10235.25,3003.42,52.0,Female,1
63258.82,Employed,600.0,High School,46,Urban,2,9248.94,2691.74,31.0,Female,1
57268.51,Employed,605.0,Master,25,Suburban,2,13507.15,1933.61,64.0,Male,1
35670.63,Self-Employed,563.0,Bachelor,44,Urban,0,18285.01,1182.82,25.0,Female,1
51963.21,Employed,542.0,High School,32,Urban,4,23348.83,1736.89,72.0,Female,1
39716.15,Unemployed,463.0,Bachelor,36,Suburban,0,18725.82,1254.99,27.0,Female,0
73479.04,Self-Employed,574.0,Master,57,Suburban,1,13029.87,2341.61,51.0,Male,1
50553.09,Employed,515.0,Bachelor,41,Suburban,3,18225.39,2278.82,54.0,Male,1
45168.52,Employed,579.0,High School,39,Rural,4,23961.35,2745.09,62.0,Male,1
53302.14,Self-Employed,530.0,Bachelor,21,Rural,0,9387.08,1605.06,27.0,Male,0
53502.18,Unemployed,529.0,Bachelor,65,Suburban,4,10470.23,1763.34,26.0,Male,0
89939.55,Employed,699.0,Master,47,Urban,0,39303.17,1546.01,36.0,Male,1
83010.36,Employed,628.0,Bachelor,55,Suburban,3,8185.49,2656.55,59.0,Male,1
85537.21,Employed,644.0,Master,40,Urban,4,31106.78,2405.72,47.0,Female,1
82201.92,Employed,568.0,Bachelor,32,Rural,1,42898.94,4347.17,73.0,Male,1
62197.42,Employed,513.0,High School,33,Suburban,2,6127.94,3278.81,39.0,Female,1
59159.71,Self-Employed,606.0,Master,21,Urban,3,8061.37,1156.54,37.0,Male,1
82002.63,Employed,657.0,Bachelor,60,Suburban,3,27885.55,4473.86,56.0,Male,1
18353.69,Unemployed,442.0,Bachelor,44,Suburban,4,0.0,577.04,36.0,Male,0
86466.97,Employed,573.0,Bachelor,36,Rural,5,40166.76,2690.48,57.0,Female,1
45371.47,Self-Employed,497.0,Bachelor,52,Urban,2,4839.26,1959.75,63.0,Male,1
41314.72,Student,554.0,High School,26,Rural,3,2972.22,1444.17,33.0,Female,0
79663.81,Employed,636.0,Bachelor,42,Urban,5,27643.85,903.16,33.0,Female,1
73889.35,Employed,562.0,Master,40,Suburban,3,33725.81,1310.29,46.0,Male,1
28244.73,Employed,497.0,Master,61,Rural,0,7173.61,1449.86,47.0,Female,0
47780.84,Employed,453.0,Bachelor,56,Urban,1,5919.03,2727.17,65.0,Male,0
57352.2,Self-Employed,512.0,High School,55,Urban,3,14417.98,1265.76,43.0,Male,0
44534.31,Unemployed,605.0,Bachelor,32,Rural,5,5334.41,854.11,36.0,Male,0
58318.13,Self-Employed,579.0,Master,44,Rural,1,12128.69,3785.26,80.0,Male,0
44115.03,Student,578.0,Bachelor,65,Urban,1,11108.96,1584.79,48.0,Female,0
40966.47,Employed,515.0,Master,21,Suburban,3,20579.38,1476.39,53.0,Female,1
77615.28,Employed,572.0,Bachelor,50,Rural,0,36625.99,2329.52,23.0,Female,1
48331.0,Employed,543.0,High School,36,Urban,5,19995.57,1931.39,43.0,Male,0
64831.38,Self-Employed,580.0,Bachelor,54,Suburban,5,31436.86,3570.84,70.0,Female,1
83053.43,Employed,654.0,Bachelor,43,Urban,3,30547.1,5018.67,62.0,Male,1
44674.35,Employed,507.0,Bachelor,52,Urban,2,27096.41,714.06,38.0,Male,1
33920.23,Student,515.0,High School,32,Rural,2,21769.43,1574.03,15.0,Male,1
70169.88,Employed,538.0,Master,60,Urban,3,27363.05,2221.38,44.0,Female,1
47129.24,Employed,452.0,Bachelor,58,Rural,5,9610.72,1126.86,59.0,Female,1
80910.33,Employed,630.0,Master,49,Suburban,4,40134.16,1270.42,42.0,Male,1
44991.34,Employed,616.0,Bachelor,40,Suburban,2,30777.51,1719.57,51.0,Female,0
58824.66,Employed,592.0,Bachelor,27,Urban,3,19732.77,1663.07,39.0,Female,1
52436.58,Employed,558.0,Bachelor,30,Urban,3,12960.33,2450.19,42.0,Female,1
85883.14,Employed,679.0,Bachelor,38,Rural,0,21902.63,2943.42,51.0,Female,1
25058.0,Unemployed,530.0,Bachelor,56,Suburban,1,13015.46,1920.36,52.0,Female,0
66174.19,Employed,604.0,Bachelor,63,Suburban,1,42005.22,2954.97,62.0,Female,1
74949.61,Self-Employed,587.0,High School,48,Urban,3,18980.63,3254.09,62.0,Female,1
54224.52,Self-Employed,564.0,Master,63,Urban,5,3753.67,2025.36,40.0,Male,1
57429.99,Self-Employed,549.0,Bachelor,29,Urban,4,12067.56,2694.6,52.0,Female,0
16203.81,Unemployed,534.0,High School,54,Suburban,3,4841.08,175.11,17.0,Male,0
35806.2,Employed,475.0,Master,44,Urban,3,10476.94,1045.28,44.0,Female,1
39224.74,Employed,548.0,High School,27,Suburban,2,20965.56,2084.55,15.0,Male,1
66444.55,Employed,530.0,PhD,52,Suburban,1,8523.66,3152.32,28.0,Male,0
54336.08,Employed,574.0,Bachelor,61,Urban,5,212.46,1294.45,45.0,Male,1
26505.35,Unemployed,619.0,High School,41,Suburban,0,13965.99,1213.4,49.0,Male,0
51091.91,Employed,578.0,High School,32,Suburban,5,11954.34,3015.99,32.0,Male,0
29047.98,Employed,568.0,High School,34,Rural,1,15843.7,1276.07,50.0,Male,1
59274.3,Employed,598.0,High School,48,Urban,4,6759.57,3022.84,48.0,Male,0
49199.98,Unemployed,439.0,High School,52,Suburban,5,16488.61,2547.2,65.0,Male,0
77959.68,Employed,579.0,Bachelor,30,Urban,5,45498.91,3898.81,76.0,Female,1
47097.39,Employed,561.0,Bachelor,51,Rural,5,20113.92,1508.08,9.0,Female,1
48408.32,Unemployed,448.0,Bachelor,54,Suburban,3,27555.05,435.71,66.0,Female,0
41785.0,Self-Employed,520.0,High School,21,Urban,3,4130.19,396.7,51.0,Male,1
41849.54,Employed,529.0,High School,38,Rural,0,19438.16,1907.98,54.0,Male,0
52977.87,Employed,493.0,High School,31,Suburban,4,19028.38,793.46,34.0,Female,1
46979.32,Self-Employed,497.0,High School,56,Urban,3,27084.64,2272.99,54.0,Male,1
40041.41,Employed,591.0,Bachelor,50,Suburban,0,20734.66,1071.42,46.0,Male,1
47498.83,Student,380.0,High School,45,Urban,2,20577.72,450.48,50.0,Female,0
36570.94,Self-Employed,538.0,Bachelor,31,Rural,5,5558.98,1062.54,46.0,Female,0
57200.36,Self-Employed,607.0,Master,42,Suburban,2,23710.27,1711.4,52.0,Male,0
60873.34,Self-Employed,559.0,High School,64,Suburban,1,34100.98,1223.25,52.0,Female,1
40056.88,Student,594.0,High School,65,Rural,1,6672.14,1065.04,11.0,Male,0
57641.67,Employed,536.0,Bachelor,28,Suburban,1,0.0,2425.24,43.0,Female,1
39960.39,Employed,490.0,Bachelor,42,Urban,3,9016.66,197.07,36.0,Male,1
34550.5,Self-Employed,522.0,High School,54,Urban,1,15127.6,820.37,34.0,Male,0
71959.86,Employed,559.0,Master,34,Urban,3,22060.66,4472.33,74.0,Female,1
62450.48,Self-Employed,537.0,Bachelor,65,Rural,2,14842.21,1327.47,66.0,Male,1
70795.29,Employed,566.0,PhD,41,Rural,3,31523.19,3400.73,54.0,Female,1
59893.9,Employed,523.0,Master,36,Suburban,3,8906.48,2217.14,48.0,Male,1
50400.92,Employed,507.0,Bachelor,63,Urban,0,21740.12,2231.9,48.0,Female,0
59237.47,Self-Employed,507.0,Bachelor,48,Urban,0,31984.18,1587.09,20.0,Female,0
36223.42,Employed,544.0,Bachelor,23,Rural,1,14674.67,2124.7,33.0,Male,1
67375.34,Employed,524.0,Master,25,Urban,2,12241.9,3626.8,40.0,Female,1
38168.45,Employed,472.0,Bachelor,65,Suburban,2,12394.35,1049.58,53.0,Male,0
46210.57,Employed,491.0,Bachelor,48,Urban,4,9207.11,425.14,31.0,Male,0
54673.21,Self-Employed,561.0,High School,60,Urban,5,1816.35,2230.1,45.0,Male,1
48748.48,Student,573.0,Bachelor,65,Suburban,4,21805.35,2286.01,44.0,Female,0
54127.0,Self-Employed,584.0,Bachelor,54,Rural,2,6482.43,2430.71,43.0,Female,1
46282.03,Employed,549.0,Master,64,Suburban,1,33072.62,2174.33,77.0,Female,1
18934.73,Employed,524.0,High School,63,Suburban,2,9577.85,132.07,37.0,Female,0
50875.27,Student,543.0,Master,39,Urban,1,3282.63,905.24,61.0,Female,0
8000.0,Unemployed,505.0,High School,49,Rural,3,4869.91,100.0,25.0,Male,0
49166.39,Unemployed,563.0,Bachelor,57,Suburban,4,14321.09,1080.19,24.0,Female,0
38779.97,Employed,496.0,Bachelor,63,Suburban,1,11066.82,880.49,53.0,Female,0
92512.84,Employed,557.0,Bachelor,58,Suburban,3,18280.33,2310.01,49.0,Male,1
43570.12,Employed,596.0,Bachelor,57,Urban,2,7614.18,1331.75,51.0,Female,1
60944.3,Employed,566.0,High School,35,Urban,2,23878.83,1414.8,69.0,Male,1
35950.89,Employed,572.0,High School,40,Rural,1,7303.27,1026.36,43.0,Male,1
44477.39,Unemployed,487.0,Master,58,Suburban,3,0.0,2541.84,54.0,Male,0
56759.6,Employed,536.0,High School,26,Urban,0,31417.07,2818.79,44.0,Male,1
82904.39,Employed,530.0,Master,28,Urban,2,21954.79,2533.93,50.0,Male,0
46292.73,Unemployed,568.0,Bachelor,56,Rural,2,10531.58,1205.91,45.0,Female,0
42909.79,Student,507.0,High School,65,Suburban,2,8553.82,1517.34,50.0,Female,0
78564.47,Employed,560.0,Master,39,Suburban,5,37867.48,3592.09,57.0,Female,1
60758.29,Employed,648.0,Master,59,Urban,4,20865.12,2458.64,24.0,Male,1
52731.94,Unemployed,578.0,Master,36,Rural,3,4401.97,1351.08,65.0,Male,0
42886.59,Student,564.0,Master,43,Rural,5,13542.82,1226.19,42.0,Male,0
67793.41,Self-Employed,516.0,Bachelor,64,Suburban,3,33572.19,2610.92,72.0,Female,0
79733.61,Employed,503.0,PhD,38,Urban,3,9988.68,3784.82,42.0,Male,1
54303.94,Self-Employed,594.0,High School,60,Suburban,2,5803.53,1121.59,33.0,Female,1
45372.13,Self-Employed,437.0,High School,63,Rural,1,16612.6,1733.77,41.0,Female,0
66405.67,Employed,545.0,Bachelor,54,Suburban,1,23684.04,1728.39,37.0,Female,1
30885.22,Employed,481.0,High School,24,Rural,5,3469.06,1716.85,49.0,Female,1
15421.28,Unemployed,454.0,Bachelor,64,Suburban,4,5937.17,661.07,55.0,Male,0
70834.52,Self-Employed,555.0,Bachelor,43,Urban,0,6686.34,4212.18,77.0,Female,0
75174.92,Employed,533.0,Bachelor,34,Suburban,1,22548.09,3775.93,47.0,Female,0
55261.53,Self-Employed,497.0,Master,42,Rural,5,30719.76,2759.63,40.0,Female,1
60166.51,Self-Employed,571.0,High School,40,Urban,1,10360.05,1963.28,56.0,Female,0
25560.34,Employed,558.0,High School,38,Urban,3,6010.61,1117.59,25.0,Female,0
45676.9,Employed,460.0,Bachelor,51,Suburban,2,7091.98,354.26,47.0,Female,0
71229.32,Employed,584.0,Master,26,Urban,4,40509.8,1894.96,41.0,Male,1
17970.99,Student,523.0,Master,49,Rural,5,8905.74,468.3,31.0,Female,0
27057.68,Employed,532.0,High School,32,Urban,2,10481.56,966.36,1.0,Female,0
52369.28,Unemployed,538.0,Master,56,Urban,0,16413.69,1076.33,44.0,Male,0
48914.78,Employed,516.0,Bachelor,65,Urban,2,17437.8,2395.12,64.0,Female,1
41799.86,Unemployed,567.0,Master,42,Suburban,0,26154.13,2285.87,29.0,Male,0
25905.46,Student,525.0,High School,57,Suburban,1,7251.49,1648.18,47.0,Female,0
24746.31,Student,423.0,Bachelor,35,Suburban,2,6117.84,100.0,43.0,Male,0
35737.16,Unemployed,514.0,Bachelor,58,Suburban,0,23329.3,1459.85,34.0,Male,0
57794.44,Employed,558.0,Bachelor,45,Urban,0,8867.1,2094.61,52.0,Female,1
42259.34,Employed,484.0,High School,43,Suburban,1,17011.25,1128.8,54.0,Male,0
47477.87,Employed,530.0,Bachelor,25,Rural,0,33019.14,2432.29,50.0,Male,0
53940.4,Self-Employed,572.0,Bachelor,50,Suburban,1,27082.96,1813.26,52.0,Male,1
74296.42,Employed,542.0,Bachelor,56,Urban,0,11030.42,4253.62,52.0,Male,0
53583.07,Employed,560.0,Bachelor,43,Suburban,3,11030.07,2830.67,61.0,Female,1
21105.08,Employed,459.0,High School,28,Urban,4,4790.77,451.06,12.0,Female,0
50092.15,Self-Employed,489.0,Master,51,Urban,5,15634.64,2076.83,57.0,Male,1
71977.21,Employed,604.0,Bachelor,49,Urban,3,25126.05,4234.96,75.0,Female,1
51715.92,Employed,600.0,Bachelor,59,Urban,0,20044.14,2436.74,36.0,Male,1
64672.7,Employed,512.0,Master,63,Urban,0,33378.93,1721.52,32.0,Female,1
87873.37,Employed,642.0,Bachelor,31,Suburban,4,9103.53,3058.01,75.0,Male,1
43477.24,Unemployed,535.0,High School,34,Urban,4,24042.46,1522.88,48.0,Male,0
24775.12,Self-Employed,409.0,Bachelor,63,Suburban,1,4505.27,1656.9,20.0,Male,0
86673.62,Self-Employed,532.0,PhD,26,Rural,5,0.0,4780.89,56.0,Female,0
53244.7,Employed,577.0,High School,62,Suburban,3,31551.69,2322.19,21.0,Male,0
64539.5,Employed,492.0,Bachelor,27,Suburban,2,,732.4,35.0,Male,1
49562.55,Self-Employed,516.0,High School,39,Suburban,3,29222.47,2191.59,46.0,Female,1
79700.34,Employed,583.0,Master,27,Urban,0,40402.86,2707.29,58.0,Female,1
40803.88,Unemployed,552.0,Bachelor,64,Urban,4,8059.67,1229.38,42.0,Male,0
25776.47,Student,518.0,Master,43,Suburban,1,5840.65,1415.47,66.0,Female,0
55852.89,Employed,624.0,Bachelor,60,Rural,0,12293.47,3039.33,52.0,Female,1
24272.74,Self-Employed,471.0,High School,22,Rural,3,3209.33,1033.84,12.0,Male,0
78248.82,Employed,589.0,Bachelor,22,Rural,0,39987.5,3987.8,64.0,Female,1
61567.89,Employed,582.0,Master,44,Suburban,0,28635.83,1109.31,42.0,Male,1
46223.89,Employed,571.0,High School,22,Suburban,1,12099.42,1097.05,38.0,Female,1
34859.61,Self-Employed,570.0,High School,45,Rural,5,21022.12,1933.62,60.0,Male,1
41087.51,Student,512.0,Bachelor,52,Rural,5,20046.4,1381.98,54.0,Female,0
65815.48,Employed,597.0,Bachelor,42,Suburban,2,16182.17,3060.48,37.0,Male,1
34819.46,Self-Employed,481.0,High School,56,Rural,2,18702.8,651.17,42.0,Male,0
49795.96,Employed,541.0,High School,25,Rural,2,17712.56,2584.39,71.0,Female,0
60015.89,Employed,581.0,Bachelor,32,Suburban,3,22643.76,2986.5,51.0,Male,1
54561.97,Self-Employed,595.0,Bachelor,28,Urban,3,6340.9,1867.45,25.0,Female,0
44726.94,Self-Employed,563.0,Bachelor,43,Urban,1,15290.93,1215.78,47.0,Female,1
87715.82,Self-Employed,603.0,Bachelor,38,Suburban,1,21102.41,3055.07,46.0,Female,1
72741.88,Student,574.0,Master,45,Urban,2,29675.62,3543.97,53.0,Male,0
57925.44,Employed,581.0,High School,27,Suburban,1,3319.9,1831.29,30.0,Female,0
75897.26,Employed,680.0,Bachelor,41,Suburban,2,18486.84,2759.83,54.0,Male,1
59498.63,Employed,597.0,Bachelor,55,Rural,0,3265.43,2354.64,38.0,Male,0
25760.02,Unemployed,527.0,Bachelor,24,Rural,1,14734.58,1294.21,54.0,Female,0
15354.02,Employed,434.0,Bachelor,56,Suburban,5,815.86,294.91,57.0,Female,0
39715.2,Employed,492.0,Bachelor,30,Urban,2,7252.89,655.23,41.0,Female,1
100475.38,Self-Employed,602.0,Master,60,Urban,2,42804.08,3919.68,40.0,Male,1
64403.02,Employed,606.0,High School,57,Suburban,1,30938.57,3399.91,41.0,Female,1
51034.78,Self-Employed,504.0,High School,41,Urban,5,22384.16,3150.88,53.0,Female,1
20336.95,Student,531.0,Bachelor,24,Suburban,1,10115.97,924.19,44.0,Male,0
60521.64,Employed,565.0,Bachelor,38,Rural,1,33798.38,2510.14,40.0,Female,1
46829.34,Employed,556.0,High School,48,Suburban,2,27598.66,2804.98,46.0,Male,1
62469.37,Student,553.0,Master,36,Suburban,4,10793.9,3839.58,63.0,Male,0
44321.24,Self-Employed,510.0,Master,49,Suburban,4,12175.67,2291.64,63.0,Female,0
43650.76,Employed,492.0,Bachelor,58,Rural,1,6266.95,833.98,39.0,Female,0
55276.69,Unemployed,580.0,Bachelor,64,Urban,1,27094.19,2393.59,56.0,Male,0
79917.19,Employed,584.0,High School,38,Suburban,1,45409.63,3467.67,52.0,Male,1
50123.4,Self-Employed,496.0,Bachelor,65,Urban,1,14593.49,923.32,44.0,Male,0
40005.82,Employed,540.0,Bachelor,32,Suburban,3,12941.2,1127.39,31.0,Female,0
85343.29,Employed,749.0,Master,63,Urban,1,18645.77,1860.17,50.0,Male,1
20101.22,Unemployed,493.0,Bachelor,27,Suburban,0,14331.38,1218.51,62.0,Male,0
29179.6,Employed,589.0,High School,45,Suburban,4,2096.99,1028.55,46.0,Female,0
37989.03,Unemployed,411.0,High School,51,Urban,2,12736.11,1019.63,46.0,Male,0
58285.28,Unemployed,544.0,High School,22,Suburban,1,24240.16,2373.14,34.0,Female,0
42268.2,Student,577.0,Master,40,Urban,0,11511.2,1015.06,45.0,Male,0
60453.66,Employed,560.0,Master,33,Urban,4,35358.21,3197.33,20.0,Female,1
71669.56,Employed,547.0,Master,57,Urban,3,22329.91,2147.65,56.0,Male,1
62909.24,Employed,562.0,Master,42,Urban,1,24766.45,2841.32,71.0,Male,1
20497.48,Employed,547.0,High School,25,Rural,4,0.0,907.74,32.0,Male,1
63029.36,Employed,660.0,Bachelor,22,Rural,1,20000.62,2127.44,42.0,Female,1
57794.88,Employed,604.0,Bachelor,22,Suburban,1,6979.24,2006.16,59.0,Female,1
56502.98,Employed,531.0,High School,22,Suburban,2,15020.88,3001.71,38.0,Male,0
41874.44,Student,523.0,Bachelor,42,Suburban,0,12401.0,1885.48,51.0,Male,0
73697.63,Employed,568.0,Bachelor,35,Rural,2,14791.8,1024.79,29.0,Female,1
59431.92,Employed,519.0,Master,30,Suburban,4,34477.05,3297.63,60.0,Male,1
35844.25,Self-Employed,517.0,High School,38,Urban,2,9092.02,1905.72,41.0,Male,0
87955.6,Employed,587.0,Master,40,Suburban,3,34945.46,1554.49,1.0,Female,1
28020.71,Self-Employed,459.0,Master,47,Rural,2,17123.64,1543.95,27.0,Male,0
65693.03,Self-Employed,605.0,Master,43,Urban,4,34197.15,1648.22,42.0,Male,1
47867.39,Self-Employed,561.0,High School,62,Suburban,5,29118.53,1676.36,71.0,Male,1
50281.72,Self-Employed,516.0,High School,37,Urban,3,2975.65,1691.4,40.0,Male,1
14731.82,Unemployed,501.0,Bachelor,38,Urban,4,8057.77,748.11,28.0,Female,0
22224.33,Student,462.0,Bachelor,39,Suburban,3,12265.92,1347.32,46.0,Female,0
64369.86,Employed,540.0,High School,23,Urban,5,26969.33,2061.33,1.0,Female,1
83780.1,Employed,624.0,Master,54,Rural,5,26446.09,3959.93,74.0,Male,1
20740.35,Unemployed,524.0,High School,45,Suburban,5,15713.13,845.39,48.0,Female,0
48040.04,Employed,519.0,Bachelor,38,Urban,0,17933.21,1285.98,34.0,Male,0
32228.13,Employed,533.0,Master,37,Rural,2,14686.03,983.96,51.0,Female,0
71108.55,Self-Employed,571.0,Bachelor,44,Suburban,3,35546.57,1258.67,46.0,Male,1
77994.7,Employed,540.0,Master,61,Suburban,4,38409.67,2681.57,46.0,Female,1
16838.12,Employed,490.0,Bachelor,38,Suburban,3,0.0,567.35,46.0,Male,0
16641.32,Self-Employed,516.0,Bachelor,40,Rural,2,6219.85,567.28,37.0,Male,0
56052.26,Employed,567.0,High School,27,Urban,3,25297.59,1113.92,43.0,Male,1
65992.72,Employed,491.0,Bachelor,35,Urban,3,27890.52,3388.9,60.0,Male,1
34840.08,Unemployed,530.0,Bachelor,54,Urban,3,10661.44,1417.14,36.0,Male,0
45505.76,Unemployed,539.0,Master,53,Urban,4,8555.47,1107.45,39.0,Female,0
59291.41,Employed,472.0,Master,57,Suburban,2,23548.79,1057.65,23.0,Female,1
54396.42,Employed,515.0,High School,43,Urban,3,24877.05,1186.61,22.0,Male,1
33486.36,Employed,543.0,High School,61,Suburban,0,16372.1,499.77,12.0,Female,0
34816.23,Unemployed,585.0,Bachelor,45,Suburban,3,6516.99,870.25,45.0,Female,0
40884.5,Employed,458.0,Bachelor,26,Rural,2,7142.71,796.43,34.0,Female,0
15634.34,Unemployed,540.0,High School,27,Suburban,0,8021.2,192.05,18.0,Female,0
12996.61,Self-Employed,407.0,High School,43,Rural,1,12470.3,217.09,30.0,Female,0
40366.89,Employed,594.0,High School,37,Rural,5,4730.56,982.09,24.0,Female,1
68044.6,Self-Employed,560.0,Bachelor,25,Urban,3,14385.75,3048.64,53.0,Female,1
27116.23,Student,480.0,High School,23,Suburban,0,13995.74,1019.3,55.0,Female,0
44697.75,Unemployed,553.0,Master,48,Urban,5,8233.81,2197.8,66.0,Male,0
73835.79,Employed,535.0,Bachelor,54,Rural,0,19095.32,3941.11,52.0,Male,1
74374.74,Employed,603.0,Bachelor,30,Suburban,3,47723.31,3141.12,48.0,Male,1
82018.74,Self-Employed,585.0,Bachelor,32,Urban,0,32947.75,1370.29,15.0,Female,1
85856.28,Self-Employed,424.0,High School,45,Urban,5,12682.92,4345.48,35.0,Male,1
66892.31,Employed,532.0,Master,26,Urban,3,41655.91,2128.99,66.0,Female,1
33642.49,Employed,530.0,Bachelor,58,Rural,5,20786.02,1772.63,46.0,Female,0
35182.92,Unemployed,571.0,Master,47,Suburban,1,25887.38,839.45,56.0,Female,0
70595.03,Employed,589.0,Bachelor,37,Urban,5,20103.21,2671.99,20.0,Male,1
79601.58,Employed,634.0,Bachelor,47,Urban,5,34636.84,3733.64,53.0,Female,1
34267.06,Employed,482.0,High School,28,Urban,2,3320.06,1039.86,14.0,Female,0
62829.17,Employed,596.0,Bachelor,35,Suburban,3,18427.65,2521.11,15.0,Male,0
46107.07,Employed,573.0,Bachelor,44,Urban,2,21005.05,2268.12,33.0,Female,1
59800.19,Employed,485.0,Bachelor,64,Urban,4,15165.1,2275.88,74.0,Male,1
40575.8,Employed,581.0,High School,58,Rural,3,11103.15,2324.63,35.0,Female,0
56717.79,Employed,569.0,High School,49,Suburban,0,23433.97,1492.01,61.0,Male,1
81484.88,Employed,577.0,High School,36,Suburban,2,13251.05,4525.25,54.0,Male,1
66126.32,Employed,554.0,Bachelor,62,Suburban,2,39912.96,730.4,57.0,Male,1
52552.5,Employed,502.0,Bachelor,26,Suburban,2,26377.29,2145.07,56.0,Male,1
66076.94,Employed,596.0,PhD,34,Suburban,3,23023.13,4303.05,76.0,Male,1
47137.36,Employed,554.0,High School,40,Urban,1,20844.4,1782.34,37.0,Female,1
38924.66,Self-Employed,555.0,High School,45,Urban,1,26433.0,1298.3,45.0,Male,1
49094.73,Employed,547.0,High School,51,Rural,2,14825.4,2341.77,49.0,Male,1
8000.0,Self-Employed,494.0,High School,39,Rural,2,5834.21,298.68,75.0,Female,0
51832.09,Employed,534.0,Bachelor,63,Suburban,5,4955.68,1727.26,57.0,Female,1
48019.87,Employed,590.0,High School,39,Urban,4,25798.95,2851.48,47.0,Female,1
56590.24,Employed,581.0,PhD,49,Urban,1,9068.2,2524.0,78.0,Female,1
64267.86,Employed,573.0,Master,23,Urban,4,30348.6,2028.71,77.0,Male,1
67798.73,Employed,564.0,Bachelor,28,Rural,3,24558.58,3872.99,45.0,Female,1
78880.74,Self-Employed,506.0,Master,30,Rural,5,28917.92,3860.53,58.0,Male,1
47002.92,Employed,451.0,Bachelor,21,Suburban,4,18432.03,2704.24,43.0,Female,1
74852.28,Employed,564.0,PhD,60,Rural,3,18650.73,3195.46,27.0,Female,1
27522.47,Employed,570.0,High School,49,Urban,1,19392.82,896.43,42.0,Female,0
51557.62,Student,515.0,PhD,59,Suburban,1,13517.66,3239.72,5.0,Female,0
53462.08,Employed,520.0,High School,35,Urban,2,9335.09,3253.51,52.0,Female,0
84903.92,Employed,551.0,Bachelor,25,Urban,5,45955.91,3011.05,49.0,Male,1
76892.05,Employed,525.0,Master,35,Rural,5,21339.07,1570.11,42.0,Female,1
39133.94,Student,488.0,Bachelor,21,Rural,5,6554.61,2421.39,44.0,Female,0
16327.17,Unemployed,509.0,High School,34,Urban,5,0.0,402.27,31.0,Female,0
74377.74,Employed,557.0,High School,25,Urban,2,21132.75,1735.0,18.0,Male,1
45895.68,Employed,515.0,High School,30,Suburban,3,22779.77,1556.15,22.0,Male,1
62727.34,Self-Employed,535.0,Bachelor,49,Urban,0,26496.59,3569.49,52.0,Female,1
57162.09,Employed,566.0,Bachelor,64,Suburban,0,546.33,2236.85,45.0,Male,0
88883.63,Employed,618.0,Bachelor,31,Suburban,1,33056.93,4117.23,68.0,Male,1
60849.34,Employed,476.0,Master,65,Urban,1,21876.36,3179.95,44.0,Male,1
63743.81,Employed,530.0,High School,55,Urban,4,30893.59,2835.62,33.0,Female,1
68703.93,Employed,567.0,Master,26,Urban,5,20554.06,3713.52,49.0,Male,1
61536.57,Self-Employed,581.0,Bachelor,21,Rural,0,15242.68,2212.09,13.0,Male,0
92300.18,Self-Employed,611.0,Master,26,Urban,4,55381.92,2700.46,51.0,Male,1
32931.41,Employed,557.0,Master,53,Suburban,1,2525.29,1465.75,51.0,Female,1
65019.16,Employed,503.0,Master,51,Urban,2,37842.26,1863.89,64.0,Female,1
37589.03,Employed,546.0,High School,60,Suburban,2,5409.98,1376.96,46.0,Male,0
48685.98,Unemployed,635.0,Bachelor,44,Urban,0,19977.26,579.28,21.0,Male,0
76369.96,Employed,584.0,Master,23,Urban,4,6334.03,4471.93,47.0,Female,0
51942.84,Employed,551.0,Bachelor,65,Suburban,1,29545.83,1136.36,38.0,Male,1
39169.22,Employed,553.0,High School,60,Suburban,2,8089.84,1478.33,32.0,Female,1
65057.11,Employed,542.0,Bachelor,53,Urban,3,35122.9,2388.28,29.0,Male,1
46901.93,Employed,498.0,Master,62,Urban,3,24698.42,1601.69,34.0,Female,1
51998.27,Employed,550.0,High School,33,Rural,1,9257.85,1253.57,56.0,Male,1
43734.35,Self-Employed,461.0,Bachelor,45,Urban,4,3237.85,2616.66,54.0,Female,0
81004.72,Employed,607.0,Master,44,Urban,0,50086.56,2523.07,60.0,Male,1
36231.79,Self-Employed,550.0,Bachelor,33,Urban,4,11931.85,1021.54,28.0,Female,0
41490.98,Employed,460.0,High School,65,Urban,3,22975.65,1123.14,61.0,Female,0
43732.94,Employed,543.0,Bachelor,46,Suburban,2,17835.03,1871.19,50.0,Female,1
34527.63,Unemployed,513.0,Bachelor,62,Suburban,2,13827.39,740.98,45.0,Male,0
64645.1,Student,632.0,Bachelor,34,Suburban,1,16853.32,3210.46,50.0,Male,0
67689.51,Employed,629.0,Bachelor,43,Suburban,2,27942.05,2633.3,11.0,Female,1
48804.74,Self-Employed,581.0,Bachelor,62,Urban,1,28913.44,2557.32,68.0,Female,0
57791.7,Self-Employed,610.0,Master,29,Suburban,3,29416.74,826.03,44.0,Male,1
81279.7,Self-Employed,573.0,Master,45,Urban,0,47522.8,3607.75,38.0,Male,1
52540.65,Employed,560.0,Master,56,Urban,5,8598.77,519.23,69.0,Male,1
55335.73,Employed,541.0,Bachelor,56,Suburban,0,25318.86,2748.96,49.0,Female,0
40913.55,Employed,487.0,High School,54,Urban,4,14459.14,1922.28,39.0,Female,0
63424.67,Employed,568.0,Master,48,Urban,2,2166.66,1526.73,28.0,Female,0
62136.62,Employed,558.0,High School,21,Urban,2,27813.08,2325.8,37.0,Female,1
28961.23,Unemployed,505.0,Bachelor,33,Suburban,1,12548.8,1310.41,17.0,Male,0
68612.22,Employed,569.0,High School,56,Urban,3,37920.96,1940.52,38.0,Male,1
91993.8,Employed,607.0,Bachelor,43,Suburban,4,41951.62,1312.02,40.0,Male,1
64060.14,Employed,605.0,Bachelor,37,Suburban,3,4190.31,1706.63,52.0,Female,1
57738.71,Employed,529.0,Bachelor,60,Suburban,0,34518.28,1049.0,13.0,Male,1
77357.03,Self-Employed,526.0,Bachelor,36,Urban,4,19764.95,3914.03,42.0,Male,1
10367.32,Unemployed,519.0,High School,38,Rural,5,6697.15,305.4,18.0,Male,0
84816.1,Employed,633.0,Bachelor,39,Urban,4,30274.28,3031.63,64.0,Male,1
39704.0,Employed,546.0,Bachelor,36,Rural,0,8510.19,2537.58,58.0,Female,0
99521.41,Employed,564.0,Master,43,Suburban,3,24368.33,2588.31,19.0,Male,1
44243.19,Student,530.0,Master,64,Urban,1,18758.79,2947.83,46.0,Male,0
80925.53,Employed,602.0,PhD,65,Suburban,3,45304.94,2488.62,68.0,Female,1
27606.38,Employed,465.0,High School,36,Suburban,4,10025.27,1924.9,56.0,Male,0
47801.23,Employed,507.0,High School,37,Suburban,5,30111.95,2785.49,44.0,Male,0
45804.6,Employed,532.0,Bachelor,59,Urban,5,3755.41,1311.6,48.0,Male,1
33377.24,Employed,574.0,Bachelor,46,Suburban,5,4839.41,296.38,48.0,Female,0
62082.79,Student,572.0,Bachelor,29,Suburban,0,6930.2,1866.16,71.0,Male,0
40586.68,Employed,505.0,Master,45,Rural,0,21900.01,1024.78,34.0,Female,1
46973.91,Employed,531.0,Bachelor,56,Urban,4,10843.29,2643.53,69.0,Female,0
42225.87,Employed,504.0,Bachelor,39,Suburban,4,17284.88,1873.44,36.0,Female,1
92094.95,Employed,586.0,PhD,48,Suburban,4,53083.8,4325.05,48.0,Male,1
47262.49,Student,573.0,High School,55,Suburban,1,14573.08,1845.27,41.0,Female,0
84054.43,Self-Employed,507.0,Master,26,Suburban,2,12313.32,2921.31,52.0,Male,1
30203.05,Unemployed,576.0,Bachelor,64,Urban,3,3998.68,1079.73,52.0,Male,0
47244.01,Unemployed,639.0,High School,23,Suburban,3,20741.69,1598.05,42.0,Female,0
56075.23,Self-Employed,561.0,Master,26,Urban,5,17850.77,3146.62,43.0,Male,1
58679.68,Employed,520.0,Master,34,Urban,2,20319.44,2322.79,34.0,Male,0
56519.09,Employed,606.0,Master,21,Suburban,5,3714.86,2742.72,58.0,Male,1
42065.34,Self-Employed,546.0,High School,50,Urban,1,22502.15,1743.43,44.0,Male,0
50638.2,Self-Employed,522.0,High School,44,Urban,4,23130.24,1787.63,48.0,Male,0
45419.6,Employed,494.0,Bachelor,37,Urban,0,16215.42,683.63,44.0,Female,0
50471.17,Employed,527.0,High School,65,Suburban,1,14229.11,1564.88,64.0,Female,1
8000.0,Self-Employed,493.0,High School,33,Rural,0,3095.23,100.0,52.0,Male,0
58422.19,Employed,597.0,Bachelor,60,Suburban,1,8643.62,2101.68,57.0,Female,1
37654.8,Employed,540.0,High School,47,Urban,3,23401.78,967.04,38.0,Male,1
52958.91,Employed,569.0,Master,52,Rural,5,17199.55,2543.93,29.0,Male,1
52321.09,Employed,533.0,Bachelor,63,Urban,0,3202.07,664.64,31.0,Male,1
61147.58,Employed,599.0,High School,32,Rural,3,34184.64,2593.75,47.0,Male,1
64569.02,Self-Employed,556.0,Bachelor,26,Suburban,0,36581.66,2875.17,39.0,Male,0
49516.87,Self-Employed,627.0,High School,56,Urban,1,11829.97,1557.33,51.0,Male,0
40271.48,Employed,501.0,High School,50,Suburban,0,13299.93,1095.14,41.0,Male,0
69743.17,Employed,591.0,Bachelor,29,Urban,3,44034.53,2430.77,34.0,Female,1
85920.65,Employed,694.0,Bachelor,62,Suburban,3,4816.88,2202.86,66.0,Male,1
61580.08,Employed,608.0,Bachelor,53,Urban,1,36412.81,1488.05,49.0,Male,1
31025.22,Employed,551.0,Bachelor,45,Rural,4,12109.02,884.21,41.0,Male,1
42456.56,Self-Employed,547.0,Bachelor,26,Suburban,2,17099.42,2426.38,63.0,Female,0
61388.24,Self-Employed,563.0,Bachelor,64,Rural,4,10885.58,607.9,26.0,Male,0
44359.3,Employed,529.0,Bachelor,44,Rural,3,3733.5,1319.64,32.0,Female,1
29119.58,Unemployed,489.0,Bachelor,47,Urban,5,9754.31,796.18,34.0,Male,0
45467.25,Employed,469.0,Bachelor,22,Suburban,4,10772.66,564.26,46.0,Male,1
42375.18,Self-Employed,563.0,High School,51,Rural,5,17746.04,1729.58,49.0,Female,1
38992.58,Employed,460.0,Bachelor,58,Urban,5,3807.27,1374.61,89.0,Male,1
67480.15,Self-Employed,599.0,Master,56,Urban,1,33341.33,3547.28,38.0,Male,1
55326.99,Employed,538.0,High School,37,Urban,2,14345.3,1150.75,42.0,Male,1
51257.17,Employed,503.0,Bachelor,29,Urban,2,25509.04,923.17,36.0,Female,0
43357.08,Employed,598.0,Master,40,Rural,3,419.68,984.63,47.0,Female,1
60276.05,Self-Employed,494.0,High School,46,Suburban,3,29497.15,2669.66,61.0,Female,1
23008.3,Unemployed,476.0,Master,33,Suburban,2,1377.31,678.44,42.0,Female,0
55590.97,Self-Employed,527.0,Bachelor,48,Rural,0,4250.61,2071.83,51.0,Male,0
74916.3,Self-Employed,587.0,Master,62,Urban,2,14500.47,3592.74,48.0,Female,1
69391.94,Employed,545.0,Master,26,Suburban,1,37727.85,2968.39,74.0,Male,1
90467.72,Self-Employed,668.0,PhD,32,Urban,5,3922.94,2778.25,42.0,Female,1
24969.06,Unemployed,447.0,Bachelor,41,Urban,5,10144.76,1034.87,1.0,Male,0
50136.3,Employed,729.0,Bachelor,28,Urban,1,6597.21,1335.43,33.0,Male,1
43081.49,Employed,487.0,High School,55,Urban,2,27009.25,2310.8,82.0,Female,1
103360.45,Employed,754.0,High School,23,Urban,3,22314.25,3498.54,35.0,Male,1
70617.06,Employed,623.0,Master,22,Suburban,2,15006.73,3823.92,61.0,Female,1
72425.25,Employed,572.0,Bachelor,36,Urban,1,29228.63,4702.59,47.0,Male,0
73800.25,Self-Employed,589.0,Master,39,Urban,4,16490.78,1817.85,51.0,Female,1
46182.3,Self-Employed,522.0,High School,52,Suburban,5,10370.52,2145.82,62.0,Female,0
69741.57,Employed,588.0,High School,27,Urban,4,28849.69,3712.42,47.0,Male,1
8000.0,Student,451.0,High School,56,Rural,2,7914.17,272.58,56.0,Female,0
35154.62,Unemployed,555.0,Bachelor,28,Rural,5,9339.3,1847.29,60.0,Female,0
53423.26,Employed,558.0,High School,63,Suburban,5,10166.62,1945.26,50.0,Female,1
59279.73,Student,513.0,Bachelor,44,Suburban,5,15190.28,2089.85,44.0,Male,0
33664.77,Unemployed,540.0,PhD,55,Suburban,4,5764.46,476.57,34.0,Female,0
46768.68,Employed,556.0,Master,22,Suburban,1,26510.53,2942.29,38.0,Female,0
32716.82,Student,488.0,Master,53,Rural,3,8284.53,840.05,22.0,Male,0
54834.81,Employed,532.0,High School,40,Rural,3,,1303.02,50.0,Male,1
70048.77,Employed,596.0,Bachelor,43,Urban,4,38729.48,3071.32,56.0,Male,1
40752.94,Employed,580.0,Bachelor,22,Suburban,0,13137.72,1941.51,51.0,Female,0
73714.15,Self-Employed,572.0,High School,48,Rural,0,28839.41,4108.77,71.0,Male,1
47295.57,Student,583.0,Bachelor,62,Urban,5,15997.61,1013.04,40.0,Female,0
64863.09,Employed,618.0,Master,65,Suburban,4,13982.69,3172.24,71.0,Female,1
47885.6,Employed,600.0,High School,60,Suburban,1,13270.82,2027.37,21.0,Male,1
80957.41,Employed,608.0,Master,53,Suburban,5,13340.02,3491.36,79.0,Male,1
35842.41,Unemployed,484.0,High School,30,Urban,2,19443.46,1159.92,40.0,Female,0
82347.77,Employed,631.0,High School,37,Urban,3,43609.17,3582.76,42.0,Male,1
31791.51,Employed,510.0,High School,23,Urban,5,1381.48,622.11,36.0,Female,0
39816.54,Employed,553.0,Master,31,Suburban,5,16222.63,1459.07,66.0,Female,1
39899.12,Employed,502.0,Bachelor,32,Rural,3,15936.01,1410.98,32.0,Female,0
56300.26,Student,527.0,Master,51,Rural,3,25800.81,1181.49,42.0,Male,0
36578.64,Student,494.0,Bachelor,22,Urban,1,0.0,1937.94,29.0,Female,0
85065.42,Employed,535.0,Master,62,Urban,1,33356.36,2673.44,54.0,Female,1
51096.63,Self-Employed,520.0,Bachelor,54,Suburban,0,23885.92,1513.15,61.0,Male,0
51228.63,Unemployed,500.0,Bachelor,51,Suburban,0,12707.06,3198.82,55.0,Female,0
50538.58,Employed,571.0,Master,46,Suburban,2,,1214.43,36.0,Female,1
83745.8,Employed,545.0,Master,32,Urban,2,49855.28,1673.3,37.0,Female,1
80537.3,Self-Employed,558.0,Bachelor,45,Urban,3,33295.09,1492.17,44.0,Male,1
42528.21,Employed,534.0,High School,49,Suburban,3,21016.02,1302.32,50.0,Male,1
72343.43,Self-Employed,658.0,Master,59,Suburban,4,6295.29,2096.03,59.0,Male,1
58015.72,Employed,525.0,High School,51,Urban,1,25509.34,3076.46,35.0,Male,0
76750.6,Self-Employed,521.0,PhD,57,Rural,0,31943.39,3339.75,44.0,Male,1
74266.55,Employed,520.0,Bachelor,41,Suburban,0,20614.58,2277.85,68.0,Female,1
61598.17,Employed,522.0,High School,39,Rural,4,19354.91,2231.02,54.0,Male,1
62711.69,Employed,533.0,Bachelor,56,Suburban,5,25711.83,2900.26,52.0,Female,1
68945.78,Employed,675.0,Bachelor,48,Suburban,2,33073.89,3533.23,64.0,Male,1
33960.97,Self-Employed,565.0,Bachelor,38,Rural,0,16740.0,376.23,2.0,Male,0
42386.2,Unemployed,520.0,Master,40,Rural,5,19656.2,2217.73,56.0,Male,0
38477.44,Employed,612.0,Bachelor,46,Rural,1,18913.93,1365.6,80.0,Male,1
42727.61,Employed,507.0,High School,49,Rural,3,21960.91,1498.05,44.0,Female,1
71752.13,Employed,557.0,Bachelor,37,Suburban,5,29820.06,2572.04,52.0,Female,1
65894.19,Employed,546.0,Master,27,Urban,5,17850.77,3334.44,47.0,Female,0
17416.15,Student,544.0,Master,61,Urban,1,3209.28,1021.34,26.0,Male,0
35298.0,Employed,520.0,Bachelor,34,Rural,0,6433.1,1686.54,36.0,Female,0
76716.32,Self-Employed,651.0,Master,28,Urban,2,11044.23,1938.15,58.0,Male,1
38913.29,Employed,548.0,High School,32,Suburban,5,5048.49,971.22,48.0,Female,1
66757.66,Employed,609.0,Bachelor,60,Rural,2,25394.47,3804.97,41.0,Male,1
42891.86,Self-Employed,453.0,Master,28,Rural,5,22553.26,1930.43,35.0,Male,1
58725.78,Self-Employed,481.0,Bachelor,52,Rural,5,28762.5,2745.67,40.0,Male,0
57479.15,Employed,480.0,High School,39,Suburban,3,31004.83,1060.06,43.0,Male,1
50848.51,Unemployed,527.0,Bachelor,48,Suburban,5,1916.43,1285.64,38.0,Male,0
21171.85,Unemployed,434.0,Bachelor,53,Rural,5,,360.77,36.0,Female,0
61696.9,Employed,617.0,High School,31,Urban,4,4241.97,3021.43,34.0,Female,1
72598.39,Employed,568.0,High School,38,Urban,4,27398.44,1457.32,67.0,Female,1
28909.59,Employed,542.0,Master,56,Rural,2,1027.87,1375.6,46.0,Male,1
47775.54,Employed,519.0,High School,65,Suburban,5,4706.38,1559.75,35.0,Female,1
29904.75,Self-Employed,553.0,Bachelor,59,Suburban,2,6311.57,1069.71,28.0,Male,0
61097.06,Employed,472.0,PhD,34,Urban,4,29444.41,3113.94,45.0,Female,1
55321.38,Employed,550.0,Master,31,Suburban,5,34571.68,2627.38,66.0,Male,1
54003.23,Employed,573.0,Bachelor,63,Rural,5,6961.72,2844.88,72.0,Male,1
60663.12,Employed,586.0,Bachelor,51,Suburban,5,5006.92,2502.43,38.0,Female,1
67574.75,Employed,555.0,High School,29,Urban,1,17982.86,2002.49,38.0,Male,1
42960.32,Unemployed,458.0,Bachelor,50,Suburban,5,16962.3,1820.17,19.0,Male,0
51104.41,Self-Employed,592.0,High School,35,Rural,1,14948.61,2195.65,22.0,Female,1
15822.52,Student,478.0,High School,28,Rural,1,1657.98,100.0,38.0,Male,0
63849.88,Self-Employed,551.0,High School,28,Urban,3,6607.81,2319.16,42.0,Female,0
9562.66,Employed,587.0,Bachelor,38,Suburban,0,4493.11,464.24,32.0,Male,0
70900.38,Self-Employed,579.0,High School,31,Urban,4,0.0,2903.58,42.0,Female,0
47208.0,Unemployed,517.0,High School,56,Suburban,5,22686.95,1016.22,45.0,Female,0
75250.81,Self-Employed,555.0,Master,28,Urban,1,37695.16,3579.46,55.0,Female,1
80434.49,Employed,617.0,High School,29,Suburban,1,38415.95,1814.77,60.0,Female,1
27942.72,Employed,476.0,Bachelor,49,Suburban,2,6857.15,1538.98,82.0,Female,0
69691.41,Employed,596.0,Bachelor,40,Urban,0,33811.03,1759.38,28.0,Female,1
64026.59,Employed,614.0,Bachelor,30,Urban,1,17924.9,2482.66,29.0,Male,1
57661.28,Employed,552.0,High School,24,Urban,5,17245.17,1674.34,68.0,Male,1
32546.45,Employed,564.0,High School,24,Urban,5,5864.61,765.75,38.0,Female,0
52922.11,Unemployed,546.0,Master,34,Suburban,3,15182.47,1289.28,54.0,Male,0
67217.35,Employed,538.0,Bachelor,32,Urban,4,35585.9,3378.6,35.0,Male,1
43656.07,Employed,461.0,High School,47,Urban,0,25734.76,1661.25,27.0,Male,0
47969.6,Self-Employed,554.0,Bachelor,51,Rural,0,9702.74,1814.23,57.0,Female,0
22282.44,Unemployed,518.0,Bachelor,28,Urban,5,18475.31,172.09,17.0,Male,0
37069.02,Employed,570.0,High School,40,Rural,0,6329.52,1830.91,66.0,Female,0
69412.27,Employed,612.0,Bachelor,41,Suburban,4,37301.09,1671.21,56.0,Female,1
69712.1,Employed,666.0,Bachelor,28,Suburban,5,1766.25,2877.33,39.0,Female,1
68530.52,Self-Employed,545.0,Bachelor,42,Suburban,4,20949.27,1877.55,68.0,Male,1
60405.81,Unemployed,575.0,Master,23,Urban,2,25034.73,1839.53,52.0,Female,0
65601.98,Employed,536.0,Bachelor,35,Rural,3,7862.64,2210.47,43.0,Female,1
33346.8,Unemployed,563.0,Master,53,Rural,3,6273.69,2048.53,47.0,Male,0
61093.2,Self-Employed,519.0,Bachelor,32,Urban,2,36268.48,2734.58,20.0,Female,0
73301.7,Self-Employed,619.0,Bachelor,52,Suburban,5,14125.24,3289.61,31.0,Male,1
34306.56,Employed,489.0,Bachelor,25,Suburban,0,0.0,1296.36,53.0,Female,0
14220.21,Unemployed,528.0,Bachelor,41,Rural,5,2490.98,825.13,42.0,Male,0
21390.26,Employed,558.0,High School,61,Rural,5,10090.07,1534.62,65.0,Female,1
47216.9,Employed,471.0,PhD,44,Urban,0,9094.14,2146.82,52.0,Female,1
47237.91,Employed,480.0,Master,57,Rural,3,26157.0,1900.56,27.0,Male,1
35117.97,Employed,534.0,High School,31,Rural,3,3967.51,1125.76,25.0,Female,0
81684.58,Employed,596.0,Bachelor,29,Suburban,5,26479.67,1644.44,31.0,Male,1
59437.89,Employed,545.0,Master,42,Urban,5,6042.36,2292.11,38.0,Female,0
36254.45,Employed,504.0,Master,32,Rural,2,0.0,1730.3,46.0,Female,0
61492.83,Employed,523.0,Bachelor,53,Suburban,1,11184.1,1266.21,59.0,Male,1
49165.54,Self-Employed,558.0,High School,36,Urban,4,,1602.6,52.0,Male,1
37268.02,Self-Employed,483.0,Bachelor,55,Rural,3,17197.1,2022.8,64.0,Female,0
42171.55,Employed,550.0,High School,22,Suburban,3,25176.5,1276.45,47.0,Male,1
67006.33,Employed,543.0,Bachelor,36,Rural,4,34488.94,3589.73,47.0,Female,1
33851.73,Employed,503.0,Bachelor,31,Suburban,0,5326.6,1215.26,20.0,Female,0
31013.46,Self-Employed,572.0,Bachelor,51,Urban,0,7720.86,2079.83,55.0,Female,0
52002.53,Self-Employed,590.0,High School,30,Rural,2,6735.36,1099.08,39.0,Male,1
45790.44,Employed,494.0,Bachelor,42,Suburban,2,13971.3,2081.45,57.0,Female,1
63283.14,Student,524.0,Bachelor,37,Suburban,0,17814.68,3033.75,41.0,Female,0
57685.45,Self-Employed,591.0,Bachelor,54,Urban,1,25364.14,1585.08,67.0,Male,0
32494.41,Unemployed,455.0,High School,37,Urban,2,15931.47,1718.65,68.0,Male,0
60798.28,Self-Employed,625.0,High School,52,Suburban,0,26264.66,1503.5,29.0,Male,1
44917.6,Employed,543.0,Master,25,Urban,4,5642.44,1568.98,48.0,Male,1
41063.79,Student,506.0,Bachelor,54,Rural,0,4720.89,2177.07,22.0,Female,0
29515.73,Unemployed,516.0,Bachelor,49,Rural,4,24178.78,1754.95,31.0,Male,0
50402.1,Unemployed,606.0,Bachelor,28,Suburban,2,15077.59,2551.52,35.0,Female,0
40298.34,Unemployed,435.0,Master,25,Urban,0,20352.15,2379.36,38.0,Male,0
41652.33,Unemployed,579.0,Bachelor,35,Suburban,3,6881.14,1913.7,40.0,Male,0
46615.54,Self-Employed,594.0,High School,65,Urban,3,2596.07,1686.65,32.0,Male,1
49193.49,Employed,529.0,High School,32,Rural,5,13754.4,2285.91,49.0,Female,1
43232.81,Employed,532.0,High School,42,Suburban,2,5905.19,2058.59,22.0,Female,0
66934.66,Employed,575.0,Master,41,Rural,5,34872.02,3662.08,68.0,Male,1
82298.58,Self-Employed,624.0,Bachelor,34,Urban,2,23799.03,2495.43,32.0,Female,1
65710.2,Employed,534.0,Master,41,Urban,5,18877.78,2875.09,47.0,Male,1
61041.24,Employed,560.0,Bachelor,28,Rural,1,19593.35,1336.88,35.0,Male,1
86297.02,Student,592.0,Master,51,Suburban,4,7300.18,1940.0,60.0,Male,0
72847.82,Employed,608.0,PhD,28,Rural,1,23606.93,3082.99,45.0,Female,1
14487.33,Employed,614.0,Bachelor,46,Rural,0,476.6,253.88,58.0,Female,0
35006.06,Self-Employed,490.0,High School,35,Suburban,0,12227.17,1222.53,46.0,Female,0
32943.76,Employed,524.0,High School,47,Suburban,2,13318.2,1056.2,26.0,Male,1
72829.45,Employed,543.0,Bachelor,45,Suburban,0,40345.99,2286.71,43.0,Male,1
55592.71,Self-Employed,531.0,Master,49,Rural,4,22586.61,1860.1,44.0,Female,0
55952.77,Student,505.0,Bachelor,48,Rural,0,33024.57,997.28,51.0,Male,0
67173.35,Employed,500.0,Bachelor,33,Urban,5,0.0,3067.35,53.0,Female,0
64108.61,Employed,618.0,Bachelor,47,Suburban,2,26226.26,2274.14,43.0,Female,1
43650.39,Employed,552.0,Bachelor,31,Urban,2,,1650.41,32.0,Male,0
52573.42,Self-Employed,552.0,High School,38,Suburban,4,12214.94,754.7,46.0,Female,0
79498.85,Employed,547.0,Master,30,Rural,4,,2640.73,43.0,Female,1
33293.55,Employed,517.0,Bachelor,45,Rural,5,16357.72,1027.61,29.0,Male,1
43242.85,Self-Employed,483.0,High School,56,Urban,5,9387.19,1648.54,28.0,Female,0
48316.28,Student,541.0,Bachelor,48,Urban,1,3077.87,2267.46,62.0,Female,0
63470.24,Employed,579.0,Bachelor,25,Urban,3,24856.67,3639.39,31.0,Male,1
79548.81,Employed,562.0,Bachelor,24,Urban,4,18654.62,4041.5,62.0,Female,1
62927.61,Self-Employed,529.0,High School,35,Urban,4,13841.51,3511.28,53.0,Male,0
57091.38,Employed,533.0,Bachelor,47,Rural,1,7514.02,1332.6,33.0,Female,0
50264.02,Unemployed,582.0,Bachelor,33,Urban,5,15451.57,1949.7,34.0,Female,0
61464.34,Employed,570.0,High School,65,Urban,1,36418.78,3059.3,51.0,Female,1
59616.04,Employed,486.0,Bachelor,47,Suburban,4,32736.06,2288.24,38.0,Male,1
52677.7,Employed,581.0,Bachelor,61,Urban,5,15531.61,2998.22,41.0,Female,1
76854.64,Employed,607.0,Bachelor,62,Urban,0,19030.53,3011.07,65.0,Male,1
41853.82,Self-Employed,541.0,Bachelor,25,Rural,3,20492.38,1588.16,41.0,Male,1
58915.82,Self-Employed,631.0,Bachelor,60,Urban,5,28379.12,1246.15,41.0,Male,1
38649.0,Self-Employed,529.0,Bachelor,23,Urban,0,7191.93,1081.89,28.0,Female,0
75975.13,Self-Employed,601.0,Master,25,Suburban,4,40763.05,1161.62,56.0,Male,1
80487.84,Employed,609.0,Bachelor,45,Urban,5,44344.57,2366.73,65.0,Male,1
44966.78,Student,577.0,PhD,45,Urban,1,13688.51,2183.77,49.0,Female,0
39691.06,Unemployed,520.0,Bachelor,50,Urban,4,23098.02,870.16,61.0,Male,0
54799.01,Employed,522.0,Bachelor,22,Urban,5,25532.91,1433.36,34.0,Male,1
69129.89,Self-Employed,616.0,Bachelor,25,Rural,2,36869.41,3170.97,65.0,Male,1
71254.57,Unemployed,616.0,Master,56,Urban,0,22116.1,3836.36,48.0,Male,0
58813.6,Employed,615.0,Master,47,Urban,1,18140.16,1031.94,33.0,Female,1
15632.37,Employed,514.0,Bachelor,37,Urban,5,2686.05,104.73,57.0,Male,1
72292.02,Employed,502.0,Bachelor,29,Rural,5,13020.28,1576.88,37.0,Male,1
51676.42,Student,554.0,Master,30,Urban,5,15306.96,2855.42,35.0,Female,0
57734.3,Self-Employed,557.0,Master,34,Rural,3,15815.15,2119.53,18.0,Female,1
86455.71,Self-Employed,652.0,PhD,42,Urban,1,21305.81,3799.11,54.0,Female,1
17539.73,Unemployed,546.0,High School,57,Rural,3,14520.49,739.8,23.0,Female,0
40545.86,Employed,559.0,High School,40,Urban,5,7826.97,1989.16,75.0,Female,1
41664.37,Student,439.0,Bachelor,40,Urban,4,23648.27,1747.72,70.0,Male,0
70336.3,Employed,537.0,Master,63,Suburban,0,22699.03,4600.14,13.0,Female,1
61184.51,Self-Employed,544.0,High School,25,Urban,4,15956.44,1990.76,69.0,Female,1
83497.31,Employed,577.0,Bachelor,22,Suburban,5,42969.98,3870.16,43.0,Male,1
65050.89,Employed,574.0,Bachelor,65,Suburban,0,17307.53,1328.63,60.0,Male,1
48830.61,Employed,610.0,High School,63,Suburban,3,12718.66,1393.94,58.0,Male,1
79292.86,Employed,622.0,Master,39,Urban,3,11309.08,3066.37,70.0,Female,1
32431.13,Employed,478.0,High School,31,Suburban,3,16459.39,1136.5,68.0,Female,1
87290.82,Employed,561.0,Master,26,Urban,4,45087.05,1951.7,27.0,Female,1
56170.65,Self-Employed,512.0,Bachelor,27,Rural,5,13499.25,2059.01,30.0,Male,0
35569.65,Unemployed,519.0,Bachelor,61,Suburban,3,6787.95,1139.85,53.0,Male,0
44479.62,Employed,573.0,Bachelor,54,Suburban,0,26402.87,1935.95,46.0,Male,1
52404.1,Employed,591.0,High School,59,Rural,3,22080.22,1349.2,52.0,Female,1
50790.75,Employed,529.0,Bachelor,44,Suburban,3,16096.13,2819.09,44.0,Female,1
59585.77,Self-Employed,557.0,Master,50,Suburban,1,27468.84,1769.86,57.0,Female,1
32932.09,Employed,596.0,Bachelor,61,Urban,4,5702.77,2292.73,27.0,Female,1
25479.81,Student,443.0,High School,37,Suburban,3,6582.65,742.5,68.0,Female,0
49472.54,Employed,573.0,Bachelor,45,Urban,0,11928.5,1950.4,82.0,Female,1
60278.44,Employed,583.0,High School,33,Urban,4,13906.55,2757.7,22.0,Male,1
30985.3,Unemployed,504.0,Bachelor,43,Rural,0,4087.67,945.69,63.0,Male,0
22266.91,Employed,504.0,Bachelor,30,Urban,5,8208.43,1088.94,14.0,Male,0
52774.82,Employed,567.0,Bachelor,30,Suburban,3,29001.67,1346.77,50.0,Male,1
17182.75,Student,484.0,High School,37,Urban,5,6915.39,792.95,25.0,Male,0
38357.33,Employed,499.0,High School,63,Urban,2,2077.31,1880.36,51.0,Male,0
58058.27,Employed,524.0,High School,33,Rural,1,5025.98,1658.03,25.0,Female,0
36665.24,Employed,609.0,Bachelor,50,Urban,2,7600.91,991.74,46.0,Male,0
39422.65,Unemployed,510.0,Bachelor,46,Suburban,4,16036.21,801.59,36.0,Female,0
27391.7,Unemployed,521.0,Bachelor,48,Suburban,3,10046.35,147.7,32.0,Female,0
32499.47,Employed,555.0,High School,26,Rural,2,0.0,912.72,45.0,Female,1
35310.14,Employed,514.0,High School,56,Urban,2,13477.03,1594.82,17.0,Female,1
63792.85,Employed,566.0,Bachelor,56,Suburban,4,22195.02,3740.39,63.0,Male,1
61477.07,Employed,584.0,Bachelor,25,Suburban,1,16484.59,1460.23,38.0,Female,1
24122.75,Unemployed,469.0,Master,38,Urban,0,11015.98,1497.49,19.0,Male,0
67257.86,Employed,500.0,High School,59,Urban,1,29797.63,1140.18,51.0,Female,1
16206.04,Unemployed,463.0,High School,31,Urban,1,6645.13,222.17,27.0,Male,0
62829.14,Self-Employed,641.0,Bachelor,43,Suburban,1,25465.56,1297.83,41.0,Male,1
40285.49,Employed,505.0,Bachelor,58,Urban,1,20386.17,761.69,44.0,Female,1
49114.07,Self-Employed,549.0,Bachelor,57,Urban,4,26109.38,1115.01,40.0,Female,1
29817.97,Self-Employed,456.0,High School,38,Suburban,1,14049.98,1109.74,40.0,Male,1
39068.89,Employed,589.0,High School,53,Suburban,0,17644.93,1632.98,52.0,Female,1
58985.38,Employed,544.0,Bachelor,62,Urban,2,9261.07,1914.72,40.0,Male,0
12760.22,Unemployed,471.0,High School,41,Urban,5,0.0,339.43,52.0,Female,0
64716.62,Self-Employed,560.0,Bachelor,64,Urban,5,22754.33,2259.01,63.0,Male,1
55681.48,Self-Employed,666.0,High School,55,Suburban,0,25308.78,2693.11,40.0,Male,1
95590.44,Employed,630.0,Bachelor,50,Rural,0,36359.24,2496.57,39.0,Male,1
62930.44,Self-Employed,556.0,High School,53,Suburban,1,4643.25,2960.88,59.0,Male,0
90646.31,Self-Employed,473.0,PhD,29,Suburban,0,17016.79,3701.06,79.0,Male,0
27464.77,Employed,573.0,High School,21,Urban,4,12981.61,1491.9,59.0,Male,1
17623.02,Employed,467.0,High School,58,Rural,0,5536.46,779.58,25.0,Male,0
65545.14,Employed,528.0,Master,52,Urban,0,28773.88,2408.5,43.0,Male,1
74802.24,Self-Employed,546.0,High School,63,Urban,1,9905.87,1976.25,33.0,Female,1
91115.44,Employed,669.0,High School,43,Urban,3,24702.11,4387.8,79.0,Male,1
19686.96,Unemployed,499.0,High School,38,Urban,0,8126.06,672.79,45.0,Female,0
46206.66,Employed,471.0,Bachelor,58,Suburban,1,26106.1,1454.9,27.0,Female,1
50158.41,Unemployed,536.0,Bachelor,63,Urban,3,30858.18,1356.21,35.0,Male,0
63042.62,Employed,526.0,Master,57,Urban,5,15773.21,1289.52,27.0,Female,1
65420.98,Self-Employed,583.0,Master,58,Urban,5,,2142.61,40.0,Male,1
64523.49,Employed,548.0,Bachelor,28,Rural,1,32950.4,2731.01,57.0,Male,1
85732.77,Self-Employed,525.0,High School,60,Suburban,1,47653.78,4969.24,51.0,Female,1
63568.6,Student,560.0,Master,21,Rural,0,25854.61,2877.51,51.0,Female,0
87036.9,Employed,595.0,Master,54,Rural,1,36135.4,2353.72,51.0,Female,1
35337.98,Employed,467.0,Master,29,Rural,3,19775.73,1777.52,15.0,Male,0
63121.72,Employed,475.0,High School,22,Suburban,3,29025.63,3604.28,27.0,Female,1
47751.97,Employed,554.0,Bachelor,54,Urban,2,27821.08,1372.75,35.0,Male,1
67146.73,Unemployed,556.0,Bachelor,36,Urban,0,26842.9,3264.01,38.0,Male,0
90359.9,Employed,593.0,Master,60,Urban,5,36583.94,4531.63,64.0,Male,1
54057.22,Self-Employed,584.0,High School,33,Suburban,2,28612.3,1315.64,36.0,Female,1
58856.6,Employed,470.0,Master,52,Urban,5,31411.35,434.67,48.0,Male,1
35742.73,Student,527.0,Bachelor,49,Urban,4,5247.75,1531.51,50.0,Female,0
56956.39,Employed,584.0,Master,57,Suburban,4,34369.41,3322.81,65.0,Female,1
54435.0,Student,543.0,Bachelor,59,Urban,2,17313.77,1164.16,33.0,Female,0
72058.32,Employed,512.0,Master,47,Urban,0,17269.9,3590.0,50.0,Female,1
64300.49,Student,535.0,Bachelor,36,Urban,1,7379.34,1957.18,75.0,Female,0
73162.3,Self-Employed,557.0,High School,43,Suburban,3,7003.97,2939.73,34.0,Male,1
49319.64,Employed,473.0,Bachelor,48,Urban,3,10142.74,2304.58,57.0,Male,0
53127.95,Unemployed,566.0,Master,64,Urban,0,28517.1,1360.73,57.0,Female,0
60945.54,Employed,560.0,High School,28,Urban,5,13034.81,1223.84,48.0,Male,0
57574.65,Employed,526.0,Bachelor,24,Suburban,0,32056.49,1035.05,54.0,Male,1
92126.47,Employed,649.0,PhD,41,Urban,2,9167.14,2113.38,46.0,Male,1
57364.6,Unemployed,532.0,Master,39,Urban,1,3310.54,1418.8,49.0,Male,0
44381.63,Self-Employed,603.0,Bachelor,61,Rural,1,9107.19,1579.24,46.0,Male,1
60868.24,Employed,548.0,Master,33,Rural,2,21973.3,2512.75,26.0,Male,1
24761.68,Unemployed,466.0,High School,27,Urban,1,15927.23,1055.82,37.0,Female,0
51087.24,Employed,505.0,Bachelor,26,Urban,2,9640.95,1440.48,19.0,Male,0
56720.17,Employed,558.0,Bachelor,61,Urban,5,15098.88,2258.58,56.0,Female,1
43546.13,Employed,487.0,Master,48,Suburban,4,23075.77,2340.97,50.0,Female,0
61108.24,Employed,567.0,High School,64,Urban,1,18409.32,2841.54,64.0,Male,0
62061.78,Self-Employed,544.0,High School,32,Rural,3,19419.54,2213.63,29.0,Female,0
51757.07,Employed,528.0,Bachelor,24,Rural,2,16536.36,647.78,40.0,Female,0
69196.42,Employed,570.0,Bachelor,41,Suburban,1,28742.22,2865.39,51.0,Female,1
72329.94,Employed,622.0,Master,28,Urban,2,15382.05,2899.92,80.0,Male,1
19668.43,Unemployed,477.0,Bachelor,27,Rural,0,14117.97,375.56,34.0,Male,0
95105.98,Self-Employed,617.0,Master,60,Suburban,1,46162.68,4638.74,50.0,Male,1
18663.56,Employed,520.0,Bachelor,38,Suburban,3,0.0,484.01,38.0,Female,1
64154.61,Self-Employed,510.0,Master,24,Urban,4,28075.68,1820.13,69.0,Female,1
51471.71,Employed,570.0,Master,30,Suburban,4,30658.96,2200.65,59.0,Female,1
46725.4,Unemployed,577.0,High School,37,Rural,5,2975.35,1051.2,50.0,Female,0
54239.53,Employed,594.0,Bachelor,61,Rural,1,5549.82,2351.43,43.0,Female,1
101332.15,Employed,568.0,Master,49,Suburban,0,46295.19,4564.3,55.0,Female,1
51540.1,Employed,500.0,High School,44,Suburban,3,17038.44,1438.36,65.0,Male,1
46587.38,Employed,537.0,Bachelor,47,Urban,3,12956.36,1171.64,35.0,Female,1
25345.97,Employed,504.0,High School,56,Suburban,5,14493.34,663.17,31.0,Male,1
77599.68,Self-Employed,585.0,Master,29,Rural,0,3992.81,3069.43,25.0,Male,0
38479.05,Employed,512.0,High School,42,Suburban,1,5982.87,1984.61,22.0,Male,0
51702.87,Employed,555.0,Bachelor,38,Urban,2,5563.54,1595.41,60.0,Female,0
78421.61,Self-Employed,470.0,Bachelor,22,Urban,4,35212.74,4484.32,27.0,Male,1
64800.48,Self-Employed,595.0,High School,45,Suburban,1,6208.99,3469.61,77.0,Male,0
25855.48,Unemployed,576.0,Bachelor,52,Rural,5,10422.58,1225.86,37.0,Male,0
63189.87,Employed,539.0,Master,50,Urban,0,37191.72,2469.93,53.0,Male,1
15658.97,Unemployed,505.0,Bachelor,23,Urban,5,9243.31,907.09,55.0,Male,0
34167.32,Self-Employed,598.0,PhD,38,Rural,4,1690.22,1819.04,35.0,Female,1
74455.47,Employed,581.0,Master,38,Suburban,0,41004.57,959.74,49.0,Female,1
75110.62,Employed,594.0,Bachelor,28,Urban,5,14839.13,1700.18,28.0,Male,1
67358.15,Employed,652.0,Bachelor,45,Urban,0,18119.61,3247.23,42.0,Male,1
72808.37,Employed,669.0,Master,44,Urban,2,26925.46,2530.94,54.0,Male,1
49407.5,Self-Employed,496.0,Bachelor,56,Urban,4,23174.13,2802.63,55.0,Male,1
75021.99,Self-Employed,562.0,Bachelor,55,Suburban,2,11370.53,1324.7,47.0,Female,1
36239.68,Employed,565.0,Master,61,Suburban,2,20053.49,591.58,60.0,Female,1
55972.6,Employed,576.0,Master,40,Suburban,1,26389.39,1038.98,39.0,Female,1
41410.52,Unemployed,564.0,Bachelor,30,Suburban,1,1322.94,2501.24,72.0,Male,0
49993.81,Employed,427.0,High School,45,Urban,3,7952.46,1883.09,45.0,Female,0
61969.27,Employed,474.0,Bachelor,50,Urban,2,30282.44,3427.36,61.0,Male,0
47211.26,Student,621.0,Master,35,Urban,4,17578.89,2019.93,56.0,Male,0
66113.61,Employed,602.0,Bachelor,42,Urban,3,21783.02,1386.49,34.0,Female,1
42769.11,Self-Employed,550.0,Master,62,Suburban,3,4928.06,1893.48,48.0,Female,0
53839.92,Self-Employed,494.0,Bachelor,55,Urban,0,20925.12,2370.01,25.0,Female,0
61478.52,Employed,542.0,Bachelor,48,Suburban,1,9679.53,2626.89,50.0,Female,1
53012.05,Employed,575.0,Bachelor,63,Urban,0,9922.11,2887.57,50.0,Female,1
38071.8,Unemployed,465.0,Bachelor,21,Urban,5,14969.73,1269.4,49.0,Female,0
73232.71,Employed,546.0,Master,44,Urban,4,49598.57,3255.93,49.0,Male,1
24587.69,Employed,525.0,High School,32,Suburban,1,5624.8,1596.21,70.0,Male,0
41990.5,Employed,560.0,Master,33,Suburban,2,17264.76,1310.07,16.0,Male,1
55008.93,Self-Employed,528.0,Bachelor,56,Rural,3,0.0,1062.14,23.0,Male,1
68874.27,Employed,616.0,PhD,56,Urban,1,11543.58,1862.4,30.0,Male,1
58779.67,Employed,600.0,Master,42,Suburban,0,8566.4,2124.24,45.0,Male,1
55535.11,Employed,472.0,High School,44,Suburban,5,23700.17,1295.13,30.0,Female,1
59167.43,Employed,631.0,PhD,47,Urban,2,17771.18,3790.96,36.0,Female,1
19801.39,Self-Employed,554.0,Bachelor,60,Urban,4,6551.99,841.05,32.0,Female,0
66855.43,Unemployed,578.0,Bachelor,21,Urban,3,2949.69,3354.31,30.0,Male,0
84147.65,Employed,587.0,Master,46,Urban,2,31807.13,4792.83,64.0,Female,1
78957.54,Self-Employed,621.0,Master,24,Rural,3,26572.11,2355.89,51.0,Male,1
43188.79,Self-Employed,559.0,Bachelor,63,Urban,1,13531.19,1738.85,25.0,Male,0
71838.72,Self-Employed,564.0,PhD,31,Suburban,1,41539.17,3655.18,66.0,Male,0
39973.72,Employed,603.0,Bachelor,21,Suburban,4,25300.82,957.13,20.0,Male,1
53100.61,Employed,454.0,High School,57,Urban,4,27515.85,1917.74,36.0,Male,0
39779.84,Self-Employed,500.0,High School,54,Suburban,4,7992.62,414.98,40.0,Female,0
41829.16,Employed,553.0,Bachelor,61,Urban,4,20238.69,1911.98,46.0,Female,1
62549.29,Employed,560.0,Bachelor,36,Suburban,5,35788.5,3696.99,30.0,Female,1
58118.86,Employed,588.0,Bachelor,33,Urban,1,13769.97,1599.05,50.0,Male,1
83840.5,Employed,530.0,Bachelor,51,Urban,0,21180.59,2814.58,48.0,Female,0
51286.7,Employed,535.0,High School,63,Urban,1,12769.17,1478.19,71.0,Female,1
20781.57,Employed,555.0,Bachelor,63,Suburban,3,7796.14,363.79,46.0,Male,1
35818.1,Employed,457.0,Master,38,Suburban,3,12774.15,689.35,61.0,Female,1
82434.57,Employed,580.0,High School,50,Suburban,1,12745.02,1904.69,30.0,Male,1
56614.45,Employed,530.0,Bachelor,58,Urban,4,15499.95,3439.97,29.0,Male,0
66600.12,Employed,585.0,Master,54,Rural,5,27999.02,2101.78,65.0,Male,1
47145.94,Student,558.0,Bachelor,48,Urban,0,1253.22,2684.72,54.0,Male,0
84244.79,Employed,598.0,Master,28,Rural,0,46275.77,2855.46,77.0,Male,1
46396.34,Employed,526.0,PhD,49,Suburban,4,11320.91,719.02,55.0,Male,1
68938.78,Self-Employed,575.0,High School,28,Suburban,2,11596.11,4005.28,71.0,Male,0
76905.58,Employed,576.0,Bachelor,41,Urban,4,37118.58,4208.51,63.0,Female,1
51092.39,Employed,545.0,High School,46,Suburban,4,8102.61,1796.7,31.0,Male,1
65199.29,Employed,632.0,Bachelor,22,Suburban,0,33042.96,1333.46,27.0,Male,1
56441.05,Employed,500.0,Bachelor,40,Urban,4,32169.86,2844.44,19.0,Male,1
29721.24,Employed,531.0,Bachelor,35,Suburban,1,9951.89,626.73,30.0,Female,1
74704.29,Employed,538.0,Master,26,Urban,3,12747.7,3555.19,53.0,Female,1
58698.69,Employed,645.0,Bachelor,50,Suburban,5,19898.51,2453.21,46.0,Female,1
71010.39,Employed,579.0,Master,53,Suburban,2,27012.07,3590.14,53.0,Male,1
62234.41,Employed,505.0,Bachelor,61,Rural,2,15878.17,3036.43,18.0,Male,1
35935.0,Self-Employed,514.0,High School,52,Suburban,5,17259.2,1733.99,47.0,Female,0
76399.0,Employed,517.0,High School,29,Urban,2,13524.81,3991.05,78.0,Male,1
55121.97,Employed,523.0,Bachelor,25,Suburban,3,30990.39,2917.67,38.0,Female,1
66125.66,Employed,595.0,Bachelor,58,Urban,1,25163.03,2311.21,25.0,Female,1
44918.12,Self-Employed,599.0,High School,23,Suburban,3,13376.02,1704.86,20.0,Male,1
70753.34,Employed,623.0,Bachelor,38,Suburban,0,5820.82,4182.96,46.0,Female,1
28559.89,Unemployed,509.0,High School,38,Suburban,5,2768.24,295.07,31.0,Female,0
60723.21,Employed,586.0,Bachelor,29,Urban,3,19334.85,2449.17,50.0,Male,0
65110.36,Student,603.0,Bachelor,49,Urban,2,30997.69,3068.07,62.0,Male,0
25156.94,Employed,610.0,High School,55,Suburban,4,15101.38,426.06,23.0,Male,1
43799.74,Self-Employed,509.0,High School,61,Urban,3,2163.38,965.15,32.0,Female,1
52810.32,Employed,617.0,Bachelor,42,Urban,2,28435.21,926.2,15.0,Male,1
67608.2,Employed,521.0,Bachelor,40,Urban,1,12554.39,1185.02,49.0,Male,0
65737.03,Self-Employed,620.0,Master,30,Suburban,0,33652.14,3659.37,47.0,Female,1
38823.03,Student,501.0,High School,24,Urban,1,6582.7,850.42,36.0,Male,0
46289.97,Self-Employed,509.0,Bachelor,58,Suburban,2,17277.85,1156.62,60.0,Male,0
50639.53,Employed,533.0,Bachelor,58,Rural,2,28058.46,1223.53,43.0,Female,1
63850.53,Employed,529.0,Bachelor,65,Suburban,5,14453.44,2002.9,70.0,Male,1
59323.48,Employed,577.0,Bachelor,26,Urban,2,36208.22,1890.98,55.0,Male,1
68613.2,Self-Employed,626.0,High School,39,Urban,2,35785.29,1567.08,36.0,Male,1
79180.22,Employed,491.0,Master,49,Urban,0,16673.6,1875.63,27.0,Male,1
75285.48,Employed,573.0,PhD,60,Suburban,0,10080.16,3859.25,52.0,Male,0
19809.7,Employed,453.0,Bachelor,39,Suburban,2,1781.47,100.0,51.0,Female,0
39725.37,Student,571.0,Bachelor,27,Urban,2,5539.31,964.46,19.0,Female,0
63451.45,Employed,628.0,High School,61,Urban,3,27646.14,3086.34,41.0,Male,1
45809.6,Employed,531.0,High School,24,Urban,5,1658.49,1036.79,28.0,Female,1
54548.82,Employed,519.0,High School,52,Urban,0,16716.8,1711.8,37.0,Female,1
55631.35,Employed,480.0,Master,37,Rural,0,9650.2,1579.94,49.0,Female,1
53487.4,Employed,637.0,High School,21,Urban,3,30307.54,2242.29,49.0,Female,1
69015.13,Self-Employed,631.0,High School,44,Urban,0,9269.18,1683.96,46.0,Female,1
61801.17,Employed,472.0,High School,37,Urban,1,23914.98,2711.24,28.0,Female,0
34566.29,Employed,552.0,High School,40,Urban,4,13798.78,1297.01,52.0,Male,1
33129.64,Employed,470.0,Bachelor,29,Urban,0,5675.67,714.39,53.0,Female,0
68638.37,Employed,548.0,Bachelor,51,Urban,3,35775.2,2547.71,44.0,Male,1
77517.8,Self-Employed,528.0,Bachelor,33,Urban,0,8567.82,2853.96,36.0,Male,1
33090.26,Employed,430.0,Bachelor,27,Urban,4,16053.66,1705.81,56.0,Female,1
53852.89,Self-Employed,548.0,Bachelor,38,Suburban,4,11895.35,2474.44,67.0,Male,0
102598.28,Employed,705.0,Master,29,Suburban,0,,3147.33,56.0,Male,1
49970.43,Employed,503.0,High School,45,Urban,3,30488.26,2620.13,37.0,Male,1
84887.86,Employed,635.0,High School,44,Rural,2,12680.16,3291.95,36.0,Male,1
53645.99,Employed,597.0,Master,56,Urban,5,10989.01,1364.73,50.0,Female,1
41296.46,Employed,565.0,Bachelor,65,Rural,0,1624.92,1240.51,18.0,Female,1
44455.72,Employed,627.0,Bachelor,24,Rural,4,19253.06,1629.01,22.0,Male,1
14812.19,Unemployed,537.0,High School,22,Urban,3,0.0,581.76,41.0,Male,0
28630.37,Employed,595.0,High School,40,Urban,5,5489.09,1615.21,67.0,Male,0
43681.37,Employed,484.0,High School,24,Rural,4,10598.53,1266.18,59.0,Male,0
68172.97,Employed,604.0,Master,59,Urban,1,40530.99,2224.47,52.0,Female,1
47248.31,Employed,609.0,Bachelor,57,Urban,0,19970.03,2028.02,14.0,Female,1
43856.71,Employed,501.0,High School,40,Suburban,3,18605.0,2247.13,9.0,Male,1
72691.13,Employed,420.0,High School,64,Suburban,5,7575.95,1494.67,40.0,Male,0
57576.15,Employed,498.0,High School,44,Rural,3,12654.2,2842.16,76.0,Female,1
41119.86,Self-Employed,499.0,High School,45,Suburban,3,15193.55,2033.08,32.0,Female,1
61448.13,Employed,586.0,Bachelor,56,Rural,3,21422.4,2144.87,59.0,Male,1
34453.65,Employed,497.0,Bachelor,45,Suburban,2,15656.27,1451.86,47.0,Male,1
69044.4,Self-Employed,572.0,Master,53,Suburban,5,37273.82,1124.45,32.0,Male,1
54063.86,Employed,523.0,Bachelor,31,Suburban,1,25762.87,2929.2,43.0,Female,0
55387.51,Self-Employed,547.0,Master,43,Rural,3,15367.27,2681.19,23.0,Male,0
63492.15,Employed,561.0,Master,57,Rural,5,24151.14,1733.59,50.0,Male,1
57067.37,Employed,526.0,Master,64,Rural,1,0.0,2312.14,37.0,Female,0
51295.41,Employed,583.0,PhD,29,Suburban,2,16041.16,1393.29,55.0,Female,1
82196.6,Self-Employed,653.0,Bachelor,22,Suburban,4,9544.1,2051.31,42.0,Male,1
68262.26,Employed,519.0,High School,47,Urban,0,30755.38,2295.84,42.0,Male,1
41183.06,Employed,542.0,High School,23,Rural,1,24874.92,788.0,7.0,Male,1
31591.49,Employed,454.0,Bachelor,51,Urban,4,23433.57,637.04,43.0,Female,1
25155.81,Employed,430.0,Bachelor,40,Urban,0,10404.85,816.31,47.0,Male,0
80070.56,Employed,634.0,High School,57,Urban,2,10513.99,1949.21,64.0,Female,1
60395.08,Employed,650.0,Master,28,Suburban,3,7947.89,1803.93,31.0,Female,1
54444.74,Unemployed,536.0,Master,23,Suburban,5,30823.65,662.13,42.0,Female,0
28769.07,Student,597.0,Bachelor,30,Urban,0,5835.79,884.16,45.0,Female,0
42389.43,Student,505.0,Bachelor,23,Urban,3,12391.43,1598.84,24.0,Male,0
50155.01,Employed,534.0,High School,27,Urban,4,6402.69,2013.85,36.0,Male,1
61621.92,Employed,636.0,Bachelor,55,Urban,2,32462.41,3364.48,34.0,Female,1
35348.03,Unemployed,483.0,High School,52,Urban,2,7816.64,992.42,23.0,Male,0
43166.01,Self-Employed,576.0,Bachelor,48,Suburban,2,12261.97,1680.08,37.0,Male,0
48009.7,Employed,526.0,Bachelor,39,Urban,5,24758.18,2107.71,35.0,Male,1
32776.8,Unemployed,488.0,High School,31,Urban,3,10440.07,1254.14,41.0,Male,0
35685.31,Employed,501.0,Bachelor,58,Urban,2,13868.34,1475.31,52.0,Male,0
40653.86,Self-Employed,434.0,Bachelor,60,Suburban,0,3392.95,1785.68,53.0,Female,0
33687.93,Student,578.0,Bachelor,32,Rural,2,2673.67,1152.18,53.0,Female,0
64962.49,Student,576.0,PhD,61,Urban,4,17266.14,2784.84,45.0,Female,0
72551.53,Employed,570.0,High School,49,Urban,2,40852.27,2067.56,38.0,Female,1
59853.03,Employed,528.0,Master,36,Suburban,2,14687.6,1420.35,24.0,Male,1
50541.72,Employed,559.0,High School,30,Urban,4,8876.39,2853.67,60.0,Female,1
16989.54,Self-Employed,537.0,High School,47,Rural,5,0.0,942.29,54.0,Male,0
76022.2,Employed,569.0,PhD,21,Rural,0,22611.7,3685.5,72.0,Male,0
49359.64,Employed,587.0,Master,35,Suburban,5,3663.3,2368.87,52.0,Female,1
50376.48,Employed,558.0,Bachelor,52,Rural,2,25959.07,1310.11,35.0,Male,1
77138.22,Employed,579.0,Master,43,Urban,3,45188.48,2976.3,34.0,Male,1
54765.25,Student,592.0,Bachelor,27,Urban,1,15199.41,3270.43,31.0,Male,0
28193.78,Unemployed,491.0,Master,28,Urban,0,17292.16,1671.05,14.0,Male,0
66029.25,Employed,511.0,High School,52,Urban,2,0.0,3346.88,67.0,Male,0
65416.89,Employed,564.0,Master,58,Urban,5,16105.65,2542.1,53.0,Female,1
82007.68,Employed,592.0,Master,52,Suburban,5,10989.11,2763.49,84.0,Female,1
88924.46,Employed,590.0,Master,28,Suburban,2,20240.66,2997.15,48.0,Male,1
90091.96,Employed,655.0,Master,51,Urban,3,27058.56,3733.52,55.0,Female,1
35633.71,Self-Employed,547.0,Bachelor,33,Suburban,4,13133.29,943.67,45.0,Male,1
62034.28,Self-Employed,557.0,Bachelor,47,Urban,3,33480.38,1472.75,51.0,Female,1
38339.0,Employed,528.0,Bachelor,47,Urban,4,24381.46,1563.78,33.0,Male,1
69521.76,Unemployed,576.0,Master,60,Urban,0,12909.32,3817.94,53.0,Male,0
65656.56,Student,591.0,Bachelor,58,Suburban,5,27113.82,1951.84,56.0,Male,0
49670.77,Unemployed,547.0,Bachelor,24,Suburban,3,25093.59,1688.32,67.0,Female,0
41631.01,Student,526.0,Master,21,Suburban,0,15303.75,559.52,24.0,Female,0
58163.7,Employed,496.0,High School,62,Urban,4,18017.42,2766.35,52.0,Female,0
37716.32,Unemployed,495.0,Master,34,Urban,5,9010.59,2709.45,50.0,Female,0
48206.55,Student,555.0,Master,23,Rural,2,3234.01,1948.15,41.0,Male,0
50616.87,Self-Employed,554.0,High School,29,Urban,2,17074.74,1402.59,57.0,Male,1
24024.86,Employed,441.0,High School,43,Urban,5,3778.44,1257.78,75.0,Male,1
49857.41,Employed,519.0,Bachelor,60,Urban,3,10845.81,983.98,45.0,Male,1
88062.89,Employed,557.0,High School,62,Urban,2,49075.18,3255.4,40.0,Male,1
71699.63,Self-Employed,637.0,PhD,50,Suburban,3,7816.73,3608.42,32.0,Male,0
56403.41,Employed,565.0,High School,33,Urban,0,28701.59,3023.37,49.0,Male,1
44869.94,Self-Employed,557.0,High School,53,Suburban,2,26838.33,2018.67,59.0,Female,1
38842.14,Self-Employed,526.0,High School,58,Rural,4,6388.2,2157.68,43.0,Male,0
66541.61,Employed,540.0,Master,39,Urban,0,7746.68,1706.82,47.0,Female,1
51894.86,Employed,527.0,Bachelor,47,Urban,3,22599.4,1349.44,71.0,Female,1
26755.75,Self-Employed,534.0,Master,43,Rural,4,3652.03,1490.47,52.0,Male,0
86793.41,Employed,585.0,PhD,59,Suburban,3,8779.61,5369.3,63.0,Male,1
60193.04,Student,582.0,Bachelor,48,Rural,2,19781.92,3386.42,32.0,Female,0
12537.33,Unemployed,498.0,High School,23,Urban,5,4027.75,1232.82,53.0,Female,0
44807.26,Employed,550.0,High School,60,Suburban,4,7235.3,1933.95,53.0,Male,1
85499.31,Employed,611.0,Master,46,Rural,4,24999.16,5121.54,73.0,Male,1
18428.95,Unemployed,476.0,High School,40,Urban,0,6592.26,1244.6,22.0,Female,0
44815.76,Unemployed,523.0,Master,29,Rural,5,17849.2,1451.72,42.0,Female,0
131903.81,Employed,703.0,Master,52,Suburban,3,19821.74,6211.44,75.0,Male,1
49484.05,Student,626.0,Bachelor,21,Rural,4,18796.08,1627.35,21.0,Male,0
59032.38,Employed,599.0,Bachelor,28,Urban,2,16930.49,2441.57,49.0,Female,1
91225.66,Employed,478.0,PhD,52,Urban,3,116.56,2660.93,65.0,Male,1
77651.2,Employed,550.0,Master,33,Urban,4,9559.93,3798.71,44.0,Female,1
43066.06,Self-Employed,540.0,Bachelor,54,Rural,3,17976.75,2193.9,62.0,Male,0
20953.35,Student,454.0,Bachelor,32,Urban,3,342.7,1074.85,41.0,Male,0
70908.7,Employed,523.0,Bachelor,54,Urban,2,35477.2,1191.93,42.0,Male,1
66157.86,Employed,549.0,Bachelor,51,Rural,5,17081.15,1445.93,57.0,Male,1
61537.36,Employed,577.0,Master,53,Urban,1,0.0,2684.1,38.0,Female,0
63677.94,Unemployed,592.0,Bachelor,54,Suburban,2,36006.46,2988.81,31.0,Male,0
85671.04,Self-Employed,579.0,Master,56,Urban,4,41124.57,2076.3,41.0,Female,1
62617.77,Employed,543.0,High School,37,Suburban,2,21398.7,3104.91,55.0,Male,1
41820.68,Unemployed,495.0,Master,42,Urban,0,20951.34,738.14,44.0,Female,0
21636.11,Self-Employed,527.0,Bachelor,24,Suburban,0,9642.0,1633.85,48.0,Female,0
40384.68,Unemployed,551.0,Master,36,Suburban,5,7226.69,1289.56,30.0,Female,0
8000.0,Unemployed,525.0,High School,41,Urban,5,4381.97,612.34,45.0,Male,0
30643.62,Employed,523.0,Master,55,Urban,1,7313.07,762.4,37.0,Female,0
52707.38,Student,489.0,Bachelor,61,Urban,1,27493.48,710.08,61.0,Female,0
72584.61,Employed,561.0,Bachelor,50,Suburban,1,13538.72,4142.03,69.0,Female,1
17741.05,Student,537.0,Bachelor,26,Urban,5,13696.91,774.17,47.0,Male,0
58151.82,Employed,478.0,Bachelor,30,Urban,0,9146.88,1512.47,40.0,Male,0
59737.61,Self-Employed,555.0,Bachelor,45,Urban,0,23341.16,558.6,32.0,Male,1
42613.93,Employed,547.0,High School,40,Suburban,2,1031.94,2430.37,44.0,Female,0
34322.31,Employed,612.0,Bachelor,62,Suburban,5,12409.51,1977.54,49.0,Female,1
66965.55,Student,542.0,Bachelor,29,Urban,0,24854.58,2094.3,60.0,Male,0
30736.65,Employed,512.0,Bachelor,46,Rural,1,15416.26,1482.37,20.0,Female,0
25762.03,Employed,586.0,Bachelor,56,Suburban,1,8632.92,1348.5,34.0,Female,1
14383.29,Unemployed,467.0,Bachelor,40,Rural,1,1289.15,949.92,58.0,Male,0
58220.13,Employed,605.0,High School,32,Suburban,4,24876.08,2853.68,41.0,Male,1
61991.94,Employed,579.0,Master,26,Urban,1,2446.75,1915.96,32.0,Female,0
24446.3,Student,498.0,Bachelor,49,Rural,2,14606.51,232.4,52.0,Female,0
66914.74,Employed,589.0,Bachelor,49,Suburban,0,25810.94,3637.59,61.0,Male,0
67989.42,Employed,564.0,Master,54,Suburban,0,30244.02,3817.36,57.0,Female,1
29390.18,Self-Employed,617.0,Master,58,Urban,2,16726.04,935.6,49.0,Female,1
63763.51,Self-Employed,471.0,Bachelor,65,Urban,1,16504.68,2880.35,45.0,Female,0
72718.49,Employed,564.0,Bachelor,29,Suburban,4,25101.1,4089.74,56.0,Female,1
64152.27,Employed,553.0,Master,40,Urban,0,24546.73,3342.49,53.0,Female,1
63476.28,Employed,558.0,Master,35,Suburban,0,26794.96,2603.92,43.0,Male,1
82408.12,Employed,640.0,High School,60,Urban,5,34607.58,3977.15,50.0,Male,1
48352.72,Employed,522.0,Bachelor,26,Suburban,2,26090.76,2068.35,32.0,Male,1
47515.09,Unemployed,563.0,Master,50,Urban,5,11894.9,1304.46,34.0,Male,0
70964.7,Employed,585.0,Master,35,Urban,0,36654.51,2033.94,39.0,Female,1
54726.6,Employed,589.0,High School,21,Urban,2,19865.74,2875.06,21.0,Male,0
35915.74,Student,518.0,Bachelor,47,Rural,4,14937.21,2113.78,55.0,Male,0
60338.36,Employed,574.0,Bachelor,38,Suburban,1,16148.44,683.4,42.0,Male,0
55534.19,Student,547.0,High School,52,Rural,1,16211.7,2557.08,70.0,Male,0
51114.86,Unemployed,502.0,Bachelor,38,Suburban,0,28670.62,359.46,17.0,Male,0
53879.23,Employed,622.0,Bachelor,29,Suburban,2,27361.46,2596.01,33.0,Female,1
34040.9,Employed,488.0,High School,26,Suburban,4,8961.46,713.36,53.0,Female,1
44034.94,Employed,515.0,Bachelor,29,Rural,1,10170.71,3009.92,32.0,Male,0
73253.26,Employed,539.0,Master,40,Rural,0,16168.73,3740.07,53.0,Female,0
39100.17,Employed,547.0,Master,33,Suburban,3,2606.45,2039.26,42.0,Female,1
106047.85,Employed,603.0,Master,26,Urban,4,16606.66,2473.33,70.0,Male,1
62523.23,Employed,631.0,Master,35,Suburban,2,33554.6,1773.94,43.0,Female,1
37321.78,Unemployed,551.0,PhD,58,Urban,1,8610.61,2075.83,45.0,Male,0
64729.64,Employed,553.0,Bachelor,58,Urban,4,18535.39,1286.34,45.0,Male,1
34989.41,Employed,482.0,High School,37,Suburban,4,13164.39,796.56,26.0,Female,1
56715.2,Employed,549.0,Master,44,Rural,3,27048.39,3127.14,43.0,Male,1
35338.42,Employed,547.0,Bachelor,29,Urban,2,21642.17,1335.83,25.0,Female,1
52420.96,Self-Employed,546.0,Bachelor,39,Urban,3,14721.14,1824.62,54.0,Female,0
33160.43,Self-Employed,514.0,PhD,48,Rural,0,8151.91,1902.7,55.0,Female,0
49002.01,Employed,497.0,Bachelor,21,Urban,0,14486.41,2253.73,34.0,Female,0
53590.4,Employed,651.0,Master,59,Urban,1,21332.67,1691.19,40.0,Female,1
47465.22,Employed,532.0,Bachelor,61,Suburban,3,24723.46,2914.45,52.0,Female,1
15537.01,Unemployed,434.0,High School,63,Rural,4,8762.65,854.98,18.0,Male,0
67509.46,Employed,521.0,Master,30,Suburban,1,31486.96,1570.1,51.0,Male,1
74320.08,Self-Employed,564.0,Master,61,Suburban,4,39443.93,2517.16,32.0,Female,1
67409.18,Employed,657.0,Bachelor,26,Urban,1,2499.68,2007.62,20.0,Male,1
81488.93,Employed,582.0,Bachelor,60,Urban,3,17577.74,4060.6,56.0,Male,1
43522.07,Employed,518.0,High School,27,Suburban,0,1484.39,2762.23,58.0,Male,0
47870.72,Employed,580.0,High School,36,Rural,1,23817.71,538.08,51.0,Female,1
59461.72,Employed,599.0,High School,63,Urban,1,9375.62,3832.91,61.0,Male,1
71274.78,Employed,605.0,High School,43,Urban,3,26068.12,3318.81,41.0,Male,1
51043.32,Employed,555.0,Bachelor,30,Urban,4,17248.39,1690.51,71.0,Male,1
58832.48,Student,508.0,Bachelor,37,Urban,0,25846.28,2719.31,50.0,Male,0
37140.35,Employed,492.0,High School,35,Urban,2,6996.02,978.97,26.0,Female,0
33451.2,Unemployed,449.0,Bachelor,62,Urban,3,0.0,425.76,52.0,Male,0
41620.16,Employed,523.0,High School,39,Suburban,4,9168.2,1525.84,47.0,Female,0
56797.6,Employed,535.0,High School,25,Urban,4,14190.34,1809.02,75.0,Female,1
50694.89,Employed,522.0,Master,28,Suburban,4,10477.22,2258.94,70.0,Male,1
54785.19,Self-Employed,564.0,PhD,45,Suburban,0,9528.54,1459.03,36.0,Female,0
47324.05,Self-Employed,511.0,Master,21,Rural,3,10529.86,2184.24,28.0,Female,0
41726.65,Self-Employed,517.0,High School,32,Rural,4,9736.27,2250.3,39.0,Female,0
55956.27,Employed,531.0,Master,48,Urban,3,34368.5,1893.9,10.0,Male,1
57959.58,Employed,555.0,High School,59,Urban,5,6933.0,1547.17,43.0,Male,1
47632.52,Self-Employed,558.0,Bachelor,25,Suburban,4,6969.41,1030.8,55.0,Female,1
55868.59,Unemployed,492.0,Master,36,Urban,5,13228.57,2203.92,46.0,Female,0
58944.12,Employed,578.0,Bachelor,38,Urban,5,7725.59,1481.99,50.0,Female,1
72282.02,Unemployed,588.0,Master,59,Urban,0,26055.78,1102.68,52.0,Female,0
54817.2,Self-Employed,570.0,Bachelor,56,Rural,2,38654.59,1261.06,64.0,Male,1
39724.16,Employed,536.0,Bachelor,62,Urban,5,9298.59,2580.15,50.0,Female,1
47808.49,Employed,558.0,High School,48,Suburban,0,24499.33,1896.44,41.0,Male,1
66317.1,Employed,549.0,Master,28,Urban,0,30840.77,3623.97,45.0,Female,1
45369.89,Employed,558.0,Bachelor,63,Suburban,1,19950.94,2536.65,72.0,Male,0
74756.48,Self-Employed,631.0,High School,54,Urban,2,,3350.63,43.0,Male,1
23350.93,Student,484.0,High School,50,Rural,3,6145.42,1275.01,69.0,Female,0
61329.97,Employed,540.0,PhD,36,Suburban,3,9451.08,3238.94,46.0,Female,1
52723.12,Employed,577.0,High School,56,Urban,4,16326.56,1401.02,29.0,Female,1
64406.89,Employed,540.0,PhD,39,Urban,1,22766.66,1997.0,51.0,Male,0
69495.2,Employed,540.0,Bachelor,35,Rural,2,17550.69,1763.98,48.0,Male,1
64480.29,Self-Employed,584.0,Bachelor,33,Suburban,2,32786.19,2080.76,21.0,Female,0
63959.37,Employed,545.0,Bachelor,50,Urban,5,4825.48,3261.36,62.0,Male,1
78873.29,Employed,641.0,Master,48,Urban,5,43491.33,1701.73,16.0,Male,1
48504.94,Self-Employed,521.0,Bachelor,31,Urban,4,17483.33,1994.45,72.0,Female,0
31459.21,Employed,481.0,High School,36,Urban,1,17403.34,1439.94,21.0,Male,0
45115.88,Employed,537.0,High School,31,Urban,0,11351.93,2568.15,52.0,Female,1
60477.27,Self-Employed,579.0,Master,54,Urban,3,19130.34,1828.92,52.0,Male,1
27451.96,Employed,527.0,Bachelor,36,Urban,4,8261.58,703.98,53.0,Female,0
35132.21,Employed,548.0,Bachelor,56,Rural,4,8215.56,1381.24,20.0,Female,0
28544.38,Employed,489.0,High School,31,Suburban,4,15613.66,479.79,45.0,Female,1
35193.07,Employed,575.0,Bachelor,38,Rural,1,12179.68,1391.08,26.0,Female,0
66999.64,Unemployed,494.0,Master,22,Suburban,2,6352.84,1731.96,47.0,Male,0
52679.08,Self-Employed,513.0,High School,21,Suburban,5,25122.53,889.06,10.0,Female,1
88474.59,Employed,601.0,PhD,22,Urban,4,30172.88,3417.43,60.0,Female,1
70643.83,Employed,543.0,Master,23,Suburban,5,25102.63,3377.63,72.0,Female,1
74245.16,Employed,565.0,Bachelor,62,Urban,1,14074.43,2390.16,43.0,Female,0
43403.92,Unemployed,491.0,Master,33,Suburban,1,19645.59,1680.98,45.0,Female,0
71735.08,Self-Employed,566.0,Bachelor,44,Rural,3,32135.02,2790.16,58.0,Female,1
32529.12,Employed,540.0,Bachelor,63,Rural,2,21704.58,947.94,45.0,Female,0
52983.92,Employed,525.0,High School,42,Urban,5,16806.75,2465.28,23.0,Male,1
36626.71,Student,486.0,Master,38,Suburban,0,9919.85,2172.65,28.0,Male,0
56625.52,Unemployed,533.0,Bachelor,53,Urban,3,22596.4,2300.58,40.0,Female,0
76296.9,Employed,632.0,Master,54,Urban,5,38307.61,3806.34,56.0,Male,1
67800.43,Employed,619.0,High School,25,Urban,3,20284.36,1585.8,36.0,Female,1
36947.99,Employed,504.0,Bachelor,63,Urban,0,26256.74,917.23,41.0,Female,1
65963.43,Employed,590.0,PhD,26,Suburban,0,46910.16,1549.01,58.0,Male,1
31240.75,Employed,517.0,Bachelor,36,Urban,2,14492.28,757.05,33.0,Female,0
55419.16,Employed,610.0,High School,63,Urban,4,4842.51,2158.21,29.0,Female,1
50577.96,Self-Employed,554.0,Master,46,Rural,4,10384.03,2086.51,53.0,Female,0
60333.8,Self-Employed,550.0,High School,46,Suburban,0,13487.61,2894.96,68.0,Male,1
66474.82,Employed,640.0,Master,59,Urban,3,32217.19,2659.75,53.0,Female,1
35047.22,Employed,482.0,Master,41,Suburban,5,13962.46,1630.89,36.0,Male,0
22094.33,Employed,519.0,High School,48,Suburban,3,3229.9,706.84,36.0,Female,0
60236.21,Employed,621.0,Bachelor,45,Suburban,1,16882.05,2141.05,38.0,Male,0
57985.83,Unemployed,586.0,PhD,26,Suburban,0,34397.11,2126.93,50.0,Female,0
25755.72,Employed,476.0,Master,34,Rural,3,10076.67,1180.26,9.0,Female,0
41747.83,Student,496.0,Bachelor,55,Urban,4,11063.11,2795.1,50.0,Female,0
41738.97,Self-Employed,469.0,Bachelor,35,Suburban,5,24851.81,1117.49,38.0,Male,1
39346.79,Self-Employed,596.0,Bachelor,61,Urban,4,9013.25,1455.32,56.0,Female,0
33174.8,Employed,470.0,High School,64,Rural,2,4360.67,2005.69,24.0,Female,0
63852.79,Employed,597.0,Bachelor,55,Urban,3,31855.12,2749.35,32.0,Male,1
27401.82,Unemployed,448.0,Bachelor,21,Urban,1,336.35,420.86,42.0,Female,0
19207.84,Self-Employed,616.0,Bachelor,54,Rural,4,4791.48,1183.67,60.0,Female,1
36734.49,Unemployed,465.0,Bachelor,65,Suburban,3,21243.02,607.81,36.0,Female,0
60739.55,Employed,562.0,Master,55,Urban,0,19305.64,1464.42,39.0,Female,1
35925.72,Employed,579.0,High School,49,Urban,1,7337.91,1948.14,33.0,Female,0
45382.59,Employed,506.0,High School,48,Urban,0,21528.86,1075.28,41.0,Female,0
37782.18,Employed,553.0,High School,43,Rural,5,9112.97,1906.57,30.0,Female,1
54660.19,Employed,539.0,High School,32,Urban,0,13976.77,2703.24,29.0,Male,1
55281.65,Student,570.0,PhD,42,Urban,3,16421.83,2947.9,58.0,Female,1
37481.14,Unemployed,575.0,Bachelor,61,Suburban,1,14519.79,1293.02,28.0,Female,0
49270.89,Employed,524.0,High School,24,Urban,5,22715.87,1894.93,54.0,Female,1
86295.41,Employed,664.0,PhD,26,Urban,1,12288.45,4830.84,58.0,Female,1
70771.07,Employed,590.0,High School,60,Rural,5,14820.35,3193.89,66.0,Male,1
61772.99,Employed,649.0,Bachelor,58,Urban,1,34489.66,1639.53,27.0,Male,1
38675.8,Student,491.0,Master,43,Rural,0,23178.23,1566.07,55.0,Male,0
43447.38,Self-Employed,506.0,Master,37,Suburban,2,9039.07,1468.58,42.0,Male,1
63695.22,Employed,554.0,High School,25,Urban,2,34655.28,1496.62,20.0,Male,1
25462.58,Unemployed,455.0,Bachelor,51,Suburban,3,0.0,1207.51,30.0,Male,0
90213.2,Employed,644.0,Bachelor,45,Suburban,3,13763.16,3043.09,40.0,Female,1
85687.6,Student,592.0,Bachelor,57,Suburban,3,46699.37,2511.54,53.0,Male,1
45804.56,Self-Employed,487.0,High School,37,Suburban,1,,2410.04,33.0,Male,1
45024.98,Employed,500.0,Master,56,Urban,5,7908.16,3078.71,32.0,Male,0
69806.76,Self-Employed,534.0,Bachelor,63,Urban,3,20470.27,3422.52,46.0,Male,1
98481.84,Employed,655.0,Master,28,Suburban,2,33361.9,2446.36,61.0,Male,1
44315.86,Self-Employed,557.0,Master,55,Urban,0,,1640.0,45.0,Female,1
94470.78,Employed,602.0,Master,48,Urban,2,4613.7,2821.03,45.0,Female,1
39264.96,Employed,513.0,Master,39,Suburban,2,16383.06,1547.72,52.0,Male,0
26186.98,Self-Employed,500.0,High School,30,Urban,0,15999.0,1015.66,25.0,Female,0
55634.45,Employed,633.0,High School,27,Suburban,4,29444.6,1650.78,70.0,Male,1
70250.63,Employed,563.0,Bachelor,26,Rural,4,28860.07,3902.94,79.0,Male,1
22003.41,Unemployed,543.0,High School,32,Rural,1,11346.07,769.38,32.0,Female,0
64741.29,Employed,551.0,Bachelor,44,Urban,3,20654.07,3015.44,51.0,Female,1
82566.19,Employed,667.0,Master,45,Urban,0,6208.1,2668.33,47.0,Female,1
73302.79,Employed,523.0,Bachelor,65,Rural,0,47176.59,1252.7,33.0,Male,1
44665.5,Employed,573.0,High School,54,Urban,4,3370.49,1699.67,57.0,Male,1
39048.17,Student,495.0,Master,65,Suburban,1,2056.95,1749.72,22.0,Male,0
74803.64,Employed,680.0,Bachelor,54,Suburban,5,13219.15,1545.12,37.0,Male,1
64813.21,Employed,597.0,Bachelor,46,Urban,1,12628.21,1969.52,52.0,Female,0
70831.0,Employed,498.0,Bachelor,57,Urban,3,16208.45,2464.25,70.0,Male,0
37082.24,Employed,484.0,High School,55,Suburban,2,5791.21,1133.46,61.0,Female,0
75570.85,Employed,612.0,Master,57,Urban,0,23109.62,1793.77,33.0,Female,1
26582.71,Employed,541.0,High School,32,Rural,0,12116.32,1049.54,28.0,Female,0
62708.62,Employed,589.0,Bachelor,53,Suburban,0,36222.86,1052.7,34.0,Male,1
53676.56,Self-Employed,557.0,High School,31,Urban,4,14402.59,2632.47,69.0,Male,1
52780.18,Employed,534.0,High School,35,Suburban,5,31015.97,2473.7,53.0,Male,1
61717.96,Employed,610.0,High School,52,Urban,1,5957.31,2172.61,88.0,Female,1
38696.95,Employed,490.0,High School,43,Urban,1,8335.62,1356.65,51.0,Male,0
69153.89,Employed,574.0,Master,56,Rural,5,3112.15,1547.65,68.0,Female,1
61309.76,Self-Employed,533.0,Master,53,Suburban,2,23238.17,3633.44,51.0,Female,1
39126.72,Employed,498.0,High School,54,Suburban,1,25048.33,1702.48,31.0,Male,1
23172.72,Employed,486.0,High School,27,Rural,3,5135.53,431.77,73.0,Female,1
95330.13,Employed,576.0,Master,25,Suburban,2,45920.35,4970.82,40.0,Male,1
48958.24,Employed,568.0,High School,32,Urban,1,22727.7,2383.98,51.0,Female,1
56675.49,Employed,488.0,Bachelor,37,Urban,5,9100.66,1201.94,42.0,Male,1
32844.89,Employed,539.0,High School,57,Urban,4,5961.0,1040.33,31.0,Female,1
72329.81,Self-Employed,548.0,Bachelor,22,Urban,1,10370.56,2657.4,53.0,Female,1
84166.27,Self-Employed,595.0,PhD,45,Suburban,3,21546.51,3008.85,47.0,Female,1
63277.5,Employed,556.0,High School,56,Suburban,5,38316.51,3534.62,39.0,Male,1
73084.5,Employed,555.0,PhD,37,Urban,2,13325.91,3572.14,33.0,Female,1
78268.87,Employed,640.0,Master,35,Suburban,0,40487.94,4075.43,62.0,Male,1
34642.67,Unemployed,506.0,PhD,30,Rural,2,14211.44,1668.22,31.0,Female,0
66264.22,Employed,600.0,Master,40,Rural,2,11008.86,3341.1,44.0,Male,1
69185.14,Employed,604.0,Master,48,Urban,1,20906.33,1672.54,31.0,Male,1
59005.71,Employed,545.0,Bachelor,47,Rural,5,19216.28,1097.66,28.0,Male,1
35802.59,Employed,468.0,Master,59,Rural,0,14773.93,1514.7,40.0,Male,0
62045.33,Unemployed,522.0,High School,21,Urban,0,22418.38,2128.12,27.0,Male,0
90277.97,Employed,660.0,Master,34,Urban,0,25937.29,1342.11,37.0,Female,1
44749.5,Employed,559.0,Bachelor,36,Urban,0,27330.06,1453.84,51.0,Male,0
55660.42,Employed,559.0,High School,38,Suburban,1,7958.84,1232.33,50.0,Female,1
26695.31,Self-Employed,486.0,High School,53,Suburban,1,12103.32,710.86,31.0,Male,0
33257.96,Student,599.0,High School,25,Suburban,4,5817.12,1143.42,29.0,Female,0
22064.09,Employed,466.0,Bachelor,33,Suburban,1,3375.28,1072.54,58.0,Female,0
49617.53,Employed,550.0,High School,23,Urban,1,3143.79,1243.91,47.0,Male,1
42683.62,Employed,557.0,High School,46,Urban,2,4051.49,1393.37,49.0,Female,1
45351.13,Student,479.0,High School,64,Rural,0,3837.58,1628.56,62.0,Female,0
74027.16,Self-Employed,545.0,Bachelor,64,Rural,4,39536.72,1939.84,60.0,Female,1
76364.82,Employed,562.0,High School,23,Suburban,4,10893.49,1250.55,54.0,Male,1
71373.88,Employed,614.0,High School,26,Urban,0,13765.38,1047.89,13.0,Male,1
59236.26,Employed,538.0,Bachelor,46,Urban,3,17480.68,3474.06,43.0,Female,1
67824.46,Employed,505.0,Bachelor,33,Urban,3,4246.96,1552.72,22.0,Male,1
53751.56,Self-Employed,481.0,High School,31,Urban,5,31739.08,2171.51,66.0,Female,1
58295.22,Self-Employed,522.0,PhD,51,Urban,4,1893.8,1210.29,35.0,Male,1
68188.89,Employed,504.0,Bachelor,34,Rural,5,41241.85,3583.71,41.0,Female,1
46350.86,Student,574.0,High School,47,Suburban,4,8168.62,1999.5,49.0,Male,0
58047.54,Student,592.0,Bachelor,22,Urban,3,20615.34,3311.81,61.0,Male,0
31777.93,Employed,519.0,Master,65,Urban,5,20696.55,1740.51,51.0,Female,1
64791.23,Employed,554.0,Bachelor,24,Urban,3,7320.87,3754.1,54.0,Female,0
42084.62,Unemployed,567.0,High School,22,Suburban,4,22694.17,1181.4,59.0,Female,0
54771.35,Employed,583.0,Bachelor,39,Suburban,2,14661.24,2336.34,41.0,Female,1
39488.88,Student,485.0,Bachelor,60,Urban,0,10517.35,1804.8,21.0,Male,0
34563.83,Employed,484.0,Bachelor,49,Rural,3,8113.51,618.83,32.0,Male,0
54487.77,Self-Employed,583.0,PhD,42,Urban,1,4380.49,1425.91,35.0,Male,1
80314.99,Employed,600.0,PhD,33,Urban,3,43263.32,2562.08,57.0,Male,1
51478.7,Employed,574.0,Bachelor,31,Rural,4,1049.65,2146.4,59.0,Male,1
44268.37,Self-Employed,496.0,High School,50,Urban,5,8372.61,2586.96,36.0,Female,0
84933.86,Employed,561.0,Bachelor,43,Urban,1,21538.86,4266.31,24.0,Male,1
56161.27,Employed,574.0,PhD,48,Suburban,5,12015.37,1525.85,72.0,Male,1
64814.47,Employed,535.0,Master,39,Urban,1,13060.28,3552.76,56.0,Male,1
79411.64,Employed,518.0,High School,34,Urban,4,6590.66,1482.79,11.0,Male,0
49318.62,Employed,514.0,High School,29,Urban,5,2484.09,2898.74,25.0,Male,0
50994.32,Employed,537.0,High School,34,Urban,3,11686.74,1902.91,48.0,Female,1
64373.61,Employed,642.0,Master,30,Suburban,2,27494.97,3099.3,43.0,Male,1
68586.77,Employed,533.0,Bachelor,42,Urban,3,37849.49,3746.61,72.0,Female,1
24174.37,Employed,505.0,Bachelor,33,Suburban,2,5618.91,1091.9,33.0,Female,0
27949.68,Unemployed,605.0,Bachelor,56,Rural,0,10382.72,1352.13,41.0,Female,0
50816.67,Employed,497.0,High School,45,Urban,2,2862.25,1233.72,32.0,Female,1
53026.95,Self-Employed,579.0,Master,34,Urban,0,21839.4,1316.28,39.0,Male,1
67153.88,Employed,537.0,Bachelor,24,Urban,1,23401.92,3048.63,51.0,Male,1
65795.68,Employed,585.0,High School,26,Urban,5,,3937.69,75.0,Male,1
64779.06,Employed,671.0,Bachelor,24,Urban,0,10682.75,3575.22,57.0,Female,1
81689.18,Employed,625.0,Bachelor,35,Suburban,0,30063.32,4276.57,58.0,Female,1
55499.6,Employed,559.0,Bachelor,35,Urban,5,,1175.26,52.0,Male,1
72478.65,Self-Employed,534.0,Master,23,Suburban,4,19785.74,1344.63,61.0,Male,1
54140.66,Employed,543.0,High School,52,Suburban,1,17771.28,1891.88,24.0,Female,1
39465.76,Employed,504.0,High School,44,Rural,0,7013.33,1568.57,33.0,Female,1
47000.98,Unemployed,475.0,High School,65,Urban,3,6333.33,2357.71,50.0,Female,0
62323.55,Employed,466.0,Bachelor,60,Urban,5,7980.11,3087.52,50.0,Female,1
38984.33,Self-Employed,492.0,Master,21,Rural,0,11653.15,745.81,30.0,Female,1
69258.93,Employed,571.0,Bachelor,52,Urban,5,5142.11,2951.63,20.0,Female,1
59509.39,Employed,609.0,Master,64,Suburban,0,32954.24,1404.73,38.0,Male,1
62158.74,Employed,529.0,Master,57,Suburban,5,32216.25,1669.85,49.0,Male,1
67269.64,Employed,578.0,PhD,51,Suburban,0,35566.11,3194.96,73.0,Female,1
69029.37,Employed,495.0,Bachelor,27,Urban,1,40582.5,3705.47,54.0,Female,1
55184.79,Student,516.0,High School,61,Urban,0,19256.67,2090.97,46.0,Male,0
60607.69,Employed,450.0,Master,57,Suburban,2,26991.83,1602.54,31.0,Female,0
48747.39,Student,643.0,Master,45,Suburban,3,19428.4,965.9,40.0,Male,1
24292.82,Employed,517.0,Bachelor,62,Suburban,0,9205.45,854.03,32.0,Female,1
56352.6,Employed,561.0,Master,41,Suburban,0,21933.02,2525.93,56.0,Male,1
36798.52,Employed,550.0,Bachelor,44,Rural,0,15263.7,2139.58,53.0,Female,0
40667.9,Student,645.0,Bachelor,56,Rural,2,5648.61,1969.34,66.0,Female,0
49393.97,Employed,524.0,High School,53,Suburban,3,24154.99,1664.18,48.0,Male,1
46367.46,Self-Employed,495.0,Bachelor,45,Urban,3,19161.62,1844.3,52.0,Male,0
52290.55,Employed,638.0,High School,56,Urban,5,7839.86,2859.64,29.0,Female,1
29985.16,Unemployed,461.0,High School,61,Suburban,2,12302.31,2103.54,51.0,Male,0
8000.0,Unemployed,543.0,High School,50,Suburban,3,1655.68,100.0,47.0,Male,0
72618.81,Self-Employed,574.0,Bachelor,61,Urban,0,29459.01,4165.26,58.0,Female,1
82163.36,Employed,610.0,Master,39,Suburban,2,32386.46,4244.41,56.0,Male,1
58431.2,Employed,492.0,Bachelor,44,Urban,1,29702.17,2763.51,46.0,Male,1
52288.96,Student,665.0,Bachelor,50,Urban,1,18947.98,3059.67,75.0,Male,1
38120.92,Employed,510.0,High School,46,Rural,0,6108.65,674.65,14.0,Female,1
37933.28,Employed,496.0,Bachelor,29,Urban,0,14578.36,1075.69,59.0,Male,0
63455.86,Unemployed,589.0,High School,41,Suburban,1,28856.47,844.39,45.0,Male,0
68246.48,Self-Employed,542.0,Bachelor,27,Suburban,0,3638.76,2670.0,41.0,Male,1
81109.04,Employed,608.0,Master,52,Suburban,2,37094.91,4425.42,65.0,Male,1
55731.83,Self-Employed,496.0,Bachelor,56,Urban,0,6779.2,962.85,46.0,Male,0
75889.65,Employed,588.0,Bachelor,51,Suburban,2,22635.63,3130.99,36.0,Male,1
41446.57,Employed,505.0,Bachelor,59,Urban,4,6520.6,1793.61,60.0,Male,1
47317.69,Employed,506.0,High School,50,Suburban,1,20387.97,2080.25,49.0,Male,0
49097.19,Unemployed,501.0,Bachelor,38,Urban,0,2323.13,1582.72,31.0,Female,0
35597.89,Self-Employed,564.0,High School,23,Rural,1,17243.61,936.05,63.0,Male,0
52660.68,Unemployed,533.0,Bachelor,22,Suburban,2,7453.98,430.72,46.0,Male,0
70556.29,Employed,566.0,Master,64,Urban,3,15075.55,2170.23,52.0,Female,1
46144.26,Student,558.0,Bachelor,56,Urban,3,20249.15,1204.12,57.0,Female,0
47199.0,Employed,592.0,Bachelor,36,Urban,0,9973.51,1963.65,45.0,Female,1
57065.64,Employed,513.0,High School,63,Suburban,5,11057.59,2418.55,60.0,Male,0
72988.19,Student,587.0,Bachelor,32,Suburban,2,21893.06,3208.48,63.0,Male,0
67629.3,Self-Employed,529.0,Master,55,Suburban,1,12763.1,2632.69,40.0,Male,1
48339.48,Student,533.0,Bachelor,30,Rural,5,22537.78,503.06,35.0,Male,0
75552.84,Self-Employed,629.0,Master,52,Suburban,1,2203.94,3764.9,47.0,Male,0
29833.78,Employed,410.0,High School,24,Suburban,4,16993.46,378.58,58.0,Female,1
52011.37,Employed,506.0,High School,51,Urban,5,17169.4,2174.71,24.0,Male,1
32554.65,Unemployed,509.0,Bachelor,41,Suburban,1,12817.09,1681.53,49.0,Female,0
35126.36,Employed,540.0,Master,47,Suburban,2,12337.64,1622.34,64.0,Male,0
60834.59,Self-Employed,615.0,High School,22,Suburban,3,4232.32,2015.47,27.0,Male,1
52022.65,Employed,471.0,Master,37,Urban,4,,1593.9,44.0,Female,0
60194.5,Employed,623.0,High School,28,Urban,5,10900.41,2373.96,65.0,Female,1
30629.59,Unemployed,540.0,Bachelor,48,Urban,3,14510.92,1990.27,40.0,Male,0
66631.7,Student,558.0,Bachelor,21,Rural,4,33091.5,3124.53,53.0,Female,0
54821.65,Employed,485.0,Bachelor,61,Suburban,5,31729.4,1342.52,38.0,Male,1
82817.42,Employed,566.0,High School,28,Urban,3,15307.1,3506.84,38.0,Male,1
47409.35,Employed,587.0,High School,44,Urban,4,25963.86,1052.68,35.0,Female,1
66197.95,Employed,569.0,Master,65,Suburban,3,33951.6,2171.04,36.0,Male,1
58498.86,Unemployed,549.0,Bachelor,39,Rural,3,35598.28,1704.68,20.0,Male,0
33236.49,Employed,477.0,High School,45,Rural,5,11019.23,1970.47,67.0,Male,1
55749.36,Employed,586.0,Bachelor,64,Rural,2,3976.93,2430.74,54.0,Male,1
53093.05,Self-Employed,542.0,High School,24,Rural,1,33127.77,1485.78,37.0,Male,1
66056.83,Self-Employed,557.0,Bachelor,46,Urban,4,2105.89,3202.49,44.0,Male,0
58645.34,Employed,553.0,Bachelor,46,Urban,3,15055.22,2437.59,41.0,Female,1
25585.12,Unemployed,481.0,High School,53,Suburban,3,4007.28,488.13,26.0,Female,0
71696.64,Employed,539.0,Bachelor,48,Suburban,2,24754.05,1683.74,38.0,Male,1
64651.8,Employed,497.0,Bachelor,42,Urban,4,11709.42,1945.83,31.0,Male,1
57495.68,Unemployed,527.0,Master,45,Suburban,2,8601.55,2841.73,60.0,Female,0
67878.42,Employed,489.0,Bachelor,33,Urban,3,35828.43,2118.64,18.0,Male,1
52753.08,Student,570.0,Bachelor,36,Urban,0,17043.82,2316.44,50.0,Female,0
83003.45,Employed,562.0,Master,63,Urban,5,32114.71,3800.68,41.0,Female,1
22348.77,Unemployed,487.0,High School,50,Rural,4,6715.16,998.21,54.0,Male,0
75596.74,Employed,580.0,Bachelor,51,Suburban,2,49286.58,2282.57,44.0,Male,1
48647.78,Employed,507.0,High School,27,Suburban,1,1943.01,2897.28,55.0,Male,0
8000.0,Unemployed,432.0,High School,38,Rural,5,2025.05,100.0,26.0,Male,0
30062.04,Unemployed,526.0,Bachelor,30,Rural,3,12728.58,1148.02,60.0,Male,0
19159.46,Unemployed,586.0,High School,63,Urban,2,11538.19,187.76,17.0,Female,0
64630.02,Employed,606.0,Bachelor,65,Suburban,5,10185.32,3598.12,43.0,Male,1
53713.33,Employed,608.0,Bachelor,36,Urban,5,4074.93,1173.02,26.0,Female,0
48918.08,Employed,485.0,High School,39,Suburban,1,29149.57,1670.11,42.0,Female,1
77213.28,Employed,575.0,Bachelor,51,Urban,4,30872.44,4513.6,59.0,Male,1
84286.61,Employed,585.0,Bachelor,27,Urban,1,47885.22,3739.37,35.0,Male,1
61390.52,Self-Employed,625.0,Bachelor,46,Suburban,0,23875.66,2298.69,31.0,Male,0
82284.75,Employed,632.0,Master,30,Urban,2,23231.57,1150.65,24.0,Female,1
56342.83,Employed,546.0,Bachelor,44,Suburban,1,30979.19,3723.52,32.0,Male,0
19552.62,Unemployed,398.0,Master,53,Suburban,3,4636.65,666.55,28.0,Female,0
22310.16,Student,453.0,Bachelor,54,Suburban,2,10787.03,1244.73,67.0,Female,0
47064.37,Employed,569.0,High School,26,Urban,1,13664.92,1339.77,44.0,Female,1
49933.91,Unemployed,530.0,Bachelor,34,Urban,2,28973.67,1390.38,32.0,Female,0
27106.93,Unemployed,507.0,High School,36,Urban,4,10210.43,1976.63,41.0,Female,0
60788.2,Employed,588.0,High School,53,Rural,3,18496.88,2675.88,25.0,Female,1
68474.72,Self-Employed,622.0,High School,35,Rural,3,28845.46,3666.27,31.0,Female,1
37675.88,Student,492.0,Master,41,Urban,0,17769.03,961.8,27.0,Female,0
92872.91,Self-Employed,632.0,Master,31,Suburban,0,47835.66,4219.18,37.0,Female,1
46478.84,Employed,612.0,PhD,36,Suburban,3,13946.91,1003.96,53.0,Female,1
82732.52,Employed,656.0,Bachelor,42,Rural,3,26754.27,2994.65,78.0,Male,1
55497.14,Self-Employed,529.0,Bachelor,30,Urban,3,4167.12,3620.68,66.0,Female,0
63507.34,Employed,577.0,Master,25,Suburban,2,8356.28,2477.0,36.0,Male,1
54879.71,Employed,585.0,Bachelor,27,Suburban,0,30007.47,1792.54,44.0,Female,1
50000.46,Employed,546.0,Bachelor,41,Urban,2,25987.97,1895.49,52.0,Male,0
52523.33,Unemployed,537.0,High School,28,Urban,3,26881.91,1973.62,51.0,Female,0
47619.94,Employed,463.0,Bachelor,22,Urban,5,20740.47,1711.77,66.0,Female,0
31532.33,Student,479.0,Bachelor,58,Suburban,3,3856.11,429.25,19.0,Female,0
38311.23,Employed,497.0,Bachelor,64,Suburban,2,14823.65,1761.31,46.0,Male,1
16040.05,Unemployed,439.0,High School,44,Suburban,2,8047.1,569.34,37.0,Female,0
55496.32,Employed,557.0,Master,48,Urban,0,17666.57,1437.93,37.0,Female,1
19489.55,Unemployed,540.0,Bachelor,28,Rural,1,5183.66,199.66,13.0,Female,0
27364.42,Unemployed,493.0,High School,24,Urban,2,5217.76,667.46,16.0,Female,0
34278.75,Employed,423.0,Bachelor,24,Rural,3,4619.38,1373.43,61.0,Female,0
97917.8,Employed,608.0,PhD,29,Urban,3,22608.76,2390.57,60.0,Female,1
32707.99,Unemployed,532.0,Bachelor,26,Rural,1,4460.32,2132.0,29.0,Male,0
54610.51,Self-Employed,560.0,Bachelor,54,Rural,3,20511.27,2515.17,20.0,Female,0
67926.87,Employed,538.0,Bachelor,55,Rural,1,39227.36,1769.41,44.0,Male,1
97374.06,Employed,558.0,PhD,53,Rural,0,27064.48,4522.62,56.0,Female,1
51648.24,Unemployed,587.0,Bachelor,33,Urban,1,25115.2,2178.92,22.0,Female,0
45282.54,Self-Employed,554.0,High School,37,Suburban,1,4082.92,1010.37,71.0,Male,0
42908.95,Employed,504.0,Bachelor,37,Suburban,3,17506.79,2139.94,64.0,Male,1
75071.42,Employed,513.0,Master,27,Urban,4,32904.49,2578.13,32.0,Male,1
58934.45,Employed,567.0,High School,42,Rural,1,13207.37,2210.09,66.0,Female,1
36128.98,Unemployed,484.0,High School,45,Urban,0,0.0,593.44,41.0,Male,0
34978.24,Unemployed,540.0,High School,30,Urban,0,4920.61,2124.94,56.0,Male,0
54202.27,Employed,558.0,Bachelor,33,Rural,1,11170.63,1225.97,28.0,Female,0
33953.21,Employed,615.0,Bachelor,42,Urban,0,17540.22,988.09,49.0,Male,1
60197.03,Employed,556.0,Bachelor,25,Urban,5,3146.21,3135.99,84.0,Female,1
64984.13,Employed,656.0,High School,47,Urban,1,6237.38,1270.65,59.0,Male,1
51314.75,Student,550.0,Master,36,Suburban,3,26304.53,3219.07,62.0,Male,0
61852.65,Self-Employed,532.0,High School,52,Rural,4,11323.48,1860.3,17.0,Male,1
87353.29,Employed,550.0,Master,54,Urban,1,24166.37,2353.23,60.0,Male,1
43441.52,Employed,496.0,High School,37,Suburban,0,10726.03,2106.26,52.0,Male,0
69626.84,Employed,592.0,Master,36,Suburban,1,32423.39,2740.9,36.0,Female,1
57641.35,Self-Employed,561.0,Bachelor,44,Suburban,5,24693.07,1402.84,37.0,Male,1
28572.01,Employed,431.0,Bachelor,22,Suburban,2,14413.81,640.97,37.0,Male,0
44192.2,Employed,582.0,High School,29,Rural,0,6047.27,1404.97,50.0,Male,0
23536.49,Student,573.0,High School,26,Urban,3,4698.69,1624.09,21.0,Male,0
60009.84,Employed,476.0,Bachelor,33,Urban,2,29205.79,1549.22,44.0,Female,1
49241.26,Unemployed,589.0,Bachelor,47,Suburban,1,26864.68,2774.7,72.0,Male,0
62735.73,Employed,639.0,Master,32,Urban,0,16810.56,2417.63,55.0,Female,1
45499.48,Employed,457.0,Bachelor,44,Suburban,4,13722.15,1893.12,28.0,Male,1
45509.49,Unemployed,517.0,Bachelor,52,Urban,1,10962.67,2408.08,51.0,Male,0
86655.58,Unemployed,559.0,Master,51,Urban,0,3386.86,1387.01,49.0,Male,0
20415.6,Self-Employed,546.0,Bachelor,44,Rural,4,8431.25,752.08,8.0,Male,0
69492.08,Employed,554.0,Master,46,Urban,1,37152.75,3287.23,56.0,Female,1
50843.23,Employed,525.0,Bachelor,40,Suburban,5,30286.18,2388.89,47.0,Male,1
52608.77,Employed,567.0,Bachelor,43,Suburban,3,9553.17,1693.34,20.0,Male,1
64429.65,Employed,635.0,Master,56,Urban,3,13692.28,2835.27,78.0,Female,0
44839.15,Employed,534.0,High School,42,Urban,4,2286.31,1822.53,49.0,Female,0
59027.06,Employed,536.0,High School,36,Urban,1,10000.1,1153.55,38.0,Female,0
43373.15,Employed,522.0,High School,64,Suburban,4,11399.76,715.25,26.0,Female,0
25571.87,Employed,539.0,Bachelor,62,Urban,1,1725.5,1123.06,42.0,Female,1
74195.04,Employed,519.0,Bachelor,59,Suburban,1,38055.67,2277.6,53.0,Female,0
66939.18,Employed,568.0,High School,57,Urban,3,36959.58,1399.61,62.0,Female,1
24898.63,Unemployed,467.0,High School,38,Urban,2,16705.74,1061.81,39.0,Male,0
43746.58,Student,482.0,Bachelor,64,Urban,5,17251.65,1042.14,20.0,Female,0
72263.84,Employed,489.0,High School,50,Urban,0,34906.07,4000.78,54.0,Male,1
65497.46,Employed,544.0,High School,61,Urban,0,33400.27,3075.06,49.0,Female,0
43360.54,Unemployed,584.0,High School,21,Rural,0,23376.21,1853.3,69.0,Female,0
75617.16,Employed,492.0,Master,25,Urban,5,10603.97,2335.07,51.0,Male,1
64543.0,Self-Employed,590.0,Bachelor,21,Suburban,2,9537.12,2830.11,55.0,Female,0
68131.52,Employed,541.0,High School,65,Suburban,5,24139.35,1221.68,33.0,Female,1
43850.71,Self-Employed,488.0,High School,35,Suburban,3,22655.19,2350.09,52.0,Male,1
53609.33,Employed,565.0,High School,22,Suburban,5,4758.56,1618.48,30.0,Female,1
23801.15,Self-Employed,566.0,Bachelor,54,Urban,4,9019.19,1220.67,44.0,Female,0
31302.39,Employed,585.0,Bachelor,56,Suburban,0,15154.36,703.72,50.0,Female,1
77499.75,Employed,597.0,Master,62,Urban,5,8275.64,1717.17,43.0,Male,1
76789.94,Employed,580.0,Master,47,Suburban,3,16609.59,4217.77,73.0,Male,1
52190.73,Employed,565.0,Bachelor,51,Urban,3,33037.86,1412.92,63.0,Female,1
26903.81,Student,623.0,High School,48,Suburban,1,7557.82,848.73,56.0,Male,0
53666.48,Employed,537.0,Bachelor,52,Suburban,4,1464.25,581.23,39.0,Male,1
69878.04,Employed,624.0,Master,44,Suburban,0,,4052.31,41.0,Male,1
19294.11,Employed,474.0,High School,22,Urban,0,10884.96,737.13,24.0,Male,0
69984.28,Employed,536.0,Master,28,Suburban,1,11913.11,2538.2,56.0,Female,1
27486.12,Unemployed,592.0,High School,62,Suburban,4,6944.8,1914.17,49.0,Female,0
38711.44,Unemployed,529.0,Bachelor,23,Suburban,4,13809.17,1347.99,41.0,Female,0
48144.06,Employed,552.0,High School,24,Urban,1,17635.3,2456.92,39.0,Female,0
41253.69,Employed,557.0,Bachelor,57,Urban,3,26162.32,515.23,38.0,Male,1
35527.07,Self-Employed,484.0,High School,63,Urban,2,15564.65,1214.09,20.0,Male,0
81852.29,Employed,570.0,Bachelor,41,Suburban,3,43590.9,3209.24,41.0,Male,1
50360.63,Self-Employed,516.0,Bachelor,27,Urban,0,7577.57,1432.77,39.0,Male,0
71117.22,Employed,590.0,Bachelor,47,Suburban,2,34255.81,3055.58,61.0,Male,1
42764.53,Employed,551.0,Bachelor,22,Suburban,2,17050.15,2126.43,60.0,Male,0
50775.06,Employed,519.0,High School,37,Suburban,0,16100.51,1508.4,13.0,Male,0
52389.75,Employed,639.0,Bachelor,46,Suburban,3,18199.21,1839.37,20.0,Male,1
40687.53,Self-Employed,530.0,High School,60,Suburban,2,7827.28,2212.07,57.0,Female,1
49899.96,Employed,549.0,Bachelor,26,Suburban,1,14103.61,2217.64,48.0,Female,0
69658.83,Self-Employed,633.0,High School,48,Urban,4,31114.68,3374.16,61.0,Female,1
79912.3,Employed,548.0,Bachelor,22,Rural,4,5029.71,4281.74,47.0,Female,1
52564.45,Self-Employed,525.0,Bachelor,41,Rural,1,22252.84,2042.53,37.0,Female,1
68809.52,Employed,584.0,PhD,51,Suburban,5,12742.68,2907.5,38.0,Male,1
31061.59,Employed,451.0,Bachelor,22,Rural,0,9851.04,1819.93,4.0,Female,0
26028.95,Employed,500.0,High School,54,Rural,3,10642.5,1462.66,26.0,Male,0
80740.35,Employed,681.0,Bachelor,65,Suburban,4,44235.48,1738.56,28.0,Male,1
28971.07,Employed,597.0,High School,34,Suburban,1,9974.73,961.83,26.0,Male,0
44394.94,Employed,577.0,High School,55,Suburban,2,23373.87,817.99,24.0,Male,1
64329.61,Employed,618.0,Bachelor,45,Urban,4,11270.36,1814.44,30.0,Male,1
26976.55,Employed,534.0,Master,62,Urban,2,7989.83,631.46,35.0,Female,0
44241.08,Employed,517.0,Master,47,Suburban,1,10152.35,1992.32,53.0,Female,1
40923.61,Self-Employed,606.0,Master,57,Suburban,3,986.96,865.85,1.0,Female,1
25014.42,Student,466.0,High School,28,Urban,0,17176.29,815.95,25.0,Female,0
30880.24,Unemployed,561.0,High School,32,Suburban,3,10751.21,1658.47,30.0,Female,0
67416.65,Student,547.0,Master,40,Suburban,1,25761.43,974.15,17.0,Male,1
22046.67,Student,484.0,High School,61,Suburban,1,9187.23,335.95,53.0,Female,0
51075.1,Employed,570.0,Bachelor,49,Urban,2,17239.74,1846.4,28.0,Female,0
73206.28,Employed,669.0,PhD,30,Suburban,4,18230.24,4042.14,61.0,Male,1
41916.95,Employed,597.0,High School,60,Urban,1,7541.5,1828.17,32.0,Male,0
64267.15,Employed,580.0,Bachelor,48,Urban,4,28060.43,1659.2,62.0,Female,1
52730.41,Unemployed,551.0,Master,39,Urban,2,34965.39,1904.01,32.0,Female,0
8000.0,Unemployed,520.0,Bachelor,38,Urban,5,0.0,325.62,23.0,Male,0
75591.35,Employed,643.0,Master,52,Urban,2,1159.47,3866.98,52.0,Female,1
40908.1,Unemployed,452.0,Bachelor,60,Suburban,2,16379.13,1298.55,64.0,Male,0
63881.53,Self-Employed,559.0,Bachelor,43,Urban,4,24728.23,1682.38,51.0,Male,1
87693.92,Employed,551.0,Master,58,Urban,0,21036.44,4914.6,50.0,Male,0
36205.57,Employed,515.0,Master,52,Rural,5,8568.34,1866.42,47.0,Male,0
29167.63,Student,458.0,Master,24,Suburban,1,11966.38,562.55,29.0,Female,0
51946.41,Self-Employed,466.0,Bachelor,56,Rural,4,25477.76,1759.74,66.0,Male,0
20179.36,Employed,443.0,Bachelor,46,Suburban,2,5690.14,102.68,47.0,Female,0
58825.24,Employed,532.0,Bachelor,44,Urban,1,18981.21,1899.13,44.0,Male,1
53690.98,Self-Employed,576.0,High School,48,Rural,0,25685.41,2828.65,52.0,Female,1
52949.58,Unemployed,512.0,PhD,23,Rural,4,31124.93,418.9,27.0,Female,0
72184.91,Employed,537.0,PhD,61,Suburban,0,8288.02,1739.82,44.0,Female,0
36509.14,Student,543.0,Bachelor,60,Suburban,3,5395.85,1300.12,50.0,Female,0
64581.94,Employed,578.0,PhD,65,Suburban,3,17972.12,1940.44,58.0,Female,1
36717.8,Student,602.0,Bachelor,48,Suburban,1,18588.53,695.63,32.0,Male,0
64430.85,Self-Employed,607.0,Master,31,Suburban,4,3686.2,2398.74,15.0,Female,1
29736.61,Self-Employed,469.0,Bachelor,48,Suburban,2,17594.99,1066.13,51.0,Female,0
63946.73,Unemployed,534.0,Bachelor,33,Urban,4,11703.06,1956.36,35.0,Male,0
30935.41,Unemployed,551.0,Bachelor,43,Urban,2,7149.4,1457.25,55.0,Male,0
70365.18,Employed,534.0,Bachelor,57,Urban,4,34385.0,4166.69,33.0,Male,1
51205.45,Unemployed,532.0,Master,28,Urban,2,3615.91,2377.59,52.0,Male,0
44695.41,Employed,460.0,Bachelor,41,Urban,2,25864.91,562.16,35.0,Male,1
82389.97,Employed,532.0,Master,42,Rural,5,40527.12,1654.39,37.0,Male,1
64221.95,Self-Employed,622.0,High School,62,Urban,0,6600.61,3401.26,74.0,Female,1
30440.06,Employed,524.0,High School,45,Urban,2,5558.06,1433.28,31.0,Male,0
56896.44,Employed,526.0,Bachelor,36,Urban,0,31647.45,1629.61,64.0,Female,1
70110.5,Employed,551.0,Master,38,Suburban,0,41417.23,3649.82,86.0,Male,1
31929.94,Employed,596.0,Master,34,Suburban,0,12804.07,963.12,21.0,Female,0
19191.83,Employed,471.0,High School,27,Suburban,4,4412.2,625.89,24.0,Male,0
32495.06,Self-Employed,541.0,High School,52,Rural,4,5129.78,1719.72,41.0,Male,1
35301.68,Employed,563.0,Bachelor,55,Rural,4,8465.04,1744.19,40.0,Male,1
41347.15,Self-Employed,597.0,Master,29,Rural,5,18131.42,2267.47,63.0,Female,1
51304.19,Employed,508.0,PhD,41,Rural,3,20617.23,2524.01,64.0,Male,1
64164.09,Employed,502.0,Master,54,Urban,1,22646.68,1097.67,33.0,Female,1
45615.86,Employed,489.0,Bachelor,52,Suburban,2,20306.1,1592.91,31.0,Male,1
82709.5,Employed,624.0,Master,24,Urban,3,8224.47,1419.08,37.0,Female,1
33704.05,Unemployed,611.0,High School,23,Suburban,4,15484.66,1274.45,45.0,Male,0
62914.7,Student,598.0,Master,24,Urban,2,11280.64,1576.8,26.0,Female,1
36675.99,Employed,496.0,Bachelor,43,Urban,0,18793.94,1350.24,23.0,Male,0
52576.65,Employed,602.0,Bachelor,62,Urban,5,26135.69,2464.13,36.0,Male,1
61043.24,Employed,539.0,Bachelor,24,Suburban,3,29533.03,1820.73,37.0,Male,1
73794.68,Employed,541.0,Master,52,Suburban,0,17524.08,2812.07,43.0,Male,0
44284.56,Employed,522.0,High School,54,Urban,5,27110.27,2015.18,15.0,Male,1
39483.05,Employed,503.0,High School,64,Suburban,2,12954.54,1428.86,36.0,Female,1
62126.91,Self-Employed,530.0,Master,47,Urban,4,,1738.99,24.0,Male,1
70532.05,Employed,629.0,PhD,63,Suburban,4,39923.85,2856.71,50.0,Male,1
70462.96,Unemployed,551.0,Bachelor,41,Urban,1,11399.28,1036.94,21.0,Female,0
58698.64,Employed,486.0,High School,32,Urban,5,25854.45,1887.04,49.0,Male,1
59598.13,Employed,585.0,Bachelor,64,Suburban,5,20124.63,2741.35,46.0,Male,1
13114.87,Student,449.0,High School,44,Suburban,5,9937.34,100.0,57.0,Female,0
32469.81,Employed,478.0,Bachelor,35,Rural,1,13680.52,568.14,42.0,Female,0
43801.88,Employed,567.0,High School,49,Suburban,0,27422.01,371.36,34.0,Female,1
71955.63,Employed,543.0,Bachelor,40,Rural,3,28435.8,3801.8,53.0,Male,1
53012.9,Self-Employed,529.0,Bachelor,54,Urban,1,715.39,605.01,39.0,Female,0
51655.33,Employed,549.0,High School,54,Urban,3,31560.95,3439.7,43.0,Male,1
39836.27,Employed,517.0,Bachelor,21,Rural,4,7034.91,1848.89,40.0,Female,1
31874.91,Employed,499.0,Bachelor,44,Urban,0,9416.51,1064.24,33.0,Female,1
53553.42,Employed,444.0,High School,59,Suburban,4,26348.1,3534.51,47.0,Female,1
50184.75,Employed,537.0,High School,50,Urban,0,7847.18,2248.99,39.0,Male,0
65690.46,Employed,640.0,Bachelor,53,Suburban,3,17360.66,640.07,33.0,Male,1
68319.48,Employed,599.0,Master,64,Urban,3,33813.94,1847.74,44.0,Female,1
52538.5,Employed,531.0,Master,36,Suburban,0,9421.85,3072.63,59.0,Male,0
56381.15,Self-Employed,575.0,Bachelor,52,Suburban,1,18600.07,2554.44,61.0,Female,0
36634.23,Self-Employed,554.0,Bachelor,22,Urban,3,8162.22,2295.04,37.0,Female,0
69263.13,Employed,534.0,Master,27,Urban,2,18161.32,1961.97,24.0,Female,1
61057.44,Employed,617.0,Bachelor,52,Urban,2,28068.08,1081.28,52.0,Male,1
85108.99,Employed,602.0,Bachelor,30,Urban,4,47574.57,2645.79,81.0,Male,1
40996.65,Employed,518.0,High School,56,Urban,4,14669.46,2264.08,54.0,Male,1
27096.68,Employed,583.0,High School,60,Rural,3,8149.76,1229.9,36.0,Male,1
53802.56,Self-Employed,457.0,Bachelor,61,Urban,4,6878.17,2225.02,49.0,Male,1
67136.29,Employed,516.0,Bachelor,23,Urban,5,27421.53,4100.61,58.0,Female,1
29034.15,Employed,544.0,PhD,35,Suburban,1,16418.56,1298.58,41.0,Female,0
43132.99,Unemployed,565.0,High School,43,Urban,5,16552.91,1820.46,31.0,Female,0
58870.77,Employed,631.0,Bachelor,21,Urban,2,18598.4,2494.31,62.0,Male,1
53871.35,Employed,449.0,PhD,61,Suburban,5,9861.02,1954.86,33.0,Female,1
29482.32,Unemployed,554.0,Bachelor,64,Suburban,3,10148.58,489.07,52.0,Female,0
31883.9,Employed,463.0,High School,55,Rural,2,13208.92,959.83,48.0,Female,1
55623.42,Employed,571.0,PhD,33,Urban,0,19496.71,1245.4,62.0,Female,0
25920.94,Employed,507.0,Bachelor,26,Suburban,0,12880.89,718.17,49.0,Female,0
57957.18,Employed,594.0,High School,58,Rural,3,27271.55,1593.31,8.0,Male,1
46607.8,Employed,529.0,Bachelor,54,Rural,4,10069.31,558.47,17.0,Male,1
17127.87,Unemployed,543.0,High School,63,Rural,0,10946.87,885.43,40.0,Female,0
80671.67,Self-Employed,551.0,Master,38,Urban,5,8465.16,3327.69,77.0,Male,1
47837.97,Employed,538.0,High School,28,Rural,1,0.0,3205.97,45.0,Male,0
37608.74,Self-Employed,536.0,Master,61,Rural,4,586.51,2026.66,24.0,Male,0
41091.95,Unemployed,607.0,High School,25,Suburban,4,11660.85,1720.03,55.0,Male,0
85257.54,Employed,632.0,Master,46,Suburban,4,54076.38,3128.14,75.0,Female,1
50546.41,Employed,555.0,High School,42,Rural,5,8541.78,2092.29,33.0,Female,1
57024.83,Employed,583.0,Master,45,Urban,4,17307.33,780.17,31.0,Male,1
28908.26,Employed,563.0,High School,39,Suburban,0,14439.4,1756.04,68.0,Male,0
47479.11,Self-Employed,558.0,Master,21,Suburban,2,28166.18,1931.45,25.0,Female,0
66545.49,Self-Employed,522.0,Master,48,Suburban,3,16462.03,3389.45,36.0,Male,1
56393.84,Unemployed,582.0,Bachelor,32,Suburban,3,22386.86,2490.98,31.0,Female,0
42609.64,Employed,533.0,High School,26,Urban,3,0.0,2515.24,50.0,Male,1
48266.33,Employed,526.0,Bachelor,39,Urban,1,23158.75,1648.59,39.0,Female,1
73321.66,Employed,543.0,Bachelor,34,Urban,5,30819.51,2311.5,37.0,Female,1
48489.82,Employed,569.0,Bachelor,53,Suburban,4,21297.37,1275.52,54.0,Female,1
84709.69,Employed,617.0,Bachelor,37,Suburban,4,9845.23,3961.47,67.0,Male,1
64778.46,Employed,523.0,PhD,44,Rural,2,9901.3,4189.41,78.0,Female,1
86516.55,Self-Employed,547.0,PhD,42,Suburban,3,12055.99,4160.1,57.0,Female,1
60741.73,Employed,645.0,Bachelor,59,Suburban,1,2345.47,3204.1,63.0,Female,1
64606.35,Employed,604.0,High School,25,Urban,3,35057.08,3967.66,38.0,Male,1
48343.99,Employed,546.0,High School,22,Suburban,1,10758.49,2149.96,56.0,Male,0
59325.06,Self-Employed,585.0,Master,60,Rural,5,9478.41,1476.66,54.0,Male,1
81283.8,Employed,568.0,PhD,35,Suburban,3,33614.5,2073.42,33.0,Male,1
66972.09,Employed,561.0,Bachelor,53,Rural,2,16760.23,2974.47,59.0,Male,0
50890.92,Employed,547.0,High School,47,Rural,3,12809.91,2770.67,52.0,Female,1
35488.31,Employed,567.0,Bachelor,55,Urban,1,4690.56,1401.86,49.0,Male,0
62865.24,Employed,499.0,Bachelor,50,Suburban,4,36375.07,1477.47,57.0,Male,1
45151.19,Unemployed,492.0,PhD,31,Suburban,1,24042.71,2707.8,51.0,Male,0
50811.8,Employed,491.0,Bachelor,43,Suburban,5,9093.74,1996.98,62.0,Male,1
60862.54,Employed,599.0,High School,34,Urban,5,9346.66,2865.26,33.0,Male,1
83468.78,Employed,588.0,Bachelor,38,Urban,1,37998.89,1526.95,30.0,Female,1
50519.23,Employed,504.0,High School,45,Urban,3,28961.5,2012.72,43.0,Male,0
64593.21,Unemployed,555.0,Bachelor,24,Suburban,1,5475.88,1969.22,33.0,Female,0
43545.02,Self-Employed,507.0,Bachelor,22,Urban,0,10990.63,1209.58,45.0,Male,0
72476.14,Employed,512.0,High School,52,Urban,1,14507.4,1991.19,40.0,Male,0
61460.38,Employed,618.0,Bachelor,24,Suburban,5,11702.18,3246.59,47.0,Female,1
73128.35,Employed,571.0,Master,61,Urban,1,23122.49,1001.86,35.0,Male,1
83747.44,Employed,651.0,Master,49,Rural,5,24752.26,4103.18,59.0,Male,1
48452.01,Employed,477.0,Bachelor,57,Urban,4,18943.76,1732.16,44.0,Female,1
57163.54,Unemployed,578.0,Bachelor,42,Urban,2,18191.74,1472.7,48.0,Female,0
61875.28,Self-Employed,497.0,PhD,52,Rural,3,3611.6,3272.4,45.0,Female,0
53368.4,Employed,659.0,Master,29,Rural,5,6359.09,2555.81,20.0,Male,1
49100.12,Self-Employed,465.0,PhD,49,Suburban,0,13058.65,1908.72,56.0,Female,0
70780.31,Employed,655.0,High School,34,Suburban,4,23164.35,1927.54,33.0,Female,1
67118.91,Employed,568.0,High School,55,Urban,3,12475.47,3636.47,57.0,Female,1
43829.05,Employed,528.0,High School,37,Suburban,5,15649.09,2492.98,47.0,Male,1
78181.28,Employed,611.0,Master,55,Urban,5,33944.06,3819.17,87.0,Male,1
60898.99,Employed,518.0,Bachelor,61,Suburban,5,34314.17,2395.8,7.0,Male,1
28706.31,Unemployed,550.0,High School,21,Urban,0,19248.23,1804.38,34.0,Male,0
85471.37,Employed,634.0,PhD,23,Suburban,2,23856.66,1682.33,49.0,Female,1
68618.75,Employed,572.0,PhD,37,Urban,5,35157.94,3742.77,30.0,Male,1
21125.38,Employed,515.0,High School,45,Urban,1,15317.83,443.05,37.0,Male,0
65897.56,Employed,654.0,Bachelor,60,Urban,1,16637.07,2716.75,23.0,Male,1
60001.49,Employed,588.0,Bachelor,40,Suburban,4,18751.92,1191.33,41.0,Male,1
45100.93,Employed,502.0,High School,59,Urban,1,3798.13,1571.02,43.0,Male,0
45613.69,Employed,572.0,Bachelor,53,Suburban,3,26779.88,822.12,50.0,Male,1
30609.03,Employed,493.0,High School,52,Urban,2,12540.09,1045.31,44.0,Male,0
57559.17,Employed,522.0,Master,61,Suburban,2,5780.07,2418.09,33.0,Female,1
54871.52,Self-Employed,575.0,Master,34,Urban,0,28678.3,3360.17,53.0,Male,1
58465.94,Student,511.0,Master,51,Rural,5,27364.68,1107.7,45.0,Female,0
77747.54,Employed,586.0,Master,56,Urban,0,31477.99,2621.99,34.0,Male,1
44731.99,Self-Employed,567.0,High School,64,Urban,1,19086.62,1138.97,55.0,Male,1
67840.79,Self-Employed,656.0,Bachelor,31,Urban,1,12665.11,2289.29,55.0,Male,1
60387.88,Employed,588.0,Bachelor,56,Urban,1,28326.44,1540.98,18.0,Male,1
52958.26,Self-Employed,483.0,Bachelor,31,Suburban,0,20832.26,1061.79,41.0,Male,0
61177.85,Employed,501.0,Bachelor,64,Urban,5,21312.64,2780.58,33.0,Male,1
62569.65,Student,640.0,Bachelor,45,Rural,3,28430.01,1370.32,12.0,Female,1
60660.28,Employed,531.0,High School,60,Suburban,2,3865.07,2409.71,38.0,Male,1
57522.77,Employed,487.0,Bachelor,46,Urban,0,16555.28,948.21,34.0,Male,1
66407.94,Self-Employed,523.0,Bachelor,24,Suburban,3,18065.58,3056.03,82.0,Female,0
54867.12,Unemployed,587.0,Bachelor,36,Urban,0,36740.04,574.55,30.0,Male,0
65895.76,Employed,572.0,Bachelor,48,Urban,1,19094.15,2359.86,47.0,Male,1
42071.45,Student,562.0,Bachelor,48,Urban,3,10094.3,1753.08,48.0,Male,0
62080.86,Self-Employed,560.0,Master,45,Urban,5,10102.34,2863.71,44.0,Male,0
43872.8,Self-Employed,486.0,Bachelor,52,Urban,3,24150.81,1764.83,48.0,Male,0
33707.38,Unemployed,441.0,Bachelor,46,Rural,2,27014.84,987.14,29.0,Female,0
43851.99,Self-Employed,498.0,Bachelor,29,Suburban,3,17445.58,2019.61,28.0,Female,0
44449.21,Employed,542.0,Bachelor,24,Rural,4,15441.89,1799.17,35.0,Female,0
61360.27,Self-Employed,508.0,High School,33,Urban,3,23787.74,1931.11,25.0,Male,1
80307.74,Employed,632.0,Bachelor,27,Rural,2,34596.31,2897.83,58.0,Male,1
44613.02,Student,492.0,High School,52,Urban,5,10398.88,958.2,38.0,Male,0
48422.8,Unemployed,468.0,Master,64,Urban,1,6588.91,512.87,30.0,Male,0
60718.55,Self-Employed,560.0,Master,62,Rural,0,15426.22,2066.31,54.0,Male,1
79069.47,Employed,620.0,Bachelor,46,Urban,1,18816.59,4608.94,49.0,Male,1
75815.54,Employed,649.0,Master,60,Urban,4,25197.98,2929.29,4.0,Male,1
57906.04,Employed,483.0,Bachelor,50,Rural,0,9899.18,1893.02,36.0,Male,1
54968.56,Employed,616.0,High School,26,Suburban,2,21917.56,1831.21,55.0,Male,1
39570.74,Self-Employed,538.0,Master,47,Suburban,0,18207.82,1471.5,57.0,Female,1
63857.15,Unemployed,536.0,PhD,46,Urban,5,31650.35,1665.04,24.0,Male,0
34871.71,Self-Employed,554.0,High School,45,Urban,1,5501.1,1287.59,32.0,Female,0
52916.26,Employed,610.0,High School,57,Rural,1,11449.69,1433.48,53.0,Male,1
31972.16,Student,443.0,Bachelor,65,Urban,4,3321.32,1677.63,20.0,Female,0
50867.54,Unemployed,526.0,Bachelor,31,Urban,5,19089.96,2246.32,41.0,Male,0
57703.91,Self-Employed,531.0,Bachelor,21,Urban,0,0.0,1535.32,47.0,Male,0
37819.58,Employed,555.0,Bachelor,49,Rural,5,18551.13,1576.3,63.0,Male,1
60639.79,Self-Employed,626.0,Master,25,Suburban,2,21699.47,1319.75,34.0,Male,1
80088.33,Employed,591.0,High School,40,Suburban,1,26091.8,2281.03,25.0,Female,1
20904.17,Employed,490.0,Bachelor,62,Rural,0,11469.5,397.27,25.0,Male,0
72495.13,Employed,597.0,Master,50,Urban,2,5059.96,3095.75,86.0,Male,1
33841.52,Self-Employed,511.0,Bachelor,63,Rural,1,16148.52,1522.9,47.0,Female,0
82653.15,Employed,494.0,Bachelor,22,Urban,1,26192.04,3153.22,68.0,Male,1
47244.64,Student,564.0,High School,52,Urban,1,10566.29,464.88,36.0,Female,0
32788.65,Unemployed,564.0,High School,35,Urban,0,19781.21,100.0,23.0,Female,0
68761.48,Employed,620.0,Bachelor,24,Rural,4,17310.95,3346.66,35.0,Male,0
58668.57,Employed,505.0,Bachelor,34,Rural,2,24221.0,3317.25,44.0,Male,1
59091.79,Employed,585.0,Bachelor,63,Suburban,4,29743.8,964.0,50.0,Male,1
47017.11,Self-Employed,609.0,Bachelor,39,Urban,3,29114.52,1969.63,25.0,Female,1
44586.28,Unemployed,651.0,Master,62,Urban,0,19228.64,2500.6,58.0,Male,0
63039.08,Employed,585.0,Master,26,Urban,2,4064.46,2543.32,30.0,Male,1
54155.17,Employed,595.0,High School,50,Urban,0,23221.66,2431.42,42.0,Male,0
21618.48,Employed,459.0,High School,40,Urban,1,8779.01,576.01,36.0,Female,1
78444.97,Employed,535.0,Master,34,Suburban,4,5397.19,4066.67,64.0,Female,1
82203.08,Self-Employed,635.0,Bachelor,45,Suburban,1,42423.35,2444.33,42.0,Female,1
44516.76,Employed,445.0,Bachelor,48,Rural,1,12077.32,978.46,47.0,Female,0
64624.28,Employed,572.0,High School,22,Suburban,0,24407.74,2448.06,42.0,Female,1
59988.46,Employed,623.0,Bachelor,50,Urban,0,14000.59,3957.48,60.0,Male,1
17965.46,Unemployed,531.0,High School,34,Suburban,1,1356.32,1207.35,40.0,Female,0
48273.24,Employed,574.0,High School,57,Urban,5,8521.23,2335.22,49.0,Male,0
60285.39,Employed,557.0,Bachelor,28,Suburban,3,10032.42,1814.12,46.0,Male,1
52180.41,Employed,529.0,Master,33,Suburban,4,33122.6,2273.77,44.0,Female,1
44092.73,Student,633.0,High School,64,Urban,0,19204.74,2652.61,65.0,Female,0
62210.8,Employed,618.0,Master,32,Urban,3,3883.57,2162.68,54.0,Male,1
38901.6,Employed,567.0,Bachelor,26,Rural,4,9795.18,1423.71,44.0,Male,0
58701.25,Employed,558.0,Bachelor,45,Suburban,4,32279.69,1995.18,36.0,Male,1
44590.97,Employed,511.0,Bachelor,49,Suburban,4,17459.65,2530.28,83.0,Female,1
26090.28,Unemployed,559.0,High School,46,Suburban,4,10834.29,948.47,62.0,Male,0
52185.36,Self-Employed,534.0,Bachelor,39,Suburban,5,20408.77,823.12,23.0,Female,0
49904.4,Employed,548.0,Master,25,Urban,2,17110.69,1676.95,52.0,Male,1
44882.98,Unemployed,565.0,High School,33,Rural,1,17240.6,2269.37,64.0,Female,0
81189.66,Self-Employed,599.0,PhD,23,Rural,0,10452.99,1795.51,51.0,Male,0
40549.18,Employed,601.0,High School,59,Urban,1,17363.56,1393.89,41.0,Female,1
61713.09,Employed,502.0,Bachelor,32,Urban,2,13451.42,3154.65,41.0,Male,0
66536.83,Self-Employed,571.0,Bachelor,50,Suburban,0,13670.99,2562.28,54.0,Male,0
50130.7,Unemployed,641.0,Master,32,Suburban,4,29175.37,902.14,25.0,Male,1
82197.78,Employed,631.0,High School,48,Urban,2,20062.12,3496.19,46.0,Male,1
47420.05,Employed,532.0,High School,25,Suburban,1,11173.92,1341.88,33.0,Male,0
57834.69,Student,592.0,Bachelor,25,Suburban,5,16544.15,2855.62,56.0,Female,0
26980.44,Employed,510.0,High School,35,Suburban,0,0.0,494.63,57.0,Female,0
40288.0,Employed,597.0,Bachelor,32,Urban,3,25671.62,2341.71,39.0,Female,1
91267.08,Employed,641.0,Master,35,Urban,3,37180.4,1464.22,36.0,Female,1
45520.66,Self-Employed,499.0,High School,33,Urban,5,,1881.71,63.0,Male,0
39488.29,Self-Employed,540.0,Master,52,Rural,2,6366.82,1587.4,34.0,Female,1
46284.13,Employed,558.0,High School,40,Suburban,5,14055.29,1107.43,1.0,Female,1
88959.65,Employed,621.0,Master,27,Urban,4,49405.38,1734.36,71.0,Male,1
55547.13,Employed,567.0,PhD,62,Rural,2,12418.48,1447.56,57.0,Female,1
59374.42,Self-Employed,583.0,Bachelor,49,Urban,3,24368.29,498.08,49.0,Male,1
43182.66,Employed,554.0,PhD,39,Suburban,2,26504.43,3029.27,55.0,Female,0
58967.41,Employed,525.0,Master,43,Urban,3,9041.47,2861.72,48.0,Female,0
61957.99,Employed,541.0,High School,35,Suburban,1,31703.64,3287.2,23.0,Female,1
39234.87,Employed,518.0,High School,38,Suburban,1,17938.18,2024.53,41.0,Male,1
27921.42,Employed,517.0,High School,24,Suburban,4,0.0,1065.85,36.0,Female,1
30358.3,Unemployed,505.0,Bachelor,58,Urban,5,18376.9,1204.62,38.0,Male,0
28854.78,Unemployed,564.0,Bachelor,38,Urban,3,15919.34,807.32,47.0,Female,0
73470.71,Employed,535.0,Bachelor,52,Urban,1,20797.02,1342.5,64.0,Male,1
36696.66,Unemployed,448.0,Bachelor,23,Rural,0,13380.65,1687.62,42.0,Female,0
64594.11,Self-Employed,654.0,Bachelor,25,Urban,5,17609.73,1217.16,37.0,Female,1
36426.48,Student,488.0,High School,37,Suburban,5,,2043.12,67.0,Male,0
26702.08,Student,561.0,High School,22,Suburban,1,13994.45,1260.36,29.0,Male,0
62354.52,Employed,590.0,PhD,64,Urban,4,22157.75,2969.17,49.0,Female,1
68484.92,Employed,536.0,Bachelor,22,Urban,4,19706.7,1842.92,44.0,Male,1
85835.04,Employed,590.0,Bachelor,46,Urban,5,42890.69,1139.07,28.0,Male,1
36888.97,Employed,513.0,High School,36,Suburban,3,16760.55,1070.5,35.0,Male,0
55730.25,Employed,569.0,PhD,30,Rural,1,6789.75,2615.4,43.0,Male,1
30962.58,Self-Employed,483.0,High School,27,Urban,2,861.27,1368.13,53.0,Female,0
63472.92,Employed,556.0,Bachelor,34,Rural,4,39795.23,2690.8,43.0,Female,1
33367.85,Unemployed,519.0,High School,23,Urban,1,10563.3,733.38,34.0,Male,0
47330.95,Student,590.0,High School,46,Urban,3,13897.38,1648.89,50.0,Male,0
47380.48,Employed,522.0,Bachelor,31,Rural,4,15727.57,1301.54,34.0,Male,1
62273.54,Self-Employed,518.0,Bachelor,21,Rural,0,21869.02,3485.21,38.0,Male,0
33685.47,Unemployed,497.0,Bachelor,26,Urban,3,11140.08,1027.09,79.0,Female,0
27826.12,Employed,529.0,High School,61,Suburban,1,14081.58,610.26,37.0,Male,0
65843.47,Student,488.0,PhD,31,Rural,2,20689.46,2129.03,48.0,Female,0
54456.62,Employed,605.0,Bachelor,47,Suburban,1,,2514.81,43.0,Female,1
66345.52,Employed,569.0,PhD,39,Suburban,1,38896.72,3207.47,28.0,Female,1
54219.36,Employed,570.0,High School,43,Urban,0,8091.53,1899.92,36.0,Female,1
40337.5,Employed,541.0,Bachelor,59,Urban,2,19390.9,1287.52,24.0,Male,1
65460.85,Employed,537.0,Bachelor,53,Suburban,3,35910.72,2198.91,54.0,Male,1
56062.84,Self-Employed,505.0,Master,45,Suburban,1,24474.71,1015.29,46.0,Male,0
63658.42,Employed,533.0,Master,30,Urban,5,7448.26,3611.71,61.0,Female,1
75089.41,Employed,513.0,Bachelor,59,Urban,3,12833.66,5063.52,45.0,Female,0
63632.92,Employed,580.0,High School,21,Urban,5,3749.61,2319.69,16.0,Male,0
48354.28,Employed,535.0,High School,46,Suburban,4,12802.28,1853.0,10.0,Male,1
52483.75,Employed,479.0,High School,48,Urban,1,21381.92,1852.76,50.0,Male,0
27591.46,Employed,485.0,Master,63,Urban,3,5727.49,1191.6,34.0,Female,1
37671.62,Employed,556.0,High School,28,Urban,4,2104.59,2199.04,26.0,Female,1
25506.91,Unemployed,568.0,High School,33,Rural,2,0.0,1367.11,49.0,Female,0
28537.52,Student,456.0,Bachelor,21,Suburban,0,9882.83,628.33,51.0,Female,0
34103.51,Employed,619.0,High School,32,Urban,1,6649.36,1660.91,42.0,Male,0
79202.25,Self-Employed,543.0,PhD,62,Urban,1,37878.77,1674.76,34.0,Female,1
62596.67,Student,486.0,Bachelor,21,Urban,2,14085.83,2454.84,43.0,Female,0
56179.04,Employed,633.0,Master,56,Suburban,5,22736.87,2388.52,64.0,Male,1
68125.15,Employed,524.0,Bachelor,63,Suburban,0,34916.22,2434.37,62.0,Female,1
69872.09,Employed,642.0,Bachelor,26,Suburban,5,17657.61,1957.7,41.0,Male,1
40347.73,Employed,501.0,Bachelor,37,Suburban,3,22147.56,2387.43,48.0,Female,1
47084.69,Employed,527.0,Bachelor,61,Urban,5,16781.75,1638.14,111.0,Female,1
85046.54,Employed,536.0,Bachelor,53,Urban,4,10190.15,1693.57,75.0,Female,1
37244.66,Employed,584.0,High School,24,Urban,2,0.0,1418.16,42.0,Male,0
57864.7,Employed,607.0,Master,59,Suburban,0,31217.4,2358.76,68.0,Male,1
87486.23,Employed,568.0,Bachelor,57,Urban,4,33236.36,4296.98,62.0,Female,1
46466.96,Employed,536.0,Bachelor,35,Suburban,3,26709.75,1664.1,65.0,Female,1
82294.86,Employed,621.0,Bachelor,39,Urban,2,10223.58,1921.71,33.0,Male,1
39669.75,Employed,509.0,Bachelor,34,Suburban,4,20641.92,1534.64,53.0,Female,1
64074.01,Employed,626.0,Bachelor,44,Urban,4,38650.25,2053.25,60.0,Male,1
74288.81,Employed,575.0,Bachelor,56,Urban,1,6813.26,1244.31,40.0,Female,1
37988.01,Self-Employed,504.0,High School,51,Suburban,0,0.0,2110.73,39.0,Female,1
63496.04,Employed,493.0,Bachelor,64,Urban,3,19970.6,3801.56,57.0,Male,0
63166.54,Self-Employed,505.0,High School,25,Urban,0,15600.18,3600.82,32.0,Male,0
32470.1,Unemployed,546.0,Master,62,Urban,3,4849.85,1475.05,36.0,Female,0
88605.32,Employed,610.0,Bachelor,61,Suburban,5,4613.15,2476.43,39.0,Female,1
89565.87,Employed,638.0,PhD,38,Urban,4,41979.44,4536.62,70.0,Female,1
49640.77,Employed,519.0,Bachelor,27,Rural,1,5150.3,1548.44,50.0,Male,1
55477.66,Employed,479.0,Master,31,Rural,5,29400.03,2815.83,58.0,Female,1
71675.81,Unemployed,553.0,Master,63,Rural,5,12624.5,4356.27,74.0,Male,0
46677.78,Self-Employed,632.0,High School,21,Urban,2,27372.84,2512.01,30.0,Male,0
51917.62,Employed,504.0,Bachelor,25,Suburban,0,8814.95,1909.41,68.0,Male,1
67192.48,Employed,568.0,High School,24,Urban,5,7047.94,3152.97,64.0,Female,1
19991.63,Self-Employed,393.0,High School,28,Rural,4,8413.62,1044.03,19.0,Female,0
53825.02,Employed,527.0,Bachelor,56,Suburban,5,13709.68,1130.86,52.0,Female,1
59262.39,Employed,539.0,Bachelor,23,Urban,5,8730.15,3095.15,59.0,Female,0
57444.29,Self-Employed,570.0,Master,64,Urban,2,17191.39,3851.86,60.0,Male,1
23516.01,Employed,492.0,High School,38,Rural,0,10225.93,574.25,23.0,Male,0
44036.51,Unemployed,468.0,Master,44,Rural,2,15145.36,1203.3,40.0,Male,0
41322.71,Unemployed,502.0,High School,47,Suburban,2,3490.74,2653.23,58.0,Male,0
40814.17,Employed,522.0,High School,57,Suburban,1,24596.78,2089.41,46.0,Male,1
29302.89,Employed,470.0,High School,49,Suburban,4,228.62,439.74,17.0,Female,0
69841.22,Employed,535.0,Bachelor,23,Rural,4,33462.29,4206.3,50.0,Female,1
42921.92,Unemployed,580.0,Bachelor,58,Suburban,0,15346.31,1188.49,46.0,Female,0
48572.96,Employed,514.0,High School,24,Urban,5,16229.51,1270.13,38.0,Male,1
60812.82,Employed,580.0,High School,44,Suburban,1,21612.47,2731.59,77.0,Female,1
56626.1,Self-Employed,546.0,Bachelor,59,Rural,1,16270.67,992.91,51.0,Male,0
96838.22,Employed,556.0,Master,43,Urban,1,35059.32,4287.83,67.0,Male,1
63962.54,Employed,550.0,High School,39,Urban,0,26741.45,1911.18,47.0,Male,0
47152.02,Self-Employed,554.0,Master,35,Urban,0,16510.33,2098.59,39.0,Male,1
52118.91,Employed,626.0,Bachelor,56,Urban,1,22369.94,2723.33,74.0,Male,1
45836.42,Employed,504.0,Bachelor,50,Suburban,0,8337.72,2624.04,42.0,Female,0
58643.4,Employed,553.0,High School,57,Urban,1,27416.01,1339.83,43.0,Male,1
62447.66,Employed,603.0,Master,61,Suburban,1,17361.14,3363.56,50.0,Male,1
45090.69,Employed,594.0,Bachelor,47,Urban,4,25209.65,2277.18,26.0,Male,1
59837.1,Employed,529.0,Bachelor,36,Rural,1,35844.91,2529.65,54.0,Female,1
63001.76,Student,556.0,Master,47,Rural,5,5405.83,1366.69,56.0,Male,0
65458.98,Employed,617.0,Master,37,Suburban,5,31808.31,3309.25,43.0,Male,1
66141.88,Employed,591.0,Master,30,Suburban,2,24195.35,3227.85,47.0,Female,1
35486.65,Unemployed,570.0,Master,36,Urban,0,17741.1,670.49,26.0,Male,0
35161.94,Employed,576.0,High School,42,Rural,1,7810.48,2237.96,73.0,Female,1
44775.5,Student,562.0,Master,31,Suburban,0,22852.65,1420.48,48.0,Male,0
70378.8,Employed,580.0,Bachelor,35,Urban,0,11115.14,4414.32,77.0,Male,1
66840.4,Employed,538.0,Master,46,Rural,4,37363.69,2582.79,42.0,Male,1
53054.62,Employed,538.0,Bachelor,27,Urban,0,10771.8,1330.44,50.0,Female,0
45459.26,Employed,530.0,High School,25,Suburban,4,5095.69,1971.81,21.0,Male,1
8482.73,Unemployed,539.0,Bachelor,55,Urban,4,348.02,100.0,26.0,Female,0
76088.12,Student,590.0,Master,58,Suburban,2,21890.91,3521.96,83.0,Male,1
26718.31,Employed,520.0,Bachelor,35,Urban,1,370.5,554.15,44.0,Female,0
76328.21,Employed,537.0,Master,27,Urban,2,31809.7,1044.96,35.0,Male,1
51565.65,Employed,601.0,High School,41,Suburban,1,12209.67,1279.02,14.0,Male,0
43014.77,Employed,500.0,High School,28,Rural,2,3842.2,1846.04,47.0,Male,1
57877.11,Employed,543.0,Bachelor,60,Urban,1,21840.62,932.88,33.0,Female,1
49055.25,Employed,602.0,Bachelor,24,Suburban,5,14209.77,2280.97,59.0,Male,1
64792.23,Employed,606.0,Bachelor,43,Suburban,5,3451.45,2268.62,25.0,Female,1
47296.48,Employed,503.0,PhD,38,Rural,5,9136.04,1153.68,54.0,Female,1
60917.22,Self-Employed,512.0,Bachelor,41,Urban,5,19674.35,2860.99,42.0,Female,1
48833.55,Employed,534.0,Bachelor,55,Suburban,1,14668.11,2233.58,31.0,Male,1
44596.08,Employed,511.0,Bachelor,32,Rural,5,14287.4,1937.9,47.0,Female,1
60001.4,Employed,493.0,Master,61,Urban,2,32687.74,3320.43,79.0,Female,1
53519.67,Self-Employed,516.0,Bachelor,65,Urban,0,12687.31,2041.55,56.0,Female,0
64532.3,Self-Employed,442.0,Master,40,Rural,4,29196.92,1036.33,45.0,Female,1
57463.07,Employed,596.0,Bachelor,38,Urban,5,13779.33,2605.04,40.0,Female,1
59994.69,Unemployed,597.0,Master,31,Urban,4,29141.88,1526.4,64.0,Female,0
63673.45,Self-Employed,628.0,High School,57,Urban,0,24369.75,3251.71,56.0,Female,1
67631.52,Employed,586.0,Master,53,Rural,0,8089.48,2851.69,20.0,Male,0
69238.85,Employed,552.0,Master,41,Rural,0,22255.48,2984.47,61.0,Female,1
82373.96,Student,637.0,Master,51,Suburban,5,30731.5,3385.66,56.0,Male,1
25800.07,Employed,478.0,High School,37,Suburban,3,4525.63,1097.64,39.0,Female,0
82142.05,Employed,531.0,Master,51,Urban,4,18063.56,3380.24,70.0,Female,1
77172.69,Employed,577.0,High School,57,Urban,0,31307.91,3986.65,44.0,Male,1
68505.06,Employed,590.0,Bachelor,40,Urban,3,27667.18,2219.6,38.0,Male,1
88560.69,Self-Employed,563.0,Bachelor,50,Urban,2,34497.24,2278.99,44.0,Male,1
86606.33,Self-Employed,550.0,Bachelor,46,Urban,3,37516.38,4641.29,64.0,Male,1
33944.49,Unemployed,503.0,Bachelor,24,Suburban,4,18768.07,1474.56,33.0,Male,0
54093.36,Employed,569.0,Bachelor,23,Urban,3,18840.39,1172.75,26.0,Female,0
63959.11,Self-Employed,558.0,Bachelor,32,Urban,0,30801.49,1540.94,40.0,Female,1
48638.29,Employed,661.0,Bachelor,32,Urban,4,4962.42,2565.21,40.0,Female,0
82668.31,Unemployed,585.0,Bachelor,29,Urban,5,4541.38,3979.71,79.0,Male,0
73832.53,Employed,612.0,Bachelor,62,Urban,3,24371.06,2021.95,14.0,Male,1
62698.07,Employed,498.0,Bachelor,48,Urban,1,27734.1,2179.56,59.0,Male,1
13846.98,Student,519.0,High School,22,Urban,4,6595.51,100.0,5.0,Female,0
47778.78,Student,521.0,Bachelor,61,Suburban,3,26009.74,2248.77,45.0,Male,0
49215.26,Employed,543.0,Master,34,Suburban,5,8148.42,832.93,23.0,Male,1
58398.76,Employed,633.0,High School,65,Rural,3,25714.88,1944.38,21.0,Male,1
9467.05,Employed,470.0,High School,31,Suburban,4,784.83,184.97,55.0,Female,0
85755.87,Self-Employed,537.0,Master,24,Suburban,4,25009.98,4752.62,69.0,Male,1
52637.83,Employed,497.0,Master,26,Rural,0,28546.28,1454.53,43.0,Female,0
29624.19,Employed,523.0,Bachelor,38,Suburban,1,6090.96,1330.87,43.0,Female,1
62754.14,Employed,568.0,Master,62,Suburban,2,23079.74,1493.59,31.0,Female,1
58252.34,Unemployed,560.0,PhD,45,Urban,4,9090.06,1151.11,34.0,Male,0
46035.23,Student,481.0,Bachelor,26,Urban,1,10199.18,761.08,28.0,Male,0
59695.9,Student,650.0,High School,35,Urban,2,42539.78,657.51,30.0,Male,1
65713.19,Self-Employed,633.0,Bachelor,43,Urban,0,35347.92,2839.19,46.0,Male,1
74941.33,Employed,586.0,Master,45,Suburban,3,35402.72,2634.17,68.0,Female,1
58269.12,Employed,488.0,Bachelor,58,Urban,3,33603.31,1435.73,51.0,Male,1
57404.98,Employed,626.0,High School,23,Suburban,3,3849.48,3069.66,55.0,Male,1
43372.68,Employed,586.0,Master,21,Rural,3,27466.37,1630.53,28.0,Male,1
64871.54,Self-Employed,570.0,Master,53,Suburban,5,0.0,3223.32,57.0,Female,0
50626.87,Employed,599.0,Bachelor,25,Urban,0,25067.16,2118.63,8.0,Male,1
73794.55,Unemployed,556.0,PhD,51,Urban,4,30028.81,2133.95,35.0,Female,0
71132.58,Employed,532.0,Master,36,Urban,3,29515.63,1412.65,23.0,Male,1
68943.03,Employed,579.0,Master,38,Rural,2,5750.44,1409.24,36.0,Female,1
64934.84,Self-Employed,496.0,Master,27,Suburban,1,37958.77,2827.07,44.0,Female,1
78094.52,Employed,535.0,High School,55,Suburban,5,30596.93,3952.81,48.0,Male,1
43594.56,Employed,560.0,Master,29,Suburban,5,20802.51,1191.05,40.0,Male,1
55293.05,Self-Employed,563.0,Bachelor,21,Suburban,2,19609.49,3388.33,54.0,Male,0
52598.69,Employed,486.0,Master,47,Suburban,4,15296.66,2802.95,69.0,Male,1
39255.51,Employed,511.0,Master,27,Urban,0,19773.45,1352.54,29.0,Male,0
50624.56,Employed,485.0,Master,28,Urban,0,19086.55,1610.34,30.0,Female,1
63580.53,Unemployed,542.0,Master,30,Urban,5,5532.26,3456.41,50.0,Female,0
66547.37,Employed,541.0,Master,49,Suburban,5,22508.68,3796.26,58.0,Male,1
39703.43,Employed,575.0,High School,54,Rural,0,894.03,1585.38,43.0,Female,0
70602.52,Employed,567.0,Bachelor,62,Suburban,0,40564.63,4092.49,83.0,Male,1
48731.49,Employed,532.0,High School,65,Suburban,0,12675.62,2162.93,58.0,Female,1
57200.0,Student,537.0,Master,31,Rural,0,10815.98,3130.72,71.0,Male,0
62842.66,Employed,486.0,Bachelor,30,Urban,2,3360.78,2319.56,53.0,Female,0
46140.53,Unemployed,535.0,Bachelor,30,Urban,2,10213.15,1348.6,43.0,Female,0
20254.69,Unemployed,524.0,High School,29,Rural,3,7539.69,903.91,1.0,Male,0
70706.31,Employed,585.0,Bachelor,21,Rural,0,46165.13,3314.75,52.0,Male,1
38818.02,Self-Employed,560.0,Bachelor,47,Suburban,5,23704.84,821.93,34.0,Male,1
57710.3,Student,589.0,PhD,21,Urban,4,12901.13,2536.94,43.0,Female,1
60453.82,Student,658.0,Master,22,Rural,4,35302.4,2611.06,62.0,Female,1
52689.04,Employed,498.0,Bachelor,38,Suburban,5,24887.7,2178.94,26.0,Female,0
56537.2,Employed,565.0,Master,57,Suburban,1,25796.43,2911.05,65.0,Female,1
84326.61,Employed,609.0,High School,43,Urban,4,17001.16,5024.74,69.0,Female,1
72278.88,Employed,562.0,High School,38,Suburban,2,34809.25,2357.63,50.0,Male,1
57124.49,Employed,526.0,Bachelor,29,Rural,2,32753.88,2652.07,60.0,Male,1
44442.84,Employed,559.0,Master,51,Rural,4,24495.8,2034.32,18.0,Female,1
18473.73,Self-Employed,518.0,High School,35,Suburban,1,7646.39,455.39,42.0,Male,0
55629.93,Self-Employed,505.0,High School,65,Suburban,0,4554.63,2455.61,24.0,Female,0
77988.03,Employed,504.0,Bachelor,27,Suburban,2,22699.05,2912.51,54.0,Male,1
36936.56,Unemployed,504.0,High School,56,Suburban,4,8516.12,1707.35,25.0,Male,0
32339.5,Employed,489.0,Bachelor,51,Urban,0,2902.75,1132.06,28.0,Female,0
64404.79,Employed,592.0,Bachelor,37,Urban,5,17132.3,2914.18,42.0,Male,1
42697.24,Unemployed,493.0,Master,38,Urban,5,18068.34,1047.62,35.0,Male,0
61424.85,Employed,553.0,Bachelor,64,Suburban,2,30586.11,1721.59,46.0,Male,1
79151.41,Employed,509.0,High School,54,Urban,1,32536.21,3572.0,63.0,Female,1
46841.02,Student,470.0,High School,22,Urban,4,19636.63,2366.71,82.0,Female,0
35641.12,Unemployed,489.0,High School,45,Rural,1,7593.19,364.21,26.0,Male,0
46319.83,Unemployed,528.0,Master,54,Suburban,1,19507.77,978.22,41.0,Male,0
68217.12,Employed,534.0,Bachelor,37,Urban,4,31857.81,2204.88,44.0,Male,1
39154.73,Employed,536.0,High School,52,Urban,1,13966.04,2306.1,29.0,Female,1
75324.04,Employed,504.0,Master,49,Suburban,3,42960.76,4429.95,27.0,Male,1
63099.47,Employed,554.0,Master,35,Urban,1,18249.45,2215.25,31.0,Female,0
19666.17,Student,492.0,High School,21,Suburban,5,5481.36,1013.54,31.0,Female,0
63225.03,Employed,498.0,High School,22,Suburban,1,43294.51,2918.32,43.0,Male,1
30526.69,Self-Employed,527.0,Master,52,Urban,5,17091.88,1455.88,20.0,Female,0
46830.64,Employed,442.0,Bachelor,55,Suburban,4,12133.14,2880.3,44.0,Female,0
79199.81,Employed,555.0,Master,37,Urban,2,31163.03,5080.43,57.0,Male,1
69368.77,Employed,608.0,High School,42,Suburban,4,41780.88,1981.1,30.0,Male,1
73075.54,Employed,477.0,Master,44,Urban,5,23008.44,2052.18,55.0,Female,1
39918.7,Employed,560.0,High School,60,Urban,3,3040.86,2302.44,20.0,Female,1
42236.01,Student,481.0,Bachelor,44,Urban,5,17218.79,1377.07,45.0,Female,0
61369.12,Self-Employed,534.0,Master,46,Rural,5,24219.74,1729.43,39.0,Female,1
83408.02,Self-Employed,656.0,Bachelor,46,Urban,5,33114.12,1205.27,41.0,Male,1
63808.97,Employed,536.0,High School,26,Urban,5,5914.25,2826.26,54.0,Female,1
61918.94,Self-Employed,634.0,High School,52,Urban,5,25387.34,2296.65,50.0,Female,1
65981.29,Self-Employed,554.0,Master,61,Suburban,0,25331.74,2106.5,15.0,Male,0
37935.21,Employed,524.0,High School,25,Urban,3,,1378.84,37.0,Male,0
31909.38,Self-Employed,557.0,Bachelor,24,Rural,4,6265.77,515.85,43.0,Male,1
22481.01,Unemployed,530.0,High School,43,Suburban,0,13195.74,1095.19,47.0,Female,0
46491.46,Student,547.0,High School,55,Suburban,3,26339.46,1460.55,29.0,Male,0
40471.71,Student,510.0,Master,24,Suburban,5,1749.92,2669.77,31.0,Female,0
62582.62,Employed,493.0,High School,54,Urban,4,26174.18,2071.09,53.0,Male,1
43079.72,Employed,467.0,Bachelor,31,Rural,1,16580.8,1553.55,49.0,Male,0
41393.69,Employed,591.0,Bachelor,29,Rural,2,9930.42,1677.76,26.0,Female,0
75120.15,Employed,657.0,High School,29,Urban,5,34212.42,1410.8,22.0,Male,1
66503.08,Employed,574.0,Bachelor,44,Suburban,1,7180.65,3648.84,46.0,Female,0
57402.67,Employed,475.0,Bachelor,47,Urban,3,16449.5,742.83,26.0,Male,1
48541.73,Self-Employed,508.0,Master,41,Suburban,5,23733.0,925.26,40.0,Female,1
81233.72,Employed,552.0,Master,48,Suburban,2,6961.89,2984.55,69.0,Male,1
70146.9,Self-Employed,548.0,Master,57,Rural,0,37088.81,4050.83,35.0,Female,1
52587.96,Student,508.0,Bachelor,58,Urban,4,16289.6,1461.37,39.0,Female,0
64332.57,Employed,589.0,Master,53,Suburban,2,3611.78,1928.03,31.0,Male,1
42581.13,Employed,545.0,Bachelor,44,Suburban,2,6098.92,2526.26,57.0,Male,0
59777.46,Self-Employed,630.0,Bachelor,30,Urban,5,,2513.19,58.0,Male,1
68114.0,Employed,553.0,High School,54,Suburban,0,29155.73,1734.82,28.0,Female,1
33364.42,Employed,530.0,High School,51,Suburban,4,6702.21,1172.64,55.0,Female,0
31711.8,Unemployed,552.0,High School,61,Suburban,4,12527.07,1322.85,52.0,Male,0
71536.88,Employed,621.0,High School,53,Rural,5,32402.85,2270.29,42.0,Male,1
61436.51,Employed,505.0,Master,27,Urban,1,34212.64,1258.66,51.0,Female,1
57087.77,Student,573.0,PhD,46,Urban,0,30027.63,670.31,16.0,Female,0
29743.96,Employed,522.0,High School,53,Urban,5,9328.15,1315.15,68.0,Female,1
79348.01,Employed,600.0,Master,65,Urban,0,6346.87,2765.49,48.0,Male,1
43891.03,Employed,539.0,Bachelor,35,Suburban,5,10355.21,2102.27,62.0,Female,1
27680.95,Employed,590.0,Bachelor,59,Rural,4,613.88,1166.81,30.0,Female,0
63696.62,Employed,524.0,PhD,33,Urban,2,38865.42,1278.07,16.0,Male,1
62126.69,Employed,519.0,Bachelor,37,Suburban,2,32901.22,2208.8,51.0,Male,1
38298.42,Employed,491.0,Bachelor,64,Urban,4,8052.64,1259.59,28.0,Male,0
14212.77,Student,480.0,High School,28,Urban,5,7774.3,323.47,25.0,Female,0
53389.26,Self-Employed,563.0,High School,30,Rural,0,8555.33,3011.14,52.0,Male,1
61914.23,Employed,541.0,Master,58,Suburban,0,14649.46,2723.17,59.0,Female,0
16290.16,Unemployed,542.0,High School,62,Urban,4,697.99,994.54,43.0,Female,0
38180.99,Employed,528.0,High School,25,Rural,2,26234.8,1207.3,55.0,Female,1
71072.56,Self-Employed,570.0,High School,58,Suburban,2,23513.28,3845.82,49.0,Female,1
81225.98,Employed,529.0,Bachelor,47,Urban,0,37522.12,1806.24,62.0,Male,1
51388.5,Self-Employed,629.0,Bachelor,60,Suburban,1,8016.15,2344.46,57.0,Female,0
64242.73,Student,563.0,Master,43,Suburban,3,16755.32,4366.09,38.0,Male,0
59815.05,Employed,632.0,Bachelor,47,Urban,5,24058.69,1076.09,48.0,Female,1
32387.09,Employed,491.0,Master,31,Rural,0,3893.93,1721.79,42.0,Female,0
25702.66,Employed,547.0,Bachelor,47,Suburban,2,834.41,508.08,24.0,Female,1
41360.01,Employed,507.0,Bachelor,39,Suburban,4,18708.16,2197.97,53.0,Female,1
23363.7,Employed,588.0,High School,39,Rural,4,12256.01,1482.68,47.0,Male,0
49073.5,Self-Employed,594.0,High School,33,Suburban,2,18143.67,1104.01,48.0,Female,0
57750.91,Employed,594.0,Master,39,Urban,2,34053.49,2442.49,29.0,Female,1
72379.94,Employed,544.0,Master,28,Urban,5,42682.44,1851.94,9.0,Female,1
66610.44,Self-Employed,654.0,Bachelor,59,Urban,5,31132.64,2790.58,42.0,Male,1
78350.41,Self-Employed,677.0,Master,39,Urban,4,2793.19,1688.17,37.0,Male,1
52040.69,Employed,530.0,Master,38,Urban,4,7872.43,3601.54,58.0,Female,0
43735.08,Student,543.0,High School,65,Suburban,4,21152.67,1372.16,1.0,Male,0
23668.06,Unemployed,549.0,Bachelor,42,Urban,4,13186.76,910.58,47.0,Female,0
61670.1,Student,473.0,Master,52,Urban,3,37440.66,3724.61,64.0,Female,0
81339.81,Employed,641.0,Master,65,Suburban,0,36691.48,3866.71,65.0,Female,1
64847.3,Employed,612.0,High School,59,Urban,5,32238.2,2697.23,59.0,Male,1
44343.84,Employed,511.0,High School,36,Suburban,4,5542.05,1313.72,23.0,Female,1
52501.52,Student,450.0,Bachelor,44,Suburban,2,12013.52,2610.36,33.0,Male,0
11000.95,Unemployed,504.0,High School,58,Urban,3,1384.66,463.77,32.0,Male,0
21619.42,Self-Employed,453.0,High School,43,Urban,0,3868.41,768.6,34.0,Female,0
66001.94,Employed,496.0,Bachelor,33,Suburban,4,31628.51,1925.67,28.0,Male,1
81616.02,Employed,606.0,Bachelor,44,Urban,2,16829.78,3119.04,51.0,Male,1
30528.27,Self-Employed,576.0,High School,22,Suburban,5,18533.32,877.61,44.0,Male,0
59227.77,Employed,548.0,Bachelor,60,Suburban,1,26117.47,1124.45,44.0,Male,1
53582.95,Employed,603.0,High School,47,Suburban,4,30938.51,2002.69,45.0,Female,1
50781.72,Self-Employed,576.0,Bachelor,32,Urban,2,31514.13,1646.15,47.0,Male,0
55909.26,Self-Employed,491.0,Master,42,Rural,2,24121.79,3213.38,46.0,Male,0
75198.65,Employed,556.0,Master,22,Urban,1,35933.34,2388.63,53.0,Female,1
46622.8,Self-Employed,588.0,High School,56,Rural,5,17991.33,1380.36,46.0,Male,1
60688.36,Employed,535.0,Master,44,Rural,1,12577.41,2161.99,32.0,Female,1
51265.52,Employed,583.0,Master,21,Urban,4,23044.26,1889.13,71.0,Female,1
57532.76,Employed,537.0,Bachelor,41,Urban,0,28438.93,3218.07,73.0,Female,1
68031.3,Employed,603.0,PhD,24,Urban,4,19807.97,1827.8,53.0,Female,1
41834.27,Employed,552.0,High School,38,Rural,2,8232.72,2065.6,61.0,Male,1
41878.94,Employed,522.0,High School,59,Urban,5,17383.24,1810.42,47.0,Female,1
62590.8,Employed,594.0,Master,50,Rural,2,4118.45,3032.1,44.0,Male,0
45975.83,Employed,442.0,Bachelor,42,Suburban,0,18020.82,1187.93,57.0,Male,1
55181.35,Employed,503.0,Bachelor,44,Suburban,4,27536.67,3283.08,55.0,Female,1
43524.53,Self-Employed,514.0,High School,43,Suburban,2,4306.53,2045.85,55.0,Male,0
36018.59,Employed,577.0,High School,25,Urban,0,15143.46,2239.9,68.0,Female,1
20771.13,Employed,438.0,High School,31,Urban,0,7550.13,1071.27,16.0,Female,0
57211.99,Employed,553.0,High School,57,Rural,2,29069.21,1955.57,51.0,Female,0
89194.65,Employed,615.0,PhD,62,Urban,4,13938.54,3271.77,37.0,Male,1
34927.19,Employed,534.0,High School,27,Rural,5,11327.88,651.2,35.0,Male,1
49225.02,Unemployed,539.0,Master,62,Rural,2,5237.3,1453.79,30.0,Female,0
38628.19,Employed,500.0,High School,22,Urban,5,10598.07,1901.08,61.0,Male,0
50393.06,Employed,534.0,Bachelor,44,Suburban,4,14080.43,1668.92,50.0,Female,0
58045.8,Employed,600.0,Master,58,Urban,3,11736.05,378.13,37.0,Female,1
42836.14,Employed,503.0,High School,30,Suburban,0,4673.17,1659.11,19.0,Female,0
32692.7,Unemployed,423.0,High School,63,Rural,5,8063.12,258.51,28.0,Female,0
56971.89,Employed,576.0,Master,65,Rural,3,6237.85,1465.23,34.0,Male,1
39905.41,Self-Employed,598.0,High School,40,Rural,4,20039.57,2488.66,51.0,Male,1
41148.41,Unemployed,485.0,High School,61,Urban,0,23775.21,1633.31,36.0,Female,0
75925.62,Employed,643.0,PhD,24,Suburban,5,43010.73,2528.42,42.0,Male,1
53123.18,Employed,573.0,Bachelor,44,Urban,2,3130.49,2665.67,11.0,Male,1
56609.63,Self-Employed,502.0,Bachelor,34,Rural,2,17393.83,872.36,53.0,Male,1
66889.93,Self-Employed,537.0,High School,49,Urban,3,16672.84,3335.92,33.0,Male,1
69838.75,Employed,539.0,High School,32,Urban,0,17148.31,1253.74,30.0,Male,0
42130.57,Employed,541.0,Bachelor,40,Urban,4,22378.92,1486.94,49.0,Male,1
38881.84,Employed,521.0,Bachelor,53,Urban,1,17335.16,1553.98,55.0,Female,1
68986.26,Employed,621.0,High School,30,Urban,3,9989.78,1183.96,40.0,Male,1
59687.21,Self-Employed,597.0,Master,58,Urban,3,1451.79,1396.64,47.0,Female,0
29999.91,Employed,446.0,Master,51,Rural,4,14753.32,1279.68,55.0,Male,0
44051.48,Employed,472.0,Bachelor,32,Suburban,4,18405.56,2020.05,5.0,Female,0
55414.37,Employed,580.0,Bachelor,51,Urban,1,18088.74,1598.59,55.0,Male,1
50311.46,Employed,522.0,Bachelor,35,Suburban,4,11045.0,1750.83,10.0,Female,0
61473.93,Unemployed,553.0,Master,45,Urban,3,20811.91,1260.98,36.0,Male,0
37062.48,Employed,551.0,High School,48,Suburban,5,13104.74,695.38,44.0,Male,0
82032.99,Self-Employed,629.0,Master,57,Urban,2,35759.35,2943.05,34.0,Male,1
59276.99,Employed,502.0,Bachelor,36,Suburban,3,17720.68,1607.68,39.0,Female,1
46701.89,Employed,440.0,Master,41,Urban,0,23365.74,2230.04,1.0,Female,1
73207.89,Employed,573.0,PhD,40,Urban,2,9433.47,2346.63,26.0,Male,1
58420.01,Employed,518.0,High School,59,Suburban,5,4444.09,1401.99,29.0,Male,1
53593.43,Self-Employed,553.0,Bachelor,58,Suburban,4,28076.72,1270.45,25.0,Female,1
60684.6,Employed,556.0,Bachelor,30,Suburban,5,31954.85,1005.92,37.0,Female,1
33188.76,Unemployed,477.0,Bachelor,25,Urban,5,20099.61,672.9,63.0,Male,0
71321.52,Employed,669.0,Master,64,Suburban,1,33183.15,3350.5,63.0,Female,1
43023.07,Self-Employed,535.0,High School,28,Suburban,1,19024.28,658.26,51.0,Male,0
96192.48,Employed,585.0,Bachelor,30,Urban,0,23798.55,4041.77,61.0,Female,1
48208.22,Self-Employed,547.0,Master,26,Urban,3,22556.28,1193.67,19.0,Male,0
118469.26,Employed,666.0,PhD,28,Urban,4,36050.52,3761.12,71.0,Male,1
39732.78,Employed,501.0,High School,23,Urban,4,16210.65,1379.9,47.0,Male,1
78068.37,Student,689.0,PhD,48,Urban,5,28043.8,2398.96,54.0,Female,1
64411.61,Self-Employed,497.0,High School,43,Urban,2,38610.84,2330.94,58.0,Male,1
41356.52,Employed,467.0,Bachelor,25,Suburban,2,13290.43,1515.45,49.0,Female,0
53992.07,Self-Employed,478.0,High School,50,Suburban,3,14692.15,1083.2,45.0,Female,0
47562.85,Employed,541.0,Bachelor,28,Suburban,4,,1545.49,29.0,Female,1
53122.74,Self-Employed,570.0,High School,45,Suburban,5,12946.77,1686.76,27.0,Male,0
56218.01,Employed,539.0,High School,53,Urban,0,14761.76,1622.41,27.0,Male,1
29760.35,Unemployed,537.0,Bachelor,40,Rural,2,7944.23,1335.03,1.0,Male,0
56513.55,Employed,574.0,Master,34,Suburban,1,14471.66,2746.9,40.0,Female,1
58113.09,Self-Employed,540.0,Bachelor,61,Suburban,1,23797.91,1960.96,52.0,Female,0
28442.67,Unemployed,533.0,Bachelor,57,Urban,0,7611.37,591.89,54.0,Male,0
27008.58,Student,503.0,Bachelor,58,Suburban,3,17717.84,1388.98,30.0,Female,0
71324.64,Self-Employed,557.0,Bachelor,27,Suburban,3,12319.3,2845.84,47.0,Male,1
55425.79,Self-Employed,530.0,High School,33,Suburban,2,11987.64,2987.38,41.0,Male,0
31399.99,Employed,529.0,High School,38,Suburban,3,15073.16,999.4,42.0,Male,0
35950.8,Employed,579.0,Bachelor,28,Rural,4,1721.38,929.78,18.0,Female,1
30952.34,Employed,463.0,Master,38,Rural,3,9122.79,1579.57,34.0,Male,0
64645.35,Employed,544.0,High School,32,Suburban,5,9913.45,2328.06,34.0,Male,1
61328.64,Employed,568.0,Bachelor,42,Rural,1,11939.79,3662.12,62.0,Female,1
40668.64,Self-Employed,610.0,Master,52,Rural,5,17893.89,1148.52,14.0,Female,1
79744.76,Employed,607.0,Master,39,Urban,0,4751.02,823.46,44.0,Male,1
80782.52,Employed,552.0,High School,53,Suburban,0,34360.46,3809.58,67.0,Male,1
46909.92,Employed,499.0,Master,38,Urban,3,19152.81,1558.04,20.0,Male,1
32773.49,Unemployed,564.0,Bachelor,43,Urban,2,8161.1,1659.01,33.0,Male,0
38582.13,Employed,514.0,Bachelor,35,Urban,3,15248.35,1326.09,28.0,Male,0
77228.16,Employed,528.0,Master,24,Suburban,5,27282.86,4168.82,79.0,Female,1
52559.14,Employed,594.0,High School,21,Urban,2,36044.23,1607.04,63.0,Male,1
60028.43,Employed,573.0,Master,29,Urban,5,5420.34,2761.7,62.0,Female,1
65411.27,Employed,513.0,Bachelor,48,Urban,4,29681.67,3102.57,56.0,Male,1
58645.99,Employed,497.0,Master,25,Suburban,0,10581.73,1289.48,55.0,Male,1
36975.52,Unemployed,428.0,Master,42,Rural,2,21830.9,1593.44,52.0,Male,0
57121.44,Self-Employed,527.0,Bachelor,26,Rural,0,23892.44,2248.5,70.0,Male,1
44848.83,Employed,551.0,High School,37,Urban,5,5102.14,2072.99,46.0,Male,1
46965.22,Employed,583.0,High School,33,Urban,2,18121.8,604.61,1.0,Male,1
56652.2,Employed,573.0,Master,30,Rural,4,0.0,1345.96,34.0,Female,0
57370.1,Self-Employed,496.0,Bachelor,44,Urban,0,28838.48,1729.53,52.0,Female,1
57024.67,Student,542.0,Master,61,Rural,2,16012.19,1539.22,38.0,Male,1
63748.42,Employed,629.0,Bachelor,50,Suburban,4,10076.49,2595.62,66.0,Female,1
32506.16,Employed,497.0,Bachelor,31,Suburban,5,14020.26,919.14,27.0,Female,0
72119.27,Student,611.0,Master,59,Urban,0,21669.89,2103.17,59.0,Female,1
70886.75,Employed,603.0,Master,62,Urban,2,16030.24,1947.34,23.0,Male,1
39025.09,Student,563.0,Bachelor,55,Suburban,5,16572.68,2110.44,51.0,Male,0
40446.89,Employed,550.0,High School,30,Urban,2,7650.37,1394.97,30.0,Male,1
90837.51,Self-Employed,637.0,Master,28,Rural,1,21396.4,4593.01,38.0,Male,1
102397.95,Employed,553.0,Master,64,Suburban,4,18399.02,4744.33,58.0,Male,1
65992.71,Unemployed,636.0,Bachelor,61,Urban,4,39150.3,3012.14,32.0,Female,0
39821.24,Unemployed,449.0,Bachelor,39,Urban,5,8712.71,243.32,48.0,Female,0
56161.58,Employed,567.0,High School,41,Suburban,5,27487.67,2785.46,44.0,Male,1
82365.54,Self-Employed,589.0,Bachelor,44,Urban,0,40760.35,4094.23,57.0,Male,1
47388.74,Employed,513.0,High School,60,Suburban,4,14456.09,1573.17,42.0,Male,1
59119.54,Employed,514.0,High School,34,Suburban,1,18638.76,2940.42,58.0,Male,1
62408.29,Employed,587.0,Master,51,Rural,5,14450.45,2587.44,38.0,Female,1
90781.52,Employed,639.0,Bachelor,63,Urban,4,,4069.62,72.0,Male,1
87544.92,Employed,594.0,Master,34,Urban,1,35962.67,3476.88,83.0,Female,1
48930.43,Employed,530.0,Bachelor,33,Rural,2,11709.1,1803.2,27.0,Female,0
69875.76,Employed,631.0,High School,27,Suburban,4,10968.63,1878.22,68.0,Female,1
54942.36,Employed,533.0,Bachelor,53,Suburban,5,15121.97,2785.21,41.0,Female,1
38813.33,Employed,527.0,High School,33,Suburban,5,4368.7,2126.0,38.0,Female,1
50719.95,Employed,536.0,Bachelor,21,Rural,2,0.0,1399.69,55.0,Male,0
52211.17,Unemployed,659.0,Master,43,Urban,0,18240.59,2357.79,30.0,Male,0
54224.25,Employed,513.0,Master,46,Urban,5,27293.27,2148.4,55.0,Female,0
39235.72,Unemployed,567.0,Master,21,Suburban,5,20679.14,733.45,47.0,Male,0
44349.25,Employed,460.0,Master,54,Urban,1,4888.79,2221.63,45.0,Female,0
50662.76,Employed,502.0,Master,46,Rural,3,14611.61,890.48,38.0,Male,1
65518.2,Employed,553.0,Bachelor,42,Urban,5,10725.94,1735.67,36.0,Male,1
77632.07,Employed,578.0,Bachelor,36,Urban,1,34066.11,2336.7,58.0,Male,1
69710.48,Self-Employed,560.0,Bachelor,49,Urban,4,6481.27,2182.05,40.0,Female,1
53447.6,Employed,545.0,High School,54,Rural,2,18811.81,2077.96,62.0,Male,1
36060.89,Employed,494.0,Bachelor,55,Suburban,5,12045.04,1067.29,58.0,Male,1
57084.96,Employed,613.0,Master,38,Urban,2,15372.75,2548.13,26.0,Male,1
45038.36,Self-Employed,493.0,High School,43,Urban,0,7590.19,2184.16,26.0,Female,0
88442.5,Employed,633.0,PhD,32,Urban,5,35759.57,4785.89,56.0,Female,1
45647.19,Employed,569.0,High School,30,Urban,2,11049.05,2038.79,31.0,Male,1
44703.66,Employed,494.0,Master,59,Suburban,1,16050.13,2103.39,35.0,Female,0
99724.32,Employed,599.0,PhD,38,Urban,1,55631.61,5370.5,50.0,Male,1
31976.01,Student,519.0,Bachelor,33,Urban,2,2899.75,1142.44,70.0,Female,0
53081.94,Employed,624.0,Master,53,Urban,4,14450.08,988.08,57.0,Male,1
70410.03,Employed,557.0,Master,52,Suburban,2,20750.93,1756.89,31.0,Male,1
62248.88,Employed,725.0,Master,33,Suburban,1,19292.2,2306.22,18.0,Female,1
48498.11,Student,577.0,PhD,28,Suburban,2,13212.3,2532.22,39.0,Female,0
59005.52,Employed,573.0,Bachelor,49,Suburban,3,24544.23,2422.87,28.0,Male,1
35110.89,Self-Employed,563.0,Bachelor,62,Rural,4,13465.61,2103.78,56.0,Female,1
45326.29,Self-Employed,461.0,Bachelor,27,Suburban,1,10947.35,1377.63,43.0,Female,0
54458.06,Employed,604.0,Bachelor,31,Rural,1,10102.35,2829.93,41.0,Male,1
22462.16,Self-Employed,446.0,Bachelor,62,Suburban,4,6783.77,1320.67,40.0,Female,0
64325.98,Employed,604.0,High School,53,Urban,2,26914.99,1221.32,24.0,Female,1
34406.44,Employed,496.0,Bachelor,48,Rural,4,10192.82,1045.43,37.0,Male,1
48917.16,Employed,507.0,Master,36,Suburban,2,13303.53,1516.26,67.0,Female,1
82002.3,Employed,670.0,Master,42,Suburban,0,27555.16,5392.11,52.0,Male,1
82539.67,Employed,587.0,PhD,29,Urban,5,32514.41,3650.36,55.0,Female,1
53309.85,Self-Employed,480.0,High School,57,Urban,4,14218.34,1287.35,30.0,Male,1
27377.14,Self-Employed,556.0,Bachelor,43,Rural,0,651.9,1229.76,29.0,Male,0
28914.79,Unemployed,460.0,Bachelor,56,Urban,0,16013.0,1036.53,53.0,Female,0
46757.65,Employed,601.0,High School,60,Urban,2,21674.13,1339.3,23.0,Female,1
55847.24,Employed,552.0,Bachelor,25,Urban,5,28294.3,1233.72,38.0,Female,1
72121.28,Employed,519.0,Bachelor,59,Suburban,1,8793.76,3673.72,40.0,Female,1
90914.4,Self-Employed,640.0,Master,34,Rural,5,33142.17,2042.98,66.0,Male,1
60222.8,Employed,583.0,High School,35,Suburban,2,42452.13,3428.18,42.0,Male,1
54984.13,Employed,456.0,Master,41,Rural,1,32974.8,2819.29,30.0,Male,1
83216.2,Self-Employed,589.0,Master,34,Suburban,0,6537.05,3065.42,48.0,Male,1
59156.46,Self-Employed,571.0,Master,36,Urban,2,1525.15,2071.24,43.0,Male,0
10644.59,Employed,499.0,High School,52,Urban,1,6709.06,452.05,54.0,Female,0
31257.0,Employed,510.0,High School,35,Urban,3,2903.36,1519.59,34.0,Female,0
39421.17,Employed,563.0,PhD,48,Suburban,5,7487.52,2127.61,52.0,Male,0
46242.56,Self-Employed,565.0,High School,36,Urban,4,12577.32,2914.59,35.0,Male,1
45325.74,Self-Employed,539.0,High School,35,Urban,1,0.0,1717.15,60.0,Female,0
45109.93,Self-Employed,527.0,PhD,27,Rural,5,18226.77,3035.46,63.0,Male,0
54188.28,Employed,557.0,Master,59,Suburban,5,10210.38,2814.29,57.0,Male,1
48604.65,Employed,515.0,Master,26,Urban,2,8808.0,2313.11,59.0,Male,1
49094.96,Employed,497.0,High School,45,Suburban,2,23125.3,1308.9,45.0,Male,1
46197.72,Employed,489.0,Bachelor,32,Suburban,2,15245.06,2641.09,50.0,Male,0
59149.09,Student,553.0,Master,65,Rural,2,30777.18,1692.37,26.0,Female,0
61545.27,Employed,523.0,Bachelor,24,Suburban,0,0.0,3796.34,44.0,Male,0
74071.81,Employed,572.0,High School,40,Urban,5,29579.7,1977.1,58.0,Female,1
47178.52,Employed,600.0,High School,43,Urban,2,14264.75,1471.69,54.0,Male,1
90165.49,Employed,593.0,Bachelor,65,Urban,0,58025.59,2261.24,60.0,Female,1
51037.8,Employed,552.0,High School,27,Suburban,5,10656.93,1208.29,35.0,Male,1
59073.03,Employed,547.0,Master,58,Suburban,0,20895.2,1696.55,69.0,Male,0
85131.04,Self-Employed,654.0,High School,24,Suburban,5,13423.01,2140.04,43.0,Male,1
8572.41,Student,560.0,High School,34,Suburban,0,4208.81,915.4,46.0,Male,0
49709.82,Unemployed,523.0,PhD,58,Urban,2,8561.83,1666.52,85.0,Male,0
34024.27,Student,555.0,PhD,37,Urban,3,5814.92,1520.94,35.0,Female,0
34425.87,Employed,616.0,Bachelor,47,Urban,1,11574.71,1373.52,53.0,Male,1
23992.96,Student,455.0,Master,38,Urban,3,8785.23,1423.7,19.0,Male,0
60251.36,Employed,603.0,High School,61,Suburban,3,7784.88,3009.54,44.0,Male,0
31064.21,Employed,439.0,Bachelor,25,Rural,5,10790.88,856.87,48.0,Female,1
46178.37,Employed,540.0,High School,65,Urban,2,14029.77,1138.32,31.0,Female,0
68378.74,Employed,565.0,Bachelor,31,Suburban,5,16154.45,861.01,40.0,Female,1
70950.18,Self-Employed,498.0,Master,47,Urban,4,2029.98,1449.94,46.0,Female,1
69208.8,Employed,621.0,Master,32,Suburban,4,39183.48,1748.68,46.0,Female,1
68207.32,Employed,577.0,High School,56,Urban,3,32755.89,4262.04,23.0,Female,1
83141.45,Employed,550.0,Bachelor,52,Suburban,1,31358.74,4766.67,92.0,Male,1
55223.97,Employed,567.0,PhD,28,Urban,3,9984.57,3329.5,35.0,Female,0
45248.04,Unemployed,578.0,Bachelor,32,Urban,4,16844.52,364.8,25.0,Female,0
46916.75,Employed,461.0,High School,52,Suburban,2,16823.21,2993.71,26.0,Male,1
55799.87,Employed,411.0,Bachelor,43,Urban,3,31720.91,2611.66,33.0,Female,1
34327.87,Self-Employed,520.0,Bachelor,45,Suburban,3,486.26,312.65,35.0,Male,0
34020.77,Unemployed,487.0,Bachelor,37,Urban,3,14298.97,1595.97,58.0,Male,0
48658.82,Employed,603.0,Bachelor,51,Rural,4,21627.19,2133.56,36.0,Male,1
79453.81,Employed,570.0,Bachelor,62,Urban,4,30106.71,2117.04,47.0,Female,1
22670.45,Student,519.0,Bachelor,25,Suburban,3,0.0,455.7,42.0,Female,0
19218.18,Employed,492.0,Bachelor,52,Rural,1,8302.12,1018.03,23.0,Male,0
50908.49,Employed,476.0,High School,63,Suburban,4,14151.41,2059.81,17.0,Male,0
35148.52,Employed,525.0,High School,30,Urban,0,7070.55,1159.9,26.0,Male,1
56906.35,Employed,495.0,Bachelor,39,Suburban,5,11645.38,1602.18,62.0,Male,1
60911.34,Student,498.0,Master,46,Urban,4,33436.11,2001.66,32.0,Female,1
50502.77,Student,496.0,Master,55,Suburban,1,18944.71,1965.11,33.0,Male,0
47531.33,Employed,488.0,High School,51,Urban,0,3144.08,2581.6,52.0,Male,0
54651.59,Self-Employed,542.0,Bachelor,65,Suburban,0,6852.31,2189.42,55.0,Male,0
43710.99,Unemployed,518.0,Bachelor,46,Rural,4,22624.52,2479.76,29.0,Female,0
44680.0,Employed,550.0,Bachelor,60,Urban,0,25888.37,1816.43,54.0,Male,1
66927.23,Self-Employed,498.0,Bachelor,44,Urban,0,22073.98,2835.9,55.0,Female,1
47933.39,Student,530.0,PhD,35,Urban,4,18922.18,2453.91,37.0,Male,1
60031.06,Employed,537.0,High School,51,Suburban,2,17189.35,1797.37,15.0,Male,1
34853.65,Employed,532.0,Bachelor,39,Urban,2,7953.3,1436.23,53.0,Female,1
65137.66,Self-Employed,577.0,Bachelor,50,Suburban,1,23460.78,2665.67,52.0,Male,1
51471.93,Self-Employed,554.0,Bachelor,50,Suburban,3,19626.67,1009.71,42.0,Female,1
48448.31,Employed,498.0,High School,24,Rural,1,15841.29,1197.35,19.0,Male,1
72384.15,Employed,578.0,Bachelor,45,Urban,0,12959.44,3516.21,85.0,Female,1
35683.59,Self-Employed,501.0,High School,21,Urban,2,8395.12,1807.1,28.0,Female,0
65624.23,Employed,626.0,Master,39,Urban,5,17213.08,2276.96,37.0,Female,1
43549.51,Unemployed,540.0,Bachelor,50,Suburban,3,18926.38,1139.98,54.0,Male,0
33514.83,Unemployed,525.0,Bachelor,50,Urban,3,6903.41,1659.19,43.0,Female,0
84751.84,Employed,537.0,PhD,25,Urban,1,38388.66,2036.39,47.0,Female,1
72947.32,Self-Employed,551.0,Master,61,Urban,0,14581.67,1587.38,24.0,Male,1
48301.07,Self-Employed,554.0,Bachelor,54,Suburban,4,10945.58,1687.1,23.0,Male,1
85910.98,Employed,592.0,PhD,34,Rural,2,12412.66,1753.49,48.0,Female,1
78428.44,Employed,581.0,Master,41,Urban,0,21764.62,2962.94,43.0,Male,1
37361.49,Employed,448.0,High School,26,Urban,1,8413.28,1243.04,69.0,Female,0
25211.07,Unemployed,473.0,Bachelor,37,Urban,0,7452.13,340.07,18.0,Female,0
38707.31,Unemployed,516.0,Bachelor,51,Urban,5,12312.86,663.05,31.0,Male,0
57712.17,Employed,610.0,Bachelor,60,Rural,5,21939.61,1427.01,44.0,Female,1
9798.39,Unemployed,402.0,Master,47,Suburban,5,0.0,100.0,28.0,Female,0
46992.36,Employed,493.0,Bachelor,33,Suburban,4,13511.83,811.07,26.0,Male,1
34337.83,Employed,437.0,High School,61,Rural,4,7977.43,1387.73,42.0,Female,0
37435.19,Employed,541.0,Bachelor,45,Suburban,2,14771.7,2211.39,76.0,Male,1
34673.49,Unemployed,576.0,Master,54,Urban,2,10101.69,1940.86,34.0,Male,0
57059.52,Employed,571.0,Bachelor,52,Suburban,0,31421.76,2068.74,20.0,Female,1
44666.32,Self-Employed,563.0,High School,38,Urban,5,21854.8,1902.09,52.0,Male,0
51845.11,Employed,501.0,Bachelor,21,Urban,0,11860.46,2115.83,39.0,Female,0
34320.4,Employed,539.0,Bachelor,49,Rural,1,14035.03,1141.23,25.0,Male,0
50797.25,Employed,511.0,High School,61,Urban,2,238.38,510.14,46.0,Male,1
36439.04,Employed,528.0,Bachelor,59,Suburban,3,15739.24,1212.03,47.0,Male,1
51885.45,Unemployed,570.0,High School,59,Urban,5,18014.87,2789.35,38.0,Female,0
84149.92,Employed,580.0,Bachelor,36,Urban,3,45702.7,3027.73,25.0,Female,1
39902.51,Employed,567.0,High School,61,Suburban,4,3300.44,1518.68,56.0,Female,1
30163.4,Employed,509.0,High School,21,Suburban,2,12740.95,876.55,29.0,Female,0
65819.04,Self-Employed,580.0,Bachelor,35,Suburban,5,20513.37,1462.82,46.0,Female,1
58885.46,Employed,642.0,High School,49,Urban,1,4208.51,3315.49,49.0,Female,1
80121.18,Self-Employed,610.0,High School,35,Urban,2,36098.69,2435.36,54.0,Male,1
87116.17,Employed,564.0,Bachelor,22,Suburban,1,9406.67,4989.12,63.0,Female,1
16597.89,Employed,475.0,High School,28,Suburban,1,6459.14,1466.83,62.0,Female,0
44379.89,Unemployed,576.0,High School,63,Suburban,4,20448.62,935.19,49.0,Female,0
55662.38,Employed,600.0,Bachelor,40,Suburban,4,21234.06,1604.01,13.0,Male,1
61236.33,Self-Employed,559.0,Bachelor,28,Rural,4,5996.0,1844.35,39.0,Male,1
64667.73,Self-Employed,497.0,Bachelor,48,Suburban,0,18110.02,3201.61,53.0,Female,0
87038.72,Self-Employed,555.0,PhD,37,Urban,5,39066.93,2462.74,41.0,Male,1
74005.54,Employed,587.0,Bachelor,38,Suburban,5,6008.93,2031.07,63.0,Male,1
44595.96,Self-Employed,563.0,Bachelor,63,Suburban,4,3803.4,1173.44,48.0,Female,0
48706.79,Employed,588.0,Master,45,Rural,2,12543.97,1797.69,15.0,Male,1
79803.7,Employed,496.0,Bachelor,24,Urban,0,30550.32,1398.17,36.0,Male,1
53924.08,Employed,589.0,Master,63,Suburban,2,16221.54,2172.44,46.0,Male,1
89920.98,Employed,666.0,Bachelor,21,Urban,0,41786.37,1637.8,31.0,Male,1
43534.37,Employed,428.0,Bachelor,51,Suburban,3,19359.18,2293.65,57.0,Female,0
51287.46,Self-Employed,546.0,Master,25,Rural,4,29721.6,1943.88,53.0,Female,0
40143.85,Employed,565.0,High School,33,Rural,0,22603.27,1092.85,46.0,Female,1
42884.09,Employed,471.0,Master,65,Urban,1,5916.79,1487.28,53.0,Female,0
34927.37,Employed,501.0,Bachelor,28,Urban,3,4875.6,1996.59,65.0,Female,0
72680.52,Employed,602.0,Bachelor,64,Suburban,1,34053.59,1180.35,53.0,Male,1
29199.42,Employed,491.0,Bachelor,34,Suburban,5,18562.43,1123.41,53.0,Female,1
82794.94,Self-Employed,575.0,High School,38,Rural,2,36617.25,2348.38,46.0,Male,1
52588.11,Employed,558.0,High School,63,Urban,4,4200.26,1653.9,35.0,Male,1
23559.84,Unemployed,454.0,Master,54,Rural,4,1934.23,724.94,69.0,Female,0
61303.27,Employed,513.0,Bachelor,34,Suburban,3,36508.51,3868.82,61.0,Female,1
33071.39,Employed,542.0,Master,54,Urban,3,3613.14,1208.9,27.0,Male,1
44996.48,Employed,580.0,High School,42,Urban,3,23641.99,2480.3,46.0,Female,1
47919.88,Employed,560.0,High School,25,Suburban,1,13691.85,1112.57,35.0,Male,1
28006.93,Student,574.0,Bachelor,32,Urban,1,17403.2,875.78,52.0,Male,0
21523.28,Unemployed,523.0,High School,31,Suburban,5,5088.74,1084.83,36.0,Male,0
81890.35,Employed,673.0,Bachelor,42,Suburban,2,49738.67,4394.01,34.0,Male,1
65748.75,Employed,570.0,Master,61,Suburban,5,15376.76,3408.9,61.0,Female,0
55992.01,Unemployed,565.0,Master,46,Urban,3,29152.88,2193.08,38.0,Male,0
43197.61,Employed,553.0,Bachelor,28,Rural,4,4268.76,704.05,4.0,Male,0
24149.01,Student,479.0,Bachelor,48,Suburban,1,6334.68,263.81,50.0,Male,0
51384.1,Employed,512.0,Bachelor,44,Suburban,1,5077.72,2730.86,29.0,Female,0
18135.66,Employed,459.0,Bachelor,38,Suburban,2,,411.16,22.0,Female,1
38547.8,Employed,503.0,Bachelor,31,Suburban,4,0.0,1327.53,43.0,Female,0
36212.5,Employed,618.0,Bachelor,53,Rural,4,16518.57,769.89,41.0,Male,1
16418.51,Employed,579.0,High School,46,Suburban,3,648.61,295.9,28.0,Female,0
56738.26,Employed,539.0,High School,40,Suburban,1,,2541.36,53.0,Female,1
56042.41,Unemployed,534.0,PhD,29,Urban,0,17291.5,2805.58,62.0,Male,0
60704.95,Employed,463.0,Master,26,Urban,0,33824.22,2414.15,33.0,Male,0
75065.25,Self-Employed,536.0,Master,30,Suburban,4,19543.12,2395.95,48.0,Male,0
37335.93,Employed,490.0,Bachelor,48,Urban,5,25171.31,2303.07,48.0,Male,0
38846.32,Employed,509.0,Bachelor,23,Suburban,5,12217.98,1102.05,58.0,Male,0
71759.88,Employed,550.0,Bachelor,24,Rural,4,13277.98,3143.69,54.0,Male,0
102221.11,Self-Employed,629.0,Master,65,Urban,2,57063.22,3813.65,26.0,Male,1
58263.4,Self-Employed,591.0,High School,33,Urban,4,13596.26,2285.6,81.0,Female,1
46073.58,Unemployed,506.0,Bachelor,26,Suburban,0,16027.79,2423.48,49.0,Male,0
25272.12,Unemployed,574.0,High School,64,Urban,2,10372.42,991.74,44.0,Male,0
38617.04,Employed,544.0,High School,39,Suburban,1,18971.17,1934.6,43.0,Female,1
54409.04,Employed,591.0,High School,21,Suburban,5,11903.76,1776.84,48.0,Male,1
79593.47,Employed,567.0,Bachelor,39,Suburban,3,7884.13,4443.49,63.0,Male,1
71398.15,Self-Employed,600.0,Master,21,Suburban,5,40141.64,2560.44,59.0,Male,1
89369.37,Employed,621.0,PhD,34,Suburban,4,19398.16,1910.62,42.0,Male,1
28256.57,Unemployed,580.0,Bachelor,63,Urban,4,9593.72,676.55,2.0,Male,0
56253.88,Student,583.0,Bachelor,56,Urban,1,33688.66,2950.38,43.0,Male,0
59929.84,Employed,597.0,Master,39,Urban,0,4122.73,720.51,35.0,Male,1
45102.28,Employed,514.0,High School,36,Rural,1,7232.11,2386.3,36.0,Female,0
75237.31,Employed,634.0,Master,47,Urban,4,3660.13,3464.59,36.0,Female,1
62031.5,Employed,504.0,Master,49,Urban,5,34349.53,2987.95,43.0,Male,1
46743.83,Employed,514.0,Bachelor,55,Urban,4,26062.53,3145.1,63.0,Male,1
59438.94,Employed,571.0,High School,45,Urban,5,34728.73,869.48,44.0,Male,1
27978.42,Unemployed,461.0,High School,24,Urban,0,3317.33,1088.62,20.0,Female,0
55041.95,Self-Employed,510.0,Bachelor,59,Suburban,5,12217.41,2361.75,20.0,Female,0
79857.16,Employed,546.0,Master,36,Urban,0,38567.18,3924.88,28.0,Male,1
78609.29,Employed,603.0,Bachelor,57,Suburban,1,43565.24,2246.43,50.0,Male,1
69948.98,Self-Employed,566.0,Bachelor,57,Urban,4,,4473.86,34.0,Male,0
62979.11,Employed,607.0,Bachelor,30,Suburban,5,12209.99,1483.52,41.0,Female,1
38494.34,Unemployed,613.0,Master,44,Urban,0,9065.05,1839.5,54.0,Female,0
53797.4,Employed,562.0,Bachelor,54,Suburban,2,25291.29,2070.85,51.0,Male,1
34817.55,Student,500.0,High School,37,Rural,4,2339.37,1564.11,37.0,Female,0
54551.27,Self-Employed,568.0,Bachelor,56,Urban,3,13766.98,1289.96,64.0,Male,0
37755.4,Unemployed,487.0,Bachelor,44,Rural,2,22565.1,1603.1,33.0,Female,0
43765.74,Self-Employed,533.0,Bachelor,62,Urban,2,13107.49,661.4,40.0,Female,0
87940.24,Employed,710.0,Bachelor,61,Suburban,1,7187.99,3561.34,47.0,Male,1
53905.17,Employed,541.0,High School,64,Suburban,5,20388.29,1819.61,41.0,Male,1
65920.08,Self-Employed,581.0,Master,30,Urban,3,34075.48,3703.59,65.0,Female,1
62760.92,Employed,556.0,Master,54,Urban,1,28147.24,1133.95,50.0,Male,1
102695.31,Employed,601.0,PhD,54,Urban,5,64411.88,3192.1,23.0,Female,1
56200.65,Employed,575.0,PhD,41,Suburban,5,29266.68,2663.07,32.0,Male,1
47454.75,Employed,484.0,Bachelor,28,Urban,0,10512.85,2195.87,58.0,Female,1
67803.88,Employed,563.0,Bachelor,34,Rural,5,12933.89,1976.14,25.0,Male,1
65594.85,Employed,506.0,Bachelor,44,Urban,5,6187.68,3191.8,35.0,Male,1
38348.48,Employed,597.0,High School,59,Rural,5,,1263.14,46.0,Male,1
69778.69,Employed,617.0,PhD,62,Urban,0,25100.71,2065.98,59.0,Male,1
26636.64,Unemployed,477.0,High School,62,Suburban,2,7238.68,455.77,50.0,Male,0
59532.09,Employed,475.0,Bachelor,63,Urban,5,20418.99,1427.79,18.0,Female,1
65304.47,Unemployed,589.0,Bachelor,25,Urban,2,6871.19,3025.75,46.0,Male,0
64077.43,Student,563.0,Master,65,Urban,2,9001.69,3108.69,44.0,Male,0
74350.03,Employed,680.0,Bachelor,45,Suburban,1,21667.86,2577.27,38.0,Male,1
55485.89,Employed,616.0,Bachelor,25,Urban,2,12130.72,2925.75,26.0,Male,1
62735.94,Employed,591.0,Bachelor,26,Suburban,2,4208.88,1505.71,63.0,Female,1
8000.0,Unemployed,461.0,Bachelor,32,Rural,2,4734.05,100.0,33.0,Female,0
72732.06,Employed,565.0,Master,32,Urban,1,23981.21,2166.11,31.0,Male,1
59769.41,Employed,572.0,Bachelor,25,Urban,0,27747.35,1677.54,48.0,Female,0
93321.25,Employed,622.0,Master,38,Urban,3,13909.38,3472.41,49.0,Female,1
71363.78,Self-Employed,543.0,High School,45,Urban,0,39656.16,2148.95,58.0,Female,1
55123.4,Employed,491.0,Bachelor,35,Suburban,5,26445.65,3602.76,45.0,Male,1
62742.9,Employed,650.0,PhD,51,Suburban,0,14934.32,1139.22,34.0,Male,1
30154.62,Unemployed,518.0,Bachelor,53,Urban,5,921.16,1936.67,45.0,Male,0
53580.32,Employed,569.0,Bachelor,38,Urban,3,23697.9,1023.2,50.0,Female,1
72526.11,Self-Employed,538.0,Bachelor,24,Suburban,2,28535.03,3019.45,35.0,Female,1
74223.61,Self-Employed,641.0,Master,35,Urban,5,35876.81,1813.74,23.0,Male,1
58770.13,Employed,604.0,High School,48,Suburban,2,17990.7,3227.85,58.0,Male,1
55168.1,Employed,555.0,High School,38,Rural,0,33346.24,1127.04,44.0,Female,0
51087.64,Employed,556.0,Master,47,Urban,3,24336.5,1701.19,44.0,Female,1
33364.11,Student,534.0,Bachelor,58,Suburban,2,8338.95,1968.89,46.0,Male,0
56803.49,Self-Employed,559.0,Bachelor,56,Rural,5,26080.66,1574.9,43.0,Female,1
47316.17,Employed,566.0,Bachelor,49,Suburban,3,10140.88,1147.64,61.0,Male,0
16103.88,Unemployed,513.0,Bachelor,25,Suburban,0,7402.62,529.47,40.0,Male,0
46761.27,Employed,532.0,Master,54,Suburban,2,13509.61,810.57,36.0,Female,0
70815.42,Employed,522.0,Bachelor,35,Suburban,1,19065.03,2540.91,32.0,Female,0
57388.79,Employed,554.0,Master,39,Suburban,1,21952.36,1606.6,37.0,Female,1
76387.76,Self-Employed,616.0,PhD,52,Suburban,1,15588.82,2469.58,55.0,Male,1
43512.11,Employed,566.0,Bachelor,58,Suburban,0,10938.11,670.56,49.0,Male,1
62691.05,Self-Employed,622.0,Bachelor,53,Suburban,4,16050.02,2785.75,27.0,Male,1
57956.12,Employed,620.0,Bachelor,34,Urban,2,11258.06,2561.73,61.0,Male,1
67692.97,Self-Employed,601.0,Master,41,Rural,2,9339.65,3460.19,50.0,Male,0
34831.78,Unemployed,531.0,Bachelor,37,Urban,2,14429.69,1389.43,77.0,Male,0
61564.26,Employed,577.0,High School,41,Urban,5,28748.84,2749.13,67.0,Male,1
62094.81,Employed,536.0,Master,55,Urban,4,40004.34,3906.28,51.0,Male,1
58795.16,Self-Employed,593.0,Bachelor,64,Urban,5,23166.75,3330.37,34.0,Male,1
58924.8,Employed,617.0,Master,38,Suburban,3,20743.01,3237.35,35.0,Female,1
62393.56,Employed,609.0,Bachelor,35,Urban,5,15176.34,1364.54,33.0,Male,1
59185.97,Employed,583.0,Bachelor,60,Suburban,5,9206.28,3037.76,77.0,Female,1
47576.45,Employed,530.0,Bachelor,27,Suburban,3,18285.0,1874.66,39.0,Female,1
62205.73,Self-Employed,546.0,Master,38,Urban,2,16928.73,1161.13,44.0,Female,1
56797.3,Employed,547.0,High School,63,Urban,5,10781.89,1682.92,41.0,Male,1
66615.31,Employed,535.0,Bachelor,60,Suburban,4,21588.52,1748.81,40.0,Male,0
59858.72,Self-Employed,571.0,Master,57,Suburban,2,8981.3,3251.98,44.0,Female,1
62694.21,Self-Employed,437.0,PhD,60,Urban,1,25375.53,3572.15,74.0,Male,0
55296.81,Employed,528.0,High School,31,Urban,2,6777.67,2550.66,60.0,Male,0
64055.16,Employed,568.0,High School,23,Urban,1,19769.66,3184.83,29.0,Male,1
38003.02,Employed,640.0,Bachelor,59,Urban,2,15560.85,1366.07,16.0,Female,1
34178.02,Employed,522.0,High School,43,Urban,4,14033.07,1440.09,54.0,Male,0
18066.83,Student,501.0,High School,32,Rural,4,9573.1,693.49,54.0,Female,0
59115.05,Employed,520.0,Bachelor,42,Urban,0,22697.89,1859.14,30.0,Male,1
29046.28,Employed,592.0,Bachelor,58,Urban,0,15229.54,955.93,33.0,Male,1
59611.35,Employed,522.0,Bachelor,43,Rural,3,10521.03,3097.43,66.0,Female,1
56262.02,Employed,645.0,Bachelor,49,Suburban,3,32701.77,1264.17,50.0,Male,1
36733.5,Self-Employed,492.0,PhD,44,Urban,0,12967.66,2289.91,46.0,Female,1
42302.47,Employed,576.0,Bachelor,42,Suburban,5,26974.3,1655.76,51.0,Male,1
58491.24,Employed,554.0,Master,63,Rural,5,,1166.71,37.0,Male,0
23411.94,Employed,481.0,High School,62,Urban,0,9475.62,833.16,33.0,Female,0
84556.92,Employed,639.0,Master,40,Urban,0,48403.61,4086.52,71.0,Male,1
65802.5,Employed,627.0,Master,57,Rural,0,7107.02,3839.96,44.0,Male,0
55172.84,Self-Employed,544.0,High School,53,Suburban,3,16854.84,1394.11,35.0,Female,1
35564.69,Employed,523.0,Bachelor,26,Rural,5,6335.71,634.98,63.0,Female,1
64170.59,Employed,546.0,Bachelor,59,Urban,2,5396.89,2484.67,34.0,Female,1
45090.35,Employed,548.0,Bachelor,52,Rural,4,21024.07,752.37,63.0,Male,1
47112.97,Unemployed,491.0,Master,59,Urban,1,21421.99,1848.81,47.0,Male,0
60292.45,Employed,438.0,Bachelor,56,Suburban,0,24790.46,2683.89,48.0,Female,0
53949.02,Employed,466.0,Bachelor,63,Rural,2,9173.22,1744.13,51.0,Male,1
90126.29,Employed,592.0,PhD,45,Urban,2,8262.91,5303.28,74.0,Male,1
52086.17,Employed,499.0,High School,23,Urban,5,21410.2,619.04,58.0,Female,1
44053.1,Employed,531.0,High School,33,Suburban,1,12114.67,742.57,35.0,Male,1
57643.21,Self-Employed,532.0,High School,27,Rural,2,8785.62,2154.75,52.0,Male,1
93804.79,Employed,575.0,PhD,31,Urban,1,27224.82,3792.39,47.0,Male,1
33313.95,Student,492.0,High School,46,Rural,2,12429.39,1219.6,33.0,Male,0
70041.61,Employed,617.0,High School,64,Urban,0,42539.52,3310.26,53.0,Female,1
34468.38,Unemployed,533.0,Bachelor,55,Urban,2,12695.66,880.3,50.0,Female,0
68080.97,Employed,641.0,Master,40,Urban,1,5683.85,3666.67,39.0,Male,1
55065.68,Employed,556.0,Bachelor,43,Rural,2,15965.09,836.49,15.0,Male,1
70053.05,Self-Employed,487.0,PhD,44,Urban,3,25368.26,2627.31,32.0,Female,1
46341.84,Employed,492.0,High School,39,Suburban,4,10244.27,2223.63,39.0,Male,0
51277.12,Employed,552.0,Bachelor,47,Urban,1,26440.47,1406.58,61.0,Male,1
16088.17,Unemployed,507.0,Bachelor,63,Rural,5,5097.55,978.05,27.0,Female,0
54661.42,Self-Employed,525.0,Bachelor,25,Suburban,1,5133.98,1627.02,50.0,Female,0
67975.11,Unemployed,534.0,Master,37,Urban,0,23248.48,1325.65,58.0,Male,0
70213.02,Employed,546.0,Bachelor,24,Urban,1,39629.1,1869.34,32.0,Female,1
59821.27,Employed,552.0,High School,59,Urban,1,9097.97,2562.8,68.0,Male,1
68737.53,Employed,569.0,High School,29,Urban,0,41152.55,3372.54,60.0,Female,1
47288.71,Employed,491.0,High School,50,Rural,3,7138.99,2115.2,31.0,Male,1
52167.81,Employed,559.0,Master,23,Suburban,3,13241.45,2651.21,42.0,Male,1
42758.31,Self-Employed,545.0,High School,42,Urban,1,22525.68,1938.15,32.0,Female,0
46090.09,Unemployed,534.0,Master,61,Suburban,4,12031.73,2086.13,41.0,Male,0
43313.66,Employed,504.0,High School,63,Suburban,1,9688.22,2526.31,53.0,Male,0
87151.01,Employed,628.0,PhD,27,Urban,5,10001.88,2801.93,39.0,Male,1
80033.09,Employed,647.0,Master,50,Urban,2,38181.66,2487.09,53.0,Female,1
24018.14,Employed,487.0,High School,31,Urban,1,5966.5,870.28,42.0,Female,0
46818.1,Self-Employed,512.0,High School,53,Suburban,4,20387.64,2040.78,29.0,Male,0
22453.16,Employed,526.0,Master,45,Urban,0,9765.74,788.61,44.0,Female,0
45626.4,Employed,486.0,High School,56,Suburban,5,23041.31,2204.21,62.0,Female,1
32458.72,Unemployed,462.0,High School,61,Urban,4,18421.42,100.0,32.0,Male,0
73643.15,Unemployed,549.0,Master,36,Suburban,1,36743.95,1926.0,55.0,Male,0
92143.85,Employed,619.0,Master,23,Urban,1,12387.2,2805.82,33.0,Male,1
80985.26,Employed,549.0,Master,35,Suburban,5,50258.87,2749.54,71.0,Male,1
55603.92,Employed,552.0,Master,30,Urban,3,13884.07,2013.99,54.0,Male,1
46737.38,Employed,450.0,Bachelor,26,Urban,3,23966.85,2373.16,57.0,Male,0
53559.19,Employed,577.0,Master,53,Urban,4,11150.24,2444.11,37.0,Male,1
81899.26,Employed,655.0,Bachelor,61,Suburban,1,15200.77,3146.57,61.0,Male,1
47343.37,Self-Employed,500.0,Master,44,Suburban,2,22402.06,2050.33,51.0,Female,1
56216.45,Employed,573.0,Bachelor,44,Urban,2,25425.75,1659.08,54.0,Male,1
41503.48,Employed,523.0,Bachelor,47,Suburban,2,24931.95,626.88,57.0,Female,1
50127.41,Self-Employed,550.0,PhD,61,Suburban,1,11284.51,2538.62,40.0,Female,0
59989.24,Employed,548.0,Bachelor,21,Suburban,2,26664.35,3079.94,70.0,Female,0
57300.15,Employed,541.0,Bachelor,44,Suburban,4,24785.24,1996.93,56.0,Female,0
24631.62,Employed,471.0,Bachelor,60,Urban,2,4793.52,504.95,20.0,Female,0
31470.98,Employed,469.0,High School,28,Suburban,0,3800.53,909.31,64.0,Male,0
58827.82,Employed,607.0,Bachelor,47,Suburban,0,10532.81,3449.18,44.0,Female,1
73916.79,Employed,503.0,PhD,21,Suburban,0,36082.06,1215.46,44.0,Male,1
51986.02,Employed,547.0,Bachelor,58,Urban,1,25835.84,2906.23,53.0,Female,1
48085.17,Unemployed,539.0,Bachelor,50,Suburban,4,21699.0,409.3,23.0,Male,0
20354.51,Unemployed,500.0,Bachelor,64,Urban,3,15011.57,545.11,51.0,Male,0
58075.12,Employed,586.0,Master,34,Suburban,2,19245.71,3016.27,43.0,Male,1
53770.56,Unemployed,533.0,Master,53,Urban,0,22192.94,1707.0,24.0,Female,0
44260.57,Employed,566.0,High School,55,Urban,1,19291.17,2124.58,33.0,Male,1
63688.2,Employed,654.0,Bachelor,22,Suburban,1,23326.5,2201.98,19.0,Male,1
37806.55,Employed,520.0,Bachelor,55,Rural,2,12197.59,1936.99,25.0,Male,0
41642.26,Employed,441.0,High School,53,Urban,2,24663.56,2554.75,63.0,Male,0
28267.03,Employed,507.0,Bachelor,48,Suburban,1,11010.54,1001.97,17.0,Female,0
9143.1,Student,475.0,Bachelor,46,Suburban,2,1944.71,148.99,41.0,Female,0
39860.79,Employed,548.0,High School,57,Rural,0,9548.15,1022.88,31.0,Male,1
81750.36,Employed,500.0,PhD,25,Suburban,0,19925.39,4024.27,71.0,Male,0
68278.02,Employed,585.0,Master,38,Urban,5,36301.95,3712.72,53.0,Male,1
67404.27,Unemployed,551.0,Master,33,Urban,5,41059.06,3631.65,35.0,Male,0
41108.01,Employed,568.0,High School,59,Suburban,5,18571.09,1002.25,49.0,Female,1
22197.91,Unemployed,482.0,PhD,28,Urban,0,12544.05,1259.71,35.0,Female,0
60162.91,Employed,598.0,Bachelor,23,Rural,4,26299.8,1023.71,50.0,Male,1
48822.08,Self-Employed,475.0,PhD,62,Rural,5,13407.65,1719.28,48.0,Female,1
48888.21,Employed,544.0,High School,38,Rural,2,1842.41,2268.16,30.0,Male,0
15717.77,Employed,452.0,High School,56,Urban,5,7954.45,928.86,38.0,Female,1
54874.26,Employed,530.0,Bachelor,31,Suburban,5,30192.68,691.8,30.0,Male,1
73540.38,Employed,701.0,Master,52,Suburban,1,24297.22,1814.17,40.0,Female,1
62707.2,Employed,520.0,High School,62,Urban,5,33580.59,889.93,37.0,Male,1
54238.87,Employed,534.0,Bachelor,55,Urban,0,32518.41,2418.78,23.0,Female,1
61230.03,Employed,509.0,Bachelor,34,Urban,0,3769.42,1349.41,46.0,Male,0
70542.21,Employed,560.0,PhD,48,Urban,0,15018.24,1668.89,38.0,Male,0
58525.52,Employed,550.0,Master,58,Rural,5,23671.32,1164.55,22.0,Male,1
70401.61,Self-Employed,541.0,Master,59,Rural,5,18962.66,3622.3,36.0,Male,0
44751.68,Self-Employed,608.0,Bachelor,34,Urban,1,8905.06,1100.23,14.0,Female,0
38221.53,Student,580.0,Master,31,Suburban,5,15719.29,1257.57,70.0,Female,0
34306.76,Employed,480.0,Bachelor,40,Urban,0,14796.32,935.55,39.0,Female,1
63700.46,Employed,601.0,High School,32,Urban,3,23878.81,2706.14,54.0,Male,1
38202.07,Student,506.0,Bachelor,53,Urban,5,28112.79,689.49,60.0,Female,0
21055.87,Student,448.0,Bachelor,47,Suburban,5,8235.93,572.96,79.0,Female,0
56335.24,Student,521.0,Bachelor,42,Suburban,1,32056.11,3075.29,40.0,Male,0
45484.34,Employed,482.0,High School,57,Rural,4,10944.35,1090.82,33.0,Male,1
51048.03,Employed,588.0,Master,30,Rural,4,6778.98,1586.24,28.0,Male,1
67571.69,Student,530.0,Master,58,Urban,3,25738.71,3574.65,50.0,Male,0
49060.84,Employed,601.0,Bachelor,46,Suburban,4,22566.27,951.36,13.0,Female,1
41641.92,Employed,539.0,Master,64,Urban,5,13343.28,617.8,58.0,Female,1
56560.07,Student,536.0,Bachelor,47,Urban,0,34420.49,1349.06,49.0,Female,0
17582.16,Unemployed,476.0,High School,55,Suburban,2,11180.02,630.0,35.0,Male,0
94485.51,Employed,687.0,High School,29,Urban,1,25789.98,2922.91,28.0,Female,1
50497.41,Employed,546.0,Bachelor,31,Urban,2,14444.11,3084.55,72.0,Female,1
8000.0,Unemployed,462.0,High School,46,Urban,2,3451.52,111.53,29.0,Male,0
83498.68,Employed,631.0,Bachelor,31,Urban,4,28418.31,4831.45,85.0,Female,1
59338.48,Self-Employed,584.0,Master,22,Rural,3,10288.69,934.34,35.0,Male,1
65022.29,Employed,522.0,Bachelor,41,Urban,4,,1070.72,41.0,Male,1
71910.59,Employed,576.0,Master,32,Suburban,4,4206.59,1340.97,23.0,Male,1
47774.4,Self-Employed,460.0,PhD,50,Rural,2,17170.89,2151.44,64.0,Male,0
8000.0,Student,483.0,Bachelor,46,Suburban,3,442.52,100.0,10.0,Female,0
82490.61,Employed,605.0,High School,44,Urban,2,7527.0,1478.73,54.0,Male,1
22734.01,Employed,526.0,High School,58,Rural,3,5277.92,961.53,60.0,Male,1
85754.88,Employed,551.0,Bachelor,24,Urban,1,36875.09,2554.99,23.0,Male,1
69081.81,Employed,539.0,Bachelor,56,Urban,1,16335.17,2707.57,62.0,Male,1
45813.08,Student,550.0,Bachelor,42,Suburban,0,11607.13,1054.57,62.0,Male,0
54162.81,Employed,607.0,Bachelor,52,Urban,0,23311.51,997.89,46.0,Male,1
73819.15,Student,583.0,Bachelor,57,Suburban,2,38430.44,3623.81,62.0,Female,0
22795.08,Unemployed,481.0,High School,34,Urban,1,9049.77,587.33,44.0,Male,0
36214.13,Employed,569.0,High School,31,Suburban,2,5549.28,875.8,40.0,Female,0
68282.66,Employed,577.0,Bachelor,54,Suburban,4,41085.34,2636.02,33.0,Male,1
33094.58,Student,529.0,Master,49,Rural,0,8380.26,1671.24,43.0,Female,0
42017.28,Employed,569.0,Bachelor,29,Urban,1,10203.5,948.23,35.0,Female,0
40330.1,Unemployed,526.0,Bachelor,33,Urban,0,18595.26,1982.91,73.0,Male,0
64517.28,Employed,523.0,Bachelor,59,Rural,4,38861.97,1754.58,43.0,Male,1
82397.21,Employed,584.0,Bachelor,46,Suburban,0,11263.02,2520.03,47.0,Female,1
84456.64,Employed,644.0,High School,62,Urban,5,16128.53,3431.58,55.0,Male,1
22344.96,Employed,590.0,High School,52,Urban,5,1537.6,755.5,46.0,Female,1
63846.45,Self-Employed,510.0,High School,30,Suburban,2,23458.7,1264.99,30.0,Male,1
35449.41,Employed,597.0,High School,30,Suburban,4,14275.84,1647.31,58.0,Male,0
44197.34,Employed,520.0,Bachelor,64,Suburban,1,20165.45,1923.68,43.0,Male,1
50119.63,Employed,546.0,Master,54,Rural,0,7733.31,1041.47,51.0,Female,1
44164.42,Employed,613.0,High School,47,Urban,3,9699.21,428.38,24.0,Male,1
18168.29,Student,481.0,High School,51,Urban,3,8155.53,930.83,38.0,Female,0
8000.0,Unemployed,472.0,High School,39,Suburban,1,0.0,100.0,58.0,Female,0
67921.95,Employed,541.0,High School,35,Rural,2,4003.13,2525.86,77.0,Male,1
51702.9,Student,549.0,High School,58,Urban,3,13342.61,2835.14,59.0,Male,0
49982.85,Employed,559.0,High School,61,Suburban,3,17326.97,1108.21,24.0,Male,1
38717.59,Employed,498.0,High School,61,Urban,1,23090.45,1754.58,16.0,Male,1
91759.52,Employed,670.0,PhD,56,Urban,4,7313.12,5150.34,71.0,Female,1
33280.13,Unemployed,487.0,Bachelor,60,Rural,3,12190.84,892.5,69.0,Male,0
44605.98,Employed,559.0,High School,44,Urban,2,21000.76,2529.06,42.0,Male,0
12570.97,Unemployed,492.0,Bachelor,35,Urban,3,4693.85,593.05,35.0,Female,0
54307.86,Employed,607.0,High School,24,Suburban,1,16669.05,1541.65,47.0,Female,1
56219.06,Employed,517.0,Bachelor,34,Urban,2,496.69,2066.94,83.0,Male,0
61152.71,Employed,586.0,Bachelor,40,Urban,4,20932.46,1200.24,44.0,Female,1
68765.11,Employed,680.0,Master,24,Suburban,0,43228.66,3468.86,55.0,Male,1
74771.48,Employed,515.0,Master,35,Urban,0,33737.26,1943.28,39.0,Female,1
41499.41,Unemployed,492.0,Bachelor,62,Suburban,1,24935.41,831.08,41.0,Male,0
46666.88,Self-Employed,634.0,High School,32,Urban,5,17504.05,1515.76,60.0,Male,1
69561.79,Employed,567.0,Bachelor,38,Urban,4,,2323.23,37.0,Male,1
66506.2,Self-Employed,573.0,Bachelor,49,Suburban,5,17435.5,2412.81,62.0,Female,0
88439.73,Employed,585.0,Master,60,Urban,1,41270.56,3703.0,69.0,Female,1
9436.54,Unemployed,561.0,High School,62,Rural,2,0.0,969.14,28.0,Male,0
66927.86,Employed,496.0,Bachelor,57,Rural,1,14413.2,2592.0,60.0,Female,1
24427.49,Self-Employed,564.0,Bachelor,27,Rural,4,9588.29,784.18,70.0,Female,1
76464.76,Employed,516.0,Bachelor,26,Urban,4,46531.01,1470.56,24.0,Male,1
48390.12,Employed,472.0,Bachelor,54,Urban,5,11864.01,2849.09,47.0,Female,0
64872.65,Self-Employed,517.0,Bachelor,60,Rural,1,7678.3,1819.25,48.0,Male,1
76639.54,Employed,577.0,Bachelor,48,Suburban,5,33647.54,3204.99,57.0,Female,1
59689.67,Self-Employed,526.0,Bachelor,62,Suburban,5,12872.13,3556.83,39.0,Male,0
46289.84,Employed,504.0,High School,51,Rural,0,17430.71,2166.8,27.0,Male,0
52524.02,Employed,506.0,High School,36,Urban,2,29967.51,1488.37,31.0,Male,1
62941.25,Employed,522.0,Master,59,Urban,1,14337.21,2308.32,48.0,Male,0
69866.17,Self-Employed,531.0,Bachelor,55,Suburban,5,14309.12,2280.1,39.0,Female,1
57383.31,Employed,566.0,Bachelor,37,Suburban,2,31534.73,2326.12,60.0,Male,1
29371.27,Employed,487.0,Bachelor,47,Urban,0,11394.05,1005.46,58.0,Male,0
72262.47,Employed,456.0,Bachelor,47,Suburban,3,16402.53,3211.79,38.0,Male,1
67474.61,Employed,568.0,Bachelor,25,Suburban,1,9023.03,2591.86,53.0,Female,1
48646.79,Self-Employed,576.0,High School,33,Urban,2,22116.39,1995.66,47.0,Female,1
30176.69,Unemployed,504.0,Bachelor,31,Urban,3,16961.45,523.7,76.0,Male,0
41596.81,Employed,476.0,Bachelor,33,Suburban,0,17338.91,1707.1,37.0,Male,0
39219.7,Employed,563.0,High School,44,Suburban,5,4764.82,1143.38,47.0,Male,1
61982.21,Employed,500.0,Master,44,Rural,2,7544.83,2586.95,78.0,Female,0
20346.89,Self-Employed,488.0,High School,59,Urban,3,779.84,398.94,7.0,Female,0
47366.23,Self-Employed,540.0,High School,21,Rural,1,31516.92,1601.03,65.0,Female,1
64088.43,Employed,613.0,Master,58,Suburban,4,5893.46,3162.23,42.0,Female,1
84309.09,Self-Employed,620.0,Master,32,Suburban,2,34578.5,3391.04,30.0,Male,1
60518.7,Employed,570.0,High School,36,Urban,3,35709.47,2819.52,54.0,Female,1
51154.14,Employed,588.0,Bachelor,27,Urban,1,11078.71,3095.07,54.0,Male,0
25636.61,Employed,458.0,High School,21,Suburban,1,18008.29,1463.82,52.0,Male,1
57681.61,Employed,627.0,Master,26,Urban,2,21903.58,1880.84,56.0,Male,1
82718.53,Employed,453.0,Bachelor,31,Urban,1,17743.24,3308.25,50.0,Male,1
63415.44,Employed,628.0,Master,38,Rural,3,36613.41,1618.86,70.0,Female,1
70960.07,Employed,537.0,Bachelor,35,Urban,3,41368.08,1728.8,65.0,Male,1
41562.23,Employed,550.0,Bachelor,25,Rural,2,1135.19,1570.68,50.0,Female,0
70271.45,Employed,639.0,Master,36,Suburban,0,32230.86,3795.89,60.0,Female,1
20197.55,Employed,527.0,High School,27,Rural,1,7661.43,1133.18,59.0,Female,0
44028.04,Unemployed,553.0,High School,51,Urban,1,25916.7,2774.25,50.0,Female,0
41668.6,Employed,572.0,Bachelor,51,Suburban,2,10460.36,209.67,18.0,Male,1
29383.79,Employed,449.0,Bachelor,23,Suburban,4,13344.04,840.41,38.0,Male,0
80934.97,Employed,529.0,High School,50,Rural,1,38050.66,3953.56,50.0,Male,1
64023.3,Employed,577.0,Bachelor,61,Urban,4,34244.71,2450.77,50.0,Male,1
59608.12,Employed,549.0,Bachelor,63,Urban,0,3434.91,3477.79,35.0,Female,0
26950.66,Employed,498.0,Bachelor,23,Rural,3,14817.02,828.06,24.0,Male,0
79338.4,Employed,642.0,Master,62,Urban,3,41175.87,2923.38,67.0,Male,1
72290.3,Employed,628.0,Bachelor,39,Suburban,4,41971.01,3320.71,53.0,Male,1
57010.58,Self-Employed,513.0,Bachelor,60,Urban,3,22985.31,2868.85,45.0,Male,1
71348.62,Employed,595.0,Bachelor,30,Urban,1,15634.55,2433.05,41.0,Female,1
68557.63,Employed,501.0,High School,52,Suburban,1,32735.06,2605.1,46.0,Male,0
70885.84,Employed,503.0,Master,57,Suburban,4,9349.65,3613.55,56.0,Female,0
10506.66,Unemployed,448.0,Master,32,Suburban,5,8425.4,576.79,13.0,Female,0
43725.85,Self-Employed,533.0,Master,54,Suburban,3,14735.03,1369.41,36.0,Female,0
90303.44,Self-Employed,573.0,Master,29,Suburban,4,51516.68,5135.38,64.0,Male,1
32235.77,Unemployed,540.0,Bachelor,52,Rural,5,9231.38,577.72,36.0,Female,0
63303.21,Employed,563.0,Bachelor,63,Urban,5,19943.67,2546.0,22.0,Male,1
41525.16,Employed,583.0,High School,34,Urban,0,21351.14,717.53,39.0,Male,1
62437.89,Self-Employed,587.0,PhD,64,Urban,2,16200.84,4260.67,56.0,Female,1
72889.75,Employed,531.0,Bachelor,51,Suburban,3,23792.09,2902.2,40.0,Female,1
74477.08,Self-Employed,620.0,High School,43,Urban,3,38338.91,4377.26,43.0,Male,1
74958.13,Employed,541.0,Master,35,Suburban,3,0.0,4165.18,59.0,Female,1
70273.58,Employed,592.0,Bachelor,45,Urban,4,15326.77,3238.59,53.0,Male,0
72399.33,Employed,554.0,Master,65,Suburban,1,42449.99,1625.89,51.0,Female,1
57944.4,Employed,616.0,Master,21,Rural,3,30807.42,1988.57,77.0,Female,1
44945.1,Employed,570.0,Master,59,Suburban,4,4290.68,647.9,47.0,Female,1
33703.04,Employed,490.0,Bachelor,27,Suburban,4,10301.76,1857.17,34.0,Female,0
77721.5,Employed,567.0,Bachelor,60,Urban,3,14244.61,3828.73,73.0,Female,1
62506.13,Employed,710.0,Master,45,Suburban,2,35488.03,2131.41,42.0,Female,1
37156.04,Unemployed,470.0,High School,61,Urban,2,14184.62,532.97,34.0,Female,0
44161.36,Self-Employed,504.0,High School,29,Rural,0,13625.02,1548.68,30.0,Female,0
79922.36,Self-Employed,557.0,PhD,23,Urban,4,43611.63,3133.61,60.0,Male,1
71174.2,Employed,523.0,Master,42,Urban,4,36061.91,3352.19,48.0,Female,1
88461.03,Employed,552.0,PhD,56,Urban,5,37315.65,3601.04,67.0,Male,1
35486.68,Employed,519.0,High School,56,Suburban,2,9445.54,1345.01,51.0,Female,1
64736.12,Employed,587.0,High School,55,Rural,1,17242.14,2371.02,35.0,Male,1
58934.0,Employed,486.0,Master,57,Urban,3,4682.59,2204.58,32.0,Male,0
33591.94,Unemployed,499.0,High School,55,Urban,3,14186.67,549.92,42.0,Female,0
44255.13,Employed,500.0,Bachelor,59,Urban,2,11673.36,1080.79,60.0,Male,0
52500.54,Employed,496.0,Bachelor,28,Rural,2,16355.0,2510.37,64.0,Male,0
49102.54,Employed,588.0,Master,31,Rural,2,27948.88,2220.13,70.0,Female,1
62363.22,Employed,528.0,Bachelor,21,Urban,2,30736.85,1979.96,48.0,Male,1
62031.02,Employed,500.0,High School,40,Suburban,3,29960.19,2312.81,61.0,Male,1
58140.79,Self-Employed,596.0,Bachelor,32,Suburban,4,28059.7,2924.5,67.0,Male,1
60412.88,Unemployed,616.0,High School,49,Suburban,3,22965.06,3716.09,85.0,Male,0
76938.79,Self-Employed,594.0,Master,45,Suburban,4,22815.07,1641.43,50.0,Male,1
35573.2,Unemployed,482.0,Bachelor,47,Suburban,0,13189.48,848.31,35.0,Male,0
57708.42,Employed,543.0,Bachelor,50,Suburban,1,10408.48,1442.64,61.0,Male,1
65666.44,Self-Employed,538.0,Bachelor,65,Urban,1,26504.22,1756.31,25.0,Male,1
44564.85,Unemployed,535.0,High School,25,Urban,4,13376.99,1217.72,58.0,Male,0
31489.22,Employed,550.0,High School,33,Urban,1,237.39,1654.93,65.0,Female,0
73549.81,Self-Employed,577.0,Master,39,Urban,5,41435.62,4392.53,73.0,Female,1
28878.63,Student,514.0,Bachelor,24,Urban,3,10480.74,1065.84,27.0,Male,0
61097.75,Self-Employed,537.0,Bachelor,57,Rural,1,14570.11,2681.67,53.0,Male,0
67501.46,Employed,600.0,Bachelor,38,Rural,2,24011.45,2495.12,65.0,Female,1
78495.98,Employed,602.0,PhD,28,Urban,0,26090.79,3399.08,61.0,Female,1
33113.82,Self-Employed,438.0,Master,44,Urban,1,21577.9,2118.2,47.0,Male,1
8000.0,Unemployed,404.0,High School,29,Suburban,3,1313.04,379.11,41.0,Male,0
67440.76,Employed,555.0,Bachelor,38,Suburban,0,35108.24,2169.03,93.0,Male,1
21193.58,Employed,547.0,Bachelor,50,Urban,3,3210.0,780.51,25.0,Female,0
68148.15,Employed,623.0,Master,35,Rural,4,10195.21,1444.61,24.0,Female,1
88772.39,Employed,634.0,PhD,58,Urban,1,14065.56,1818.41,31.0,Female,1
85027.67,Self-Employed,588.0,Master,32,Urban,0,16807.47,2394.73,80.0,Male,1
63377.87,Employed,630.0,Master,26,Suburban,3,33272.03,2382.41,59.0,Male,1
65577.58,Employed,534.0,Bachelor,40,Suburban,2,15168.16,1570.51,36.0,Male,1
65133.38,Employed,551.0,Bachelor,29,Urban,2,28500.13,3120.95,85.0,Male,1
36907.52,Employed,462.0,Bachelor,52,Suburban,2,12127.49,1590.33,27.0,Male,0
68175.28,Self-Employed,555.0,Master,44,Rural,3,9760.69,2588.24,40.0,Female,1
74857.15,Employed,541.0,High School,27,Urban,2,21953.86,3329.06,35.0,Male,1
65341.01,Employed,636.0,Bachelor,36,Suburban,1,29440.65,3089.89,53.0,Female,1
26457.99,Unemployed,571.0,High School,59,Urban,0,13699.13,1347.53,50.0,Male,0
62099.24,Employed,565.0,High School,57,Suburban,5,16805.38,1769.59,47.0,Male,1
85464.47,Employed,616.0,Master,49,Urban,4,14265.93,2436.93,66.0,Female,1
67493.56,Employed,542.0,High School,61,Urban,3,22140.11,2294.82,42.0,Female,1
83403.07,Self-Employed,478.0,Master,25,Urban,1,16796.49,4792.68,56.0,Male,0
27122.1,Employed,478.0,Bachelor,53,Rural,0,4030.77,1278.36,47.0,Female,0
67973.22,Employed,604.0,Bachelor,22,Urban,3,3156.64,1647.96,72.0,Male,1
72684.68,Employed,597.0,Master,47,Rural,5,7327.41,3089.82,58.0,Male,1
65579.89,Unemployed,549.0,Master,23,Urban,2,39597.19,1815.12,41.0,Male,0
70734.36,Employed,608.0,Master,36,Rural,0,15498.12,2678.09,61.0,Male,1
50279.27,Unemployed,524.0,High School,25,Suburban,3,3820.18,2051.08,43.0,Female,0
32582.33,Self-Employed,468.0,Bachelor,32,Urban,5,5902.63,512.3,42.0,Male,0
51375.25,Unemployed,580.0,Master,49,Suburban,2,16830.35,2618.74,46.0,Female,0
70184.96,Employed,546.0,Master,56,Suburban,2,34270.42,2743.12,31.0,Female,1
80540.76,Employed,634.0,Master,63,Suburban,5,31494.5,3074.35,42.0,Male,1
73131.86,Unemployed,488.0,Master,65,Urban,1,7365.43,3149.31,75.0,Male,0
17675.78,Unemployed,473.0,High School,26,Suburban,2,9097.08,585.8,43.0,Male,0
49628.1,Unemployed,571.0,High School,62,Suburban,1,14574.09,545.48,41.0,Female,0
63223.44,Student,586.0,Master,33,Urban,0,39815.96,2451.22,49.0,Female,0
52192.52,Employed,538.0,Bachelor,60,Suburban,5,19409.64,2705.49,45.0,Female,1
56368.08,Employed,567.0,Master,59,Urban,2,11665.29,2954.99,51.0,Male,1
59944.71,Self-Employed,565.0,Bachelor,62,Suburban,4,14047.16,1446.75,38.0,Male,1
67285.16,Employed,502.0,Master,43,Suburban,2,21689.94,2058.51,50.0,Female,1
66117.81,Self-Employed,551.0,Master,54,Rural,4,20395.59,1504.55,28.0,Male,0
20595.76,Unemployed,513.0,High School,40,Urban,0,4915.39,783.97,50.0,Female,0
79140.08,Employed,609.0,Master,24,Urban,3,48191.32,4491.16,57.0,Male,1
55916.9,Employed,550.0,Bachelor,42,Urban,5,21526.61,2149.58,27.0,Male,0
75248.63,Self-Employed,556.0,Bachelor,30,Suburban,5,18493.57,3234.3,48.0,Male,1
75653.1,Unemployed,521.0,Master,25,Urban,1,21449.6,1628.47,38.0,Male,0
45811.02,Employed,572.0,Bachelor,27,Urban,4,8324.1,2065.4,61.0,Female,0
54898.35,Employed,581.0,High School,30,Urban,5,19527.69,1061.66,39.0,Male,1
63582.46,Self-Employed,608.0,Bachelor,56,Rural,4,37740.56,1251.74,30.0,Female,1
58138.19,Unemployed,508.0,PhD,64,Urban,2,7791.71,2037.96,16.0,Female,0
24712.13,Self-Employed,514.0,High School,59,Suburban,0,2186.16,1022.25,32.0,Female,0
70971.97,Employed,543.0,Bachelor,49,Urban,3,6099.86,1675.08,62.0,Female,1
48913.42,Employed,545.0,Bachelor,60,Urban,0,26418.52,1398.88,50.0,Female,1
61007.04,Employed,691.0,Bachelor,33,Urban,4,33207.39,3133.65,38.0,Female,1
35089.34,Unemployed,564.0,Master,61,Urban,2,16659.99,380.16,35.0,Male,0
70918.95,Employed,540.0,Bachelor,63,Suburban,0,29194.51,694.83,40.0,Male,1
59684.37,Employed,547.0,Master,27,Urban,4,32258.61,2290.11,71.0,Female,1
83506.41,Employed,576.0,Master,38,Urban,2,45148.73,2120.66,46.0,Male,1
74776.78,Employed,586.0,PhD,33,Urban,3,22334.95,2298.61,39.0,Male,1
58781.5,Employed,489.0,Master,27,Urban,1,18567.7,3149.84,57.0,Female,1
58183.54,Self-Employed,571.0,High School,28,Urban,2,24243.83,2493.78,58.0,Male,0
49884.39,Employed,449.0,Master,64,Urban,1,14312.86,2346.41,59.0,Female,0
84973.5,Employed,519.0,Bachelor,29,Urban,1,38437.41,2567.11,60.0,Female,1
53784.28,Employed,640.0,High School,50,Suburban,4,28230.47,2418.33,80.0,Male,1
22506.09,Unemployed,489.0,Bachelor,60,Rural,4,0.0,916.08,22.0,Female,0
61009.89,Employed,625.0,Master,54,Suburban,0,3926.48,3023.08,49.0,Male,1
50263.59,Employed,509.0,High School,41,Urban,0,22800.78,2194.4,46.0,Female,1
65937.41,Employed,473.0,Bachelor,22,Rural,3,2497.37,2650.31,30.0,Female,1
26582.24,Student,464.0,Bachelor,39,Rural,3,13932.9,942.76,24.0,Male,0
51468.24,Self-Employed,668.0,Bachelor,33,Suburban,2,4388.7,2147.44,43.0,Male,1
69257.34,Employed,509.0,Master,59,Urban,5,38717.9,1216.7,36.0,Male,1
74137.08,Employed,659.0,High School,63,Suburban,5,25972.36,2467.97,40.0,Male,1
77987.16,Employed,600.0,Master,31,Rural,3,14049.57,1412.11,16.0,Male,1
71852.57,Student,581.0,Master,27,Suburban,5,33777.12,1393.37,26.0,Female,1
59465.53,Employed,524.0,Bachelor,57,Suburban,2,3904.23,1793.96,36.0,Male,0
74491.32,Self-Employed,539.0,Bachelor,60,Suburban,0,37970.68,2999.83,47.0,Female,1
46009.15,Unemployed,564.0,High School,65,Rural,0,21946.64,897.41,44.0,Male,0
58451.43,Self-Employed,616.0,High School,55,Urban,4,27335.32,3001.38,47.0,Female,0
73654.98,Employed,587.0,Bachelor,41,Urban,0,37784.33,2792.05,39.0,Male,1
38081.4,Employed,561.0,High School,38,Rural,1,22514.5,1409.98,48.0,Male,1
93424.56,Employed,587.0,Master,23,Urban,4,27815.71,3209.26,55.0,Female,1
43322.79,Student,633.0,Bachelor,60,Urban,2,8639.48,1471.89,29.0,Male,0
38395.51,Unemployed,539.0,High School,65,Urban,1,6720.5,953.78,70.0,Female,0
72150.47,Employed,668.0,Bachelor,62,Urban,4,7544.36,2526.83,14.0,Male,1
25429.86,Unemployed,466.0,Master,46,Urban,4,9226.14,208.45,46.0,Female,0
46233.53,Employed,537.0,High School,60,Suburban,1,4454.31,935.66,54.0,Female,0
61050.62,Employed,609.0,Bachelor,21,Urban,1,22703.72,1717.1,60.0,Female,1
49299.23,Employed,550.0,High School,39,Suburban,4,10327.93,1241.92,47.0,Male,1
49411.48,Unemployed,567.0,Master,25,Urban,1,27419.07,1299.27,21.0,Male,0
77390.27,Employed,540.0,Bachelor,47,Rural,1,3478.04,4164.47,86.0,Male,1
46592.92,Employed,521.0,Bachelor,21,Suburban,5,17296.03,977.1,20.0,Male,1
35968.65,Employed,485.0,Bachelor,34,Rural,5,1385.1,1545.77,27.0,Male,0
49202.63,Employed,540.0,Bachelor,39,Urban,5,18474.55,2386.03,39.0,Female,1
81163.7,Employed,581.0,Master,26,Urban,2,17044.35,3642.9,35.0,Male,1
59625.16,Employed,535.0,High School,24,Suburban,4,21518.84,1381.44,23.0,Female,1
36090.12,Unemployed,553.0,High School,61,Rural,1,2947.42,893.18,26.0,Male,0
52677.17,Student,501.0,High School,33,Urban,5,17313.4,1475.07,13.0,Male,0
62840.59,Employed,466.0,Bachelor,65,Suburban,0,23508.42,2165.63,48.0,Male,1
44229.79,Student,511.0,Master,37,Suburban,5,23405.08,2397.64,41.0,Male,0
19822.65,Unemployed,598.0,High School,23,Urban,3,1030.94,539.73,34.0,Male,0
28068.23,Unemployed,536.0,Master,25,Suburban,5,4694.21,1034.24,45.0,Male,0
66592.43,Employed,530.0,Master,51,Urban,4,44255.09,3114.87,49.0,Male,1
41825.15,Unemployed,553.0,High School,21,Urban,1,13635.65,957.87,30.0,Female,0
50553.66,Employed,539.0,High School,63,Rural,4,18608.81,1188.64,48.0,Male,1
59344.2,Employed,575.0,Bachelor,32,Suburban,4,8541.52,1268.35,37.0,Male,1
33169.37,Self-Employed,560.0,High School,48,Suburban,2,12312.58,1207.09,29.0,Male,0
105689.02,Employed,633.0,Master,40,Suburban,3,26467.9,3485.47,50.0,Male,1
36618.12,Self-Employed,531.0,Bachelor,23,Rural,2,11406.04,570.95,57.0,Female,0
61809.19,Self-Employed,628.0,Bachelor,52,Urban,1,16971.41,3151.21,42.0,Male,1
81045.26,Employed,613.0,Master,21,Urban,3,35357.28,2771.6,59.0,Female,1
54634.97,Employed,560.0,High School,56,Urban,3,16867.61,1219.36,26.0,Male,1
34895.91,Unemployed,525.0,Master,43,Suburban,0,5620.41,1926.84,45.0,Male,0
67129.91,Employed,544.0,Bachelor,34,Suburban,4,12325.85,3847.94,58.0,Female,1
18906.67,Unemployed,444.0,Bachelor,63,Suburban,1,8376.54,431.16,24.0,Male,0
82130.72,Self-Employed,621.0,Bachelor,30,Urban,0,26529.74,4299.15,51.0,Female,1
58233.52,Employed,614.0,High School,33,Urban,1,23405.57,1880.47,30.0,Male,1
63198.85,Employed,583.0,PhD,50,Rural,5,39157.58,1556.08,30.0,Female,1
18754.27,Student,525.0,Bachelor,36,Rural,4,0.0,1062.46,40.0,Male,0
37720.32,Student,487.0,Master,42,Urban,2,19714.16,2535.44,72.0,Male,0
70218.6,Employed,547.0,PhD,56,Suburban,2,34386.97,1667.46,50.0,Female,1
87391.21,Employed,540.0,Bachelor,62,Suburban,2,38879.05,4593.09,59.0,Male,1
70494.64,Employed,563.0,Master,57,Suburban,0,31103.7,1571.03,64.0,Male,1
61205.89,Self-Employed,605.0,Bachelor,24,Urban,2,34052.93,1331.82,22.0,Female,1
52791.6,Employed,517.0,High School,63,Suburban,5,24832.22,2367.54,67.0,Female,1
109460.63,Employed,626.0,PhD,39,Urban,3,26541.09,4269.86,51.0,Female,1
51379.14,Employed,578.0,Bachelor,58,Urban,2,24124.2,1462.73,47.0,Female,0
71482.01,Student,630.0,Master,33,Suburban,5,20110.77,1982.87,55.0,Female,1
52021.31,Employed,473.0,Bachelor,47,Urban,0,10549.21,2352.58,54.0,Female,0
37445.81,Self-Employed,505.0,High School,64,Urban,5,6895.35,1218.51,36.0,Female,0
60805.84,Employed,527.0,Bachelor,63,Urban,2,22069.52,1153.7,54.0,Male,1
50731.85,Self-Employed,506.0,High School,50,Urban,3,11991.05,3083.07,45.0,Male,0
55430.2,Employed,535.0,High School,48,Suburban,5,19811.85,3309.36,46.0,Female,1
8000.0,Unemployed,397.0,Bachelor,22,Urban,5,1909.49,615.82,38.0,Female,0
51217.9,Self-Employed,530.0,High School,48,Suburban,4,26083.45,2081.02,53.0,Male,0
62018.79,Employed,563.0,PhD,39,Rural,3,9100.56,3557.43,38.0,Male,0
51140.71,Employed,499.0,Bachelor,21,Urban,3,8161.19,2903.62,37.0,Male,1
35563.34,Employed,502.0,Bachelor,63,Rural,5,20020.27,1550.51,17.0,Male,0
44527.94,Employed,538.0,High School,41,Urban,4,13445.29,1881.69,41.0,Female,1
31250.89,Student,523.0,High School,55,Urban,1,19201.9,1354.24,58.0,Male,0
51600.54,Employed,473.0,Bachelor,22,Urban,3,21675.8,1121.12,89.0,Female,1
13420.89,Unemployed,524.0,Bachelor,32,Urban,4,6951.22,168.72,40.0,Female,0
59472.25,Employed,591.0,Bachelor,61,Urban,4,6046.24,3153.5,76.0,Female,1
30125.57,Unemployed,483.0,Bachelor,63,Urban,1,16308.49,1127.82,42.0,Male,0
8000.0,Unemployed,560.0,High School,21,Rural,5,0.0,100.0,38.0,Female,0
44777.57,Self-Employed,558.0,Bachelor,61,Suburban,3,6591.25,3052.45,49.0,Female,0
39388.87,Employed,543.0,Bachelor,34,Rural,2,6511.76,2119.84,45.0,Female,1
31617.06,Unemployed,549.0,High School,30,Suburban,2,12085.98,1361.2,42.0,Male,0
38577.34,Unemployed,482.0,Master,65,Suburban,2,18110.19,2321.23,42.0,Male,0
28256.89,Employed,498.0,High School,45,Urban,0,2576.06,1565.17,70.0,Female,0
22674.69,Student,533.0,High School,56,Suburban,1,8942.5,1104.28,49.0,Male,0
16100.23,Unemployed,460.0,Bachelor,27,Urban,0,3912.4,887.2,29.0,Male,0
68056.92,Employed,555.0,Bachelor,55,Rural,4,32176.78,1352.87,52.0,Female,1
78467.92,Employed,612.0,Master,37,Rural,2,1659.91,3533.35,68.0,Female,1
91283.72,Employed,618.0,Master,53,Urban,0,17289.31,2616.62,30.0,Male,1
58152.29,Employed,557.0,Master,50,Suburban,3,24362.66,2430.1,63.0,Male,1
58456.64,Unemployed,560.0,Bachelor,23,Suburban,2,21692.85,2954.86,64.0,Male,0
41104.97,Unemployed,524.0,Bachelor,60,Suburban,4,24805.0,630.56,44.0,Female,0
37667.67,Employed,565.0,High School,33,Urban,5,18959.96,2407.06,71.0,Female,1
57572.22,Employed,649.0,Master,37,Suburban,5,633.16,1300.34,57.0,Male,0
56420.29,Employed,567.0,Bachelor,56,Suburban,2,19338.78,510.66,32.0,Male,1
63536.78,Employed,622.0,Bachelor,60,Urban,0,11552.26,1189.66,44.0,Male,1
62443.57,Self-Employed,543.0,Bachelor,61,Suburban,0,30085.57,3490.17,74.0,Male,0
63973.2,Self-Employed,534.0,Master,41,Urban,0,7912.88,1715.15,37.0,Female,1
49772.19,Employed,509.0,Bachelor,36,Rural,0,22513.99,2098.71,40.0,Male,1
74281.36,Employed,538.0,High School,57,Urban,3,30413.27,3445.63,57.0,Male,1
48293.26,Unemployed,529.0,Master,32,Urban,5,19954.0,1776.34,41.0,Male,0
51434.58,Employed,587.0,High School,49,Urban,4,20330.46,2765.96,87.0,Male,1
63740.94,Employed,609.0,PhD,31,Rural,4,32440.91,1406.45,63.0,Female,1
38301.99,Student,505.0,Bachelor,30,Suburban,1,23519.66,1197.27,75.0,Female,0
25563.65,Unemployed,495.0,Master,45,Urban,4,13096.04,859.38,59.0,Female,0
52953.54,Self-Employed,549.0,Master,59,Urban,3,22748.44,2305.2,51.0,Male,1
91689.8,Employed,615.0,Bachelor,34,Suburban,2,20622.53,3771.54,25.0,Female,1
43243.71,Self-Employed,561.0,Master,53,Urban,0,2133.39,1385.61,48.0,Male,0
52076.65,Self-Employed,530.0,High School,21,Urban,3,8966.07,2007.22,29.0,Female,1
48137.87,Employed,533.0,High School,52,Rural,2,26432.39,1050.42,18.0,Female,1
77190.86,Employed,644.0,Bachelor,38,Urban,3,46317.12,2976.46,68.0,Male,1
60501.71,Employed,547.0,Bachelor,24,Suburban,2,12242.67,3165.28,35.0,Female,0
82363.0,Employed,565.0,High School,45,Urban,4,17558.7,2251.03,36.0,Male,1
43594.69,Student,532.0,Bachelor,31,Suburban,5,20313.64,2284.25,40.0,Female,0
93217.82,Self-Employed,610.0,PhD,49,Suburban,3,27328.7,3609.96,56.0,Male,1
85599.59,Employed,526.0,Master,22,Urban,2,26517.21,4306.01,56.0,Male,1
74129.85,Employed,559.0,High School,36,Suburban,1,43981.52,1789.42,56.0,Male,1
55372.56,Employed,571.0,Bachelor,31,Rural,5,18335.05,2252.8,55.0,Male,1
52968.41,Employed,639.0,High School,35,Rural,3,19139.02,2318.76,24.0,Male,1
48462.35,Employed,519.0,High School,21,Urban,5,21948.05,1423.64,66.0,Male,0
53396.3,Student,584.0,Master,33,Urban,4,21534.32,1643.66,27.0,Female,0
54224.81,Unemployed,559.0,PhD,24,Rural,3,21466.75,3244.04,37.0,Male,0
8000.0,Student,537.0,High School,49,Urban,0,1106.13,208.52,63.0,Male,0
47852.85,Employed,514.0,High School,41,Urban,4,22820.97,661.12,37.0,Female,1
51348.09,Unemployed,596.0,Bachelor,33,Urban,2,25679.67,1990.11,62.0,Female,0
32747.16,Self-Employed,583.0,Bachelor,48,Rural,0,17340.44,1300.89,53.0,Male,0
39204.88,Employed,594.0,High School,62,Urban,2,10335.76,2282.99,53.0,Male,1
67334.71,Employed,634.0,High School,45,Urban,2,35616.32,3809.45,44.0,Female,1
75146.92,Employed,589.0,Bachelor,33,Suburban,5,28164.74,3909.5,52.0,Female,1
44688.47,Employed,563.0,High School,39,Urban,3,13947.08,1073.95,66.0,Male,0
48609.77,Unemployed,524.0,Master,56,Urban,2,19772.74,1743.47,33.0,Female,0
63829.21,Self-Employed,464.0,Master,25,Suburban,5,15729.82,2625.28,49.0,Male,1
64654.64,Student,577.0,Bachelor,35,Urban,3,32707.8,2752.7,57.0,Male,0
42999.8,Employed,527.0,Bachelor,42,Rural,5,11632.59,2131.17,40.0,Female,0
60320.31,Employed,603.0,Master,49,Urban,2,16265.93,3448.75,42.0,Female,0
63111.51,Employed,602.0,High School,46,Rural,5,27571.23,3812.2,51.0,Female,1
51950.04,Employed,500.0,Master,52,Suburban,4,8890.81,1362.32,39.0,Male,0
26530.62,Unemployed,616.0,High School,63,Urban,4,10312.37,459.03,15.0,Male,0
71993.48,Employed,593.0,Master,28,Urban,5,15691.74,1242.86,45.0,Male,1
73856.55,Employed,521.0,High School,42,Suburban,3,,2760.98,69.0,Male,1
52098.07,Employed,496.0,Master,38,Urban,0,3229.3,3076.68,1.0,Male,0
23341.19,Unemployed,409.0,High School,24,Urban,2,2746.61,959.2,43.0,Male,0
67888.26,Employed,605.0,Master,26,Rural,0,21198.0,2512.15,3.0,Female,0
66204.25,Employed,544.0,Bachelor,49,Suburban,1,19885.0,3402.49,74.0,Female,1
48173.34,Self-Employed,504.0,High School,43,Rural,4,20182.43,1449.51,33.0,Male,1
68249.18,Employed,542.0,Master,34,Urban,0,15964.81,3965.16,55.0,Male,0
51944.79,Employed,534.0,High School,61,Urban,3,0.0,1622.69,28.0,Female,1
36390.98,Employed,551.0,Bachelor,34,Suburban,3,7114.19,976.77,70.0,Male,0
59521.33,Employed,484.0,Bachelor,47,Urban,3,4076.34,3439.52,83.0,Female,0
92231.84,Employed,557.0,Master,65,Urban,4,17263.05,4765.25,42.0,Male,1
46197.78,Employed,560.0,Master,52,Urban,2,21199.98,1199.81,23.0,Female,1
46239.24,Employed,513.0,Bachelor,53,Urban,3,16149.51,857.56,52.0,Female,1
57046.82,Employed,581.0,Master,33,Suburban,4,16507.79,2319.17,60.0,Female,1
60991.1,Employed,538.0,Master,62,Urban,3,34707.95,2254.44,40.0,Female,1
78620.47,Employed,656.0,Bachelor,42,Rural,4,21609.59,3705.5,38.0,Female,1
46021.39,Self-Employed,548.0,Bachelor,34,Urban,4,7350.74,322.77,59.0,Male,0
39024.33,Self-Employed,584.0,Bachelor,54,Urban,2,8598.85,2429.85,43.0,Female,0
41566.08,Unemployed,556.0,High School,44,Urban,5,25700.7,1079.97,35.0,Female,0
25297.15,Unemployed,535.0,Bachelor,26,Suburban,1,0.0,440.24,39.0,Female,0
58815.12,Employed,523.0,High School,21,Rural,0,14200.79,2532.96,25.0,Male,0
60044.07,Employed,611.0,Master,26,Rural,5,3298.6,2867.06,40.0,Male,1
64885.3,Employed,576.0,Bachelor,28,Urban,5,24153.51,2080.9,30.0,Female,1
32481.84,Self-Employed,477.0,Bachelor,31,Urban,2,2142.88,717.08,9.0,Female,0
53834.85,Employed,455.0,High School,36,Rural,1,10063.49,2252.1,33.0,Male,1
42266.95,Student,540.0,High School,31,Urban,1,17562.83,1580.83,42.0,Male,0
61169.29,Self-Employed,628.0,Master,61,Suburban,3,32428.62,3489.37,40.0,Male,1
43508.92,Employed,495.0,Bachelor,64,Urban,5,13429.74,1262.84,39.0,Male,0
71252.53,Self-Employed,533.0,Master,64,Urban,1,21124.25,3145.74,35.0,Male,1
72860.69,Employed,563.0,Bachelor,28,Urban,4,45899.38,4294.59,65.0,Male,1
31032.69,Student,567.0,High School,45,Urban,2,4880.03,756.49,53.0,Male,1
43327.65,Employed,452.0,Bachelor,25,Rural,3,11277.64,777.33,49.0,Female,0
68908.33,Self-Employed,542.0,Bachelor,52,Suburban,3,12828.07,3048.53,52.0,Male,1
70653.32,Self-Employed,529.0,High School,27,Rural,4,24633.87,2971.59,62.0,Male,0
73094.29,Employed,603.0,Bachelor,34,Suburban,4,26047.36,4195.87,47.0,Male,1
55441.95,Self-Employed,546.0,High School,30,Urban,1,27748.71,1510.7,30.0,Male,1
43351.61,Employed,520.0,High School,42,Suburban,0,11882.33,1697.76,42.0,Female,0
49587.49,Employed,536.0,High School,37,Urban,3,10503.13,1006.94,32.0,Female,1
35117.63,Employed,559.0,Bachelor,45,Rural,2,22748.18,1581.2,63.0,Male,1
47684.22,Unemployed,592.0,Master,29,Urban,1,9355.99,1537.71,73.0,Male,0
43798.27,Unemployed,582.0,High School,43,Rural,1,10747.37,1205.32,80.0,Male,0
67594.52,Employed,596.0,Master,24,Suburban,5,36863.94,2305.42,60.0,Male,1
37617.5,Unemployed,589.0,Master,22,Suburban,0,12806.59,1153.57,46.0,Male,0
28230.02,Unemployed,472.0,Bachelor,27,Suburban,0,15498.41,541.35,8.0,Male,0
50523.51,Employed,563.0,High School,32,Suburban,2,16301.71,2028.49,39.0,Male,1
13480.45,Student,598.0,High School,56,Suburban,1,4187.22,574.74,27.0,Female,0
37371.68,Employed,444.0,High School,35,Suburban,0,12022.08,1410.83,32.0,Male,0
80992.26,Unemployed,565.0,PhD,44,Urban,1,12278.39,3238.86,71.0,Male,0
51458.49,Employed,500.0,Master,51,Suburban,2,19687.28,3398.42,74.0,Male,0
26976.9,Student,525.0,High School,54,Urban,2,3807.36,1430.45,36.0,Male,0
63370.07,Employed,628.0,Bachelor,47,Suburban,3,4068.42,3460.27,43.0,Male,1
44373.54,Employed,561.0,High School,28,Suburban,0,13813.14,2136.57,42.0,Male,0
35329.51,Unemployed,514.0,High School,50,Urban,5,7699.5,1851.21,17.0,Male,0
69943.14,Self-Employed,598.0,Bachelor,34,Suburban,3,9023.76,3604.55,72.0,Male,1
23793.8,Employed,494.0,High School,47,Suburban,2,2792.27,458.04,50.0,Female,1
56313.7,Self-Employed,562.0,High School,65,Suburban,4,11235.41,1164.75,22.0,Female,1
48264.15,Self-Employed,570.0,Bachelor,24,Suburban,5,15455.03,2515.05,29.0,Male,0
54708.85,Employed,630.0,Bachelor,24,Suburban,0,21515.88,2076.31,70.0,Male,1
83831.38,Employed,613.0,Bachelor,32,Suburban,3,25921.96,3657.41,66.0,Female,1
36960.65,Employed,536.0,Bachelor,40,Urban,5,10273.63,2278.39,74.0,Female,0
70860.54,Employed,666.0,Bachelor,42,Urban,1,5720.99,2111.57,34.0,Male,1
55920.44,Unemployed,465.0,Bachelor,34,Suburban,5,7029.86,3301.98,79.0,Male,0
51747.04,Employed,543.0,Bachelor,61,Urban,3,27684.8,876.58,26.0,Male,1
63984.07,Employed,531.0,PhD,21,Urban,0,11365.25,2089.84,48.0,Female,0
48469.98,Employed,532.0,High School,45,Urban,5,25810.92,1827.97,19.0,Male,1
31658.16,Unemployed,546.0,Bachelor,45,Urban,0,6415.78,1557.26,36.0,Male,0
47997.06,Employed,586.0,High School,55,Rural,4,16580.65,2377.64,50.0,Male,1
75389.09,Employed,557.0,Bachelor,45,Urban,3,32417.53,2791.66,43.0,Male,0
36551.49,Unemployed,556.0,Bachelor,27,Urban,4,12862.03,1513.68,53.0,Male,0
72928.32,Employed,537.0,Master,35,Rural,1,23640.78,2388.82,36.0,Female,1
90015.16,Self-Employed,544.0,PhD,28,Rural,0,51510.43,4461.01,58.0,Male,1
68465.89,Employed,574.0,Bachelor,42,Urban,2,30228.3,3507.55,48.0,Male,1
52882.25,Self-Employed,539.0,High School,62,Rural,4,19211.73,1900.26,40.0,Male,1
57090.68,Employed,622.0,Master,38,Urban,3,33962.78,1185.92,54.0,Female,1
11655.5,Employed,586.0,High School,37,Suburban,0,,100.0,26.0,Male,0
70785.57,Employed,547.0,Bachelor,41,Urban,3,33351.75,3880.15,52.0,Male,1
79947.14,Self-Employed,506.0,Master,28,Urban,2,44325.78,3945.53,48.0,Male,0
41636.66,Unemployed,471.0,Bachelor,59,Urban,4,23601.14,714.38,63.0,Female,0
68646.54,Employed,534.0,Bachelor,50,Suburban,5,3436.58,3076.4,50.0,Female,1
39776.05,Self-Employed,539.0,High School,53,Urban,5,19453.29,1297.19,42.0,Female,1
54777.73,Employed,540.0,High School,36,Suburban,5,4872.56,2125.86,42.0,Female,1
95082.16,Self-Employed,552.0,PhD,33,Suburban,3,39347.7,3585.92,60.0,Male,1
48985.02,Student,624.0,High School,42,Urban,4,19473.69,2406.48,41.0,Male,0
75141.34,Employed,610.0,Bachelor,31,Rural,0,19339.27,1506.39,36.0,Male,1
78237.35,Employed,664.0,Bachelor,21,Urban,1,21074.38,4121.76,49.0,Female,1
37679.23,Self-Employed,446.0,Bachelor,53,Urban,0,6914.4,1788.48,45.0,Female,0
44787.72,Unemployed,594.0,High School,59,Urban,4,17561.86,601.54,54.0,Male,0
38520.68,Self-Employed,522.0,High School,31,Urban,3,4908.54,2181.77,41.0,Female,0
45387.75,Employed,520.0,Bachelor,49,Urban,5,10963.07,1685.35,24.0,Male,0
52715.19,Self-Employed,550.0,Bachelor,61,Suburban,4,15949.29,2312.49,24.0,Male,1
93312.39,Employed,575.0,Master,54,Suburban,5,34658.05,2032.83,89.0,Male,1
34843.0,Student,517.0,Bachelor,58,Urban,4,11513.2,1496.36,30.0,Female,0
19626.75,Unemployed,544.0,Master,61,Urban,3,14016.83,841.07,68.0,Female,0
9330.88,Unemployed,398.0,High School,32,Suburban,3,6164.29,378.12,33.0,Male,0
45175.69,Unemployed,605.0,Bachelor,24,Urban,0,21843.65,1365.99,27.0,Female,0
36617.62,Student,543.0,Master,57,Suburban,3,8368.35,1424.36,41.0,Female,0
28352.21,Employed,509.0,Master,56,Rural,3,2223.23,492.01,47.0,Female,1
16923.31,Unemployed,539.0,Bachelor,29,Urban,5,0.0,665.32,35.0,Female,0
61503.77,Employed,577.0,Bachelor,61,Suburban,5,31218.42,2782.0,40.0,Male,1
70692.28,Employed,553.0,Master,22,Rural,2,22133.38,3454.2,29.0,Female,0
40314.27,Employed,496.0,High School,37,Suburban,1,,1329.04,32.0,Female,0
52734.68,Employed,616.0,High School,64,Rural,1,29500.79,825.42,45.0,Female,1
75723.94,Employed,515.0,Bachelor,36,Urban,2,30815.61,4694.56,35.0,Male,1
51244.34,Employed,538.0,Master,55,Suburban,5,20295.55,857.49,33.0,Female,0
56181.71,Employed,490.0,Bachelor,22,Urban,5,9884.65,2977.64,54.0,Female,1
52992.77,Employed,571.0,Bachelor,43,Urban,5,14564.11,1257.35,59.0,Male,1
75083.2,Employed,576.0,PhD,56,Rural,1,18711.2,3822.16,37.0,Female,1
42816.49,Self-Employed,478.0,High School,58,Urban,0,6823.52,1570.33,73.0,Male,0
44802.34,Employed,498.0,Master,40,Rural,4,27112.71,1579.24,50.0,Male,1
49788.8,Self-Employed,546.0,High School,24,Suburban,2,3798.14,2884.83,32.0,Male,1
73655.17,Self-Employed,591.0,Master,44,Rural,2,6358.78,4212.11,58.0,Female,0
56658.59,Self-Employed,467.0,Bachelor,54,Rural,4,9084.35,1091.7,30.0,Female,0
66102.53,Employed,536.0,High School,41,Suburban,5,26193.75,3339.88,28.0,Male,1
64785.32,Employed,573.0,Bachelor,64,Rural,1,11123.96,1243.67,39.0,Female,0
67632.23,Employed,624.0,Master,35,Suburban,3,12570.78,3634.42,51.0,Male,1
50037.68,Employed,582.0,Bachelor,57,Suburban,0,5529.4,2263.79,51.0,Male,1
13954.06,Unemployed,473.0,High School,54,Suburban,3,10738.43,514.4,23.0,Female,0
26200.88,Employed,556.0,High School,40,Urban,0,16906.46,1207.73,28.0,Female,1
60843.24,Student,546.0,Bachelor,25,Urban,4,24131.11,2208.65,60.0,Female,1
53040.92,Employed,408.0,Bachelor,36,Urban,3,21825.12,2133.36,57.0,Female,1
30428.44,Self-Employed,581.0,Bachelor,55,Urban,1,17011.81,1453.11,24.0,Female,0
72514.88,Employed,597.0,High School,61,Urban,1,13067.23,3067.03,25.0,Male,1
40414.0,Unemployed,539.0,Bachelor,41,Suburban,3,17783.07,2423.22,30.0,Male,0
53516.54,Unemployed,550.0,Bachelor,34,Suburban,1,5657.88,959.44,57.0,Male,0
43076.87,Employed,548.0,High School,55,Suburban,2,22500.22,1440.24,1.0,Female,1
39100.89,Employed,529.0,Bachelor,63,Rural,0,20279.73,1791.14,35.0,Female,0
57686.23,Employed,543.0,Bachelor,27,Rural,2,26320.02,2971.98,64.0,Female,0
78929.53,Employed,557.0,PhD,35,Rural,4,24998.17,4042.51,58.0,Male,1
54801.49,Employed,555.0,Bachelor,56,Suburban,0,17233.98,2218.27,44.0,Male,1
54702.92,Student,512.0,High School,26,Urban,5,30546.03,2729.69,62.0,Female,0
71182.04,Self-Employed,523.0,Master,64,Rural,1,15782.11,3705.05,50.0,Female,1
62471.46,Employed,575.0,High School,31,Urban,4,18120.22,2841.54,41.0,Male,1
61350.42,Employed,605.0,PhD,42,Urban,0,2882.88,2238.46,57.0,Male,1
43237.11,Employed,499.0,Bachelor,44,Urban,0,16974.03,1325.66,70.0,Male,0
64985.26,Unemployed,538.0,Master,37,Suburban,5,,1598.16,9.0,Male,0
34174.83,Employed,446.0,Master,26,Suburban,5,17734.84,790.15,27.0,Male,1
68635.31,Employed,512.0,Master,22,Urban,1,33312.42,3602.14,48.0,Male,1
49199.67,Employed,486.0,High School,38,Suburban,5,17734.63,2547.46,39.0,Female,1
47654.3,Student,585.0,Master,33,Urban,4,17373.46,2387.15,48.0,Male,1
69470.18,Employed,494.0,Master,61,Urban,1,22095.43,1630.9,43.0,Male,1
66304.46,Self-Employed,589.0,Bachelor,50,Urban,4,22961.26,1750.12,25.0,Male,0
49191.69,Employed,532.0,Bachelor,25,Urban,5,2557.99,757.65,47.0,Female,0
52221.15,Unemployed,575.0,Bachelor,54,Suburban,1,26779.63,1298.69,40.0,Male,0
78737.13,Employed,638.0,Master,48,Urban,2,40722.52,1542.68,61.0,Male,1
47300.62,Unemployed,539.0,Master,26,Urban,1,18304.75,1719.75,60.0,Male,0
30603.53,Student,568.0,Bachelor,39,Urban,0,16103.05,841.86,36.0,Female,0
53640.09,Employed,620.0,Bachelor,54,Suburban,5,27180.81,798.91,47.0,Female,1
78660.05,Employed,646.0,High School,50,Rural,3,26799.01,4199.67,22.0,Male,1
32638.57,Student,490.0,Bachelor,46,Suburban,1,11195.47,1847.63,12.0,Male,0
89961.71,Employed,513.0,Master,43,Suburban,3,30200.76,3628.13,70.0,Male,1
8000.0,Unemployed,479.0,Bachelor,52,Rural,4,290.51,462.95,35.0,Female,0
33088.21,Unemployed,528.0,Master,60,Urban,5,0.0,1728.47,63.0,Female,0
53860.55,Employed,462.0,Bachelor,28,Urban,4,7784.74,2352.47,63.0,Male,1
73236.33,Employed,581.0,Bachelor,39,Suburban,2,20098.18,1750.54,21.0,Male,1
66830.36,Employed,453.0,Master,59,Urban,5,21489.75,2811.62,59.0,Female,1
66651.07,Employed,638.0,High School,43,Suburban,4,7902.64,2198.69,34.0,Female,1
70010.37,Employed,595.0,PhD,28,Suburban,2,18157.19,3686.11,49.0,Male,0
67192.1,Self-Employed,532.0,Master,26,Urban,4,35983.96,2745.46,30.0,Male,1
62069.78,Employed,568.0,Master,53,Suburban,5,23128.81,3203.85,66.0,Male,1
76396.02,Unemployed,594.0,Master,43,Urban,0,42985.57,3975.75,62.0,Female,0
41196.38,Employed,554.0,Bachelor,56,Urban,3,5122.34,751.59,30.0,Female,0
43377.05,Employed,538.0,Bachelor,26,Rural,4,17162.37,2801.5,37.0,Female,1
48330.57,Employed,585.0,Master,48,Suburban,5,13162.92,1720.38,55.0,Female,1
62599.69,Employed,506.0,High School,47,Urban,2,31983.94,3372.33,40.0,Male,0
52884.85,Employed,543.0,Master,41,Urban,2,30657.43,2838.96,40.0,Male,1
61332.2,Unemployed,641.0,High School,40,Urban,1,15389.4,2198.75,35.0,Male,0
67210.2,Employed,553.0,Master,33,Urban,2,10320.38,1786.06,33.0,Female,1
64185.7,Employed,576.0,Bachelor,56,Urban,2,5286.44,1405.96,52.0,Female,1
74946.54,Self-Employed,535.0,Master,35,Urban,4,12326.19,3302.5,55.0,Male,1
52699.11,Self-Employed,646.0,Bachelor,39,Rural,5,21823.88,1059.64,32.0,Male,1
52824.97,Employed,561.0,Bachelor,59,Rural,3,6200.6,1912.46,29.0,Female,1
64270.97,Employed,508.0,Master,49,Suburban,4,12056.48,2608.09,48.0,Female,0
62788.65,Employed,612.0,Bachelor,22,Suburban,4,21098.59,1682.71,39.0,Female,1
38664.46,Employed,480.0,High School,23,Suburban,3,16704.24,1573.71,55.0,Male,0
32118.83,Employed,550.0,High School,45,Suburban,4,5450.73,553.39,27.0,Female,1
63314.52,Employed,610.0,Bachelor,52,Rural,0,12771.12,1736.47,50.0,Female,1
52971.23,Self-Employed,640.0,Bachelor,42,Suburban,2,9044.93,2184.91,42.0,Female,1
8000.0,Unemployed,495.0,Bachelor,64,Suburban,4,215.72,665.73,43.0,Female,0
35872.15,Employed,527.0,High School,59,Rural,3,8249.13,630.88,63.0,Female,0
69949.61,Employed,482.0,High School,41,Suburban,4,33383.15,1259.88,37.0,Female,1
43594.34,Unemployed,515.0,Master,31,Urban,1,28255.23,578.14,70.0,Female,0
54035.13,Employed,518.0,Bachelor,21,Urban,5,6575.69,696.61,35.0,Male,1
29578.09,Self-Employed,507.0,High School,22,Urban,0,0.0,503.29,22.0,Male,0
21482.53,Unemployed,480.0,High School,48,Urban,4,4626.38,920.12,63.0,Female,0
30543.7,Self-Employed,552.0,High School,36,Urban,4,4901.91,640.3,65.0,Female,0
74438.07,Self-Employed,554.0,Master,27,Urban,0,40262.59,2410.65,33.0,Male,1
70739.39,Employed,596.0,Master,24,Urban,1,20930.33,3898.88,43.0,Male,1
30548.06,Student,512.0,Bachelor,42,Rural,5,0.0,1068.99,53.0,Female,0
44566.73,Self-Employed,509.0,Bachelor,47,Urban,4,9981.19,2553.46,56.0,Female,0
88896.61,Employed,568.0,Master,22,Urban,4,17357.52,2121.0,33.0,Female,1
51420.25,Employed,557.0,Bachelor,39,Urban,5,0.0,2511.61,34.0,Male,1
47476.02,Employed,603.0,Bachelor,40,Urban,0,18853.42,1527.13,47.0,Female,0
51355.48,Employed,514.0,Bachelor,23,Suburban,5,18387.0,1677.67,41.0,Female,1
73453.22,Employed,580.0,PhD,60,Suburban,4,9560.39,2696.12,57.0,Male,1
67230.69,Self-Employed,591.0,Bachelor,31,Urban,1,15188.94,3160.91,59.0,Male,1
68956.67,Employed,571.0,Bachelor,27,Suburban,1,33783.53,3531.03,66.0,Female,1
82833.6,Employed,512.0,Master,27,Urban,2,26974.98,2928.61,19.0,Male,1
81448.42,Self-Employed,611.0,High School,43,Suburban,3,13208.51,3305.06,79.0,Female,1
25606.89,Employed,442.0,Bachelor,52,Rural,1,4086.01,617.55,46.0,Female,0
54462.77,Employed,484.0,Bachelor,32,Rural,1,30457.93,1541.44,36.0,Female,1
70192.4,Employed,515.0,PhD,55,Urban,3,19373.18,2865.73,48.0,Male,1
77146.4,Employed,576.0,High School,32,Suburban,4,36190.46,3608.38,63.0,Female,0
46634.05,Student,496.0,Bachelor,29,Suburban,2,22573.24,2283.74,50.0,Male,0
28554.92,Employed,449.0,Master,49,Rural,1,6042.25,1168.3,45.0,Female,1
76513.21,Employed,600.0,Master,55,Urban,0,41886.49,3152.96,49.0,Male,1
44002.49,Student,535.0,Bachelor,54,Suburban,5,11775.27,1586.43,68.0,Female,0
59366.19,Self-Employed,592.0,High School,46,Urban,2,1772.29,1270.11,46.0,Female,0
43147.04,Employed,502.0,High School,60,Urban,0,21369.75,2024.26,62.0,Male,0
63917.41,Employed,562.0,Bachelor,59,Suburban,2,8206.26,2179.81,79.0,Male,0
25942.7,Unemployed,546.0,High School,33,Urban,0,4301.42,1575.81,57.0,Female,0
59929.57,Employed,500.0,Master,49,Urban,1,22869.66,3352.54,56.0,Male,1
68140.86,Employed,541.0,Master,24,Rural,0,23545.32,1459.19,15.0,Male,1
69291.77,Employed,617.0,Master,24,Suburban,5,10479.39,941.28,34.0,Male,1
58750.8,Employed,558.0,High School,40,Rural,2,29426.15,1846.85,76.0,Female,1
55404.83,Employed,546.0,Bachelor,52,Suburban,1,0.0,1179.78,46.0,Female,0
57058.54,Student,553.0,Master,47,Rural,3,8859.98,1500.74,23.0,Male,0
13888.5,Student,548.0,High School,28,Suburban,5,6105.05,796.38,36.0,Female,0
74917.76,Employed,579.0,High School,54,Urban,2,35285.06,3478.81,35.0,Male,1
30341.99,Unemployed,519.0,Bachelor,48,Urban,1,6822.82,621.97,31.0,Male,0
40543.96,Unemployed,530.0,High School,55,Rural,2,11973.55,2644.22,42.0,Male,0
42946.78,Student,462.0,High School,48,Urban,3,26872.22,1388.99,33.0,Male,0
44044.86,Unemployed,559.0,Bachelor,59,Urban,5,8645.59,2595.08,49.0,Male,0
54405.18,Unemployed,514.0,Master,37,Suburban,0,23266.59,1451.81,12.0,Female,0
21900.27,Employed,448.0,High School,22,Urban,3,6910.0,291.77,46.0,Male,0
49397.14,Employed,465.0,Bachelor,47,Urban,0,24577.74,1372.08,63.0,Female,0
70191.94,Employed,504.0,Bachelor,65,Suburban,3,32328.05,4296.07,29.0,Male,1
88831.4,Self-Employed,498.0,Bachelor,25,Urban,0,4126.8,4428.1,73.0,Male,0
43634.63,Student,489.0,Bachelor,64,Suburban,2,20524.11,1425.85,52.0,Male,1
8000.0,Student,465.0,High School,55,Urban,2,2139.87,884.01,45.0,Female,0
22241.72,Unemployed,553.0,High School,22,Suburban,5,12647.58,821.28,40.0,Female,0
41097.75,Unemployed,535.0,Bachelor,45,Urban,1,0.0,1238.01,45.0,Male,0
91641.89,Employed,616.0,PhD,35,Suburban,1,53280.28,5818.4,77.0,Male,1
62725.15,Employed,620.0,Bachelor,50,Urban,3,30977.83,2494.43,51.0,Male,1
36849.12,Self-Employed,398.0,Bachelor,55,Urban,0,23778.14,1270.71,82.0,Female,0
85452.45,Employed,613.0,PhD,37,Rural,0,45164.48,1579.86,33.0,Male,1
72524.75,Self-Employed,591.0,Master,42,Urban,2,8474.3,920.7,64.0,Female,1
54513.59,Self-Employed,588.0,Master,22,Suburban,1,28558.19,1804.67,42.0,Male,1
72798.09,Employed,496.0,Bachelor,21,Urban,4,25570.72,3333.66,46.0,Male,1
55800.78,Self-Employed,527.0,Master,55,Urban,0,27007.92,2485.87,63.0,Female,0
57526.88,Employed,513.0,Bachelor,36,Urban,0,14589.82,2758.22,44.0,Male,0
45054.68,Self-Employed,480.0,Bachelor,60,Rural,1,4975.59,2177.75,72.0,Male,0
41350.88,Unemployed,636.0,Master,47,Urban,5,15690.09,2307.81,35.0,Female,0
75601.4,Employed,556.0,Bachelor,38,Urban,3,19177.25,3359.28,71.0,Male,1
28213.22,Unemployed,555.0,PhD,60,Suburban,1,14615.33,869.29,48.0,Male,0
94561.94,Employed,640.0,PhD,23,Urban,3,36679.33,2959.5,47.0,Male,1
61644.87,Employed,496.0,Bachelor,58,Suburban,3,9246.05,1587.29,28.0,Male,1
37148.72,Employed,503.0,High School,24,Rural,2,0.0,1833.77,29.0,Female,0
47311.45,Unemployed,543.0,Master,63,Suburban,1,8658.25,1534.0,30.0,Male,0
21365.36,Unemployed,521.0,Bachelor,46,Suburban,2,7661.55,791.73,56.0,Female,0
33524.15,Employed,536.0,Bachelor,42,Urban,5,5297.21,1433.56,43.0,Female,1
27788.33,Self-Employed,592.0,High School,50,Rural,4,11476.5,1084.58,52.0,Female,1
14567.66,Unemployed,535.0,Master,56,Suburban,2,5305.7,363.98,39.0,Female,0
38710.37,Student,558.0,PhD,33,Urban,5,20817.91,954.06,23.0,Female,0
18658.73,Employed,543.0,High School,25,Rural,1,4368.67,911.39,45.0,Female,0
81357.28,Employed,650.0,Master,64,Rural,1,28472.38,2204.59,55.0,Male,1
50736.83,Employed,518.0,Master,44,Urban,0,9141.3,3260.71,25.0,Male,1
29381.3,Unemployed,444.0,High School,33,Urban,0,10898.47,885.17,30.0,Female,0
67751.05,Employed,543.0,High School,62,Suburban,1,22343.73,2462.47,35.0,Male,1
63751.33,Employed,502.0,Bachelor,22,Rural,0,25726.62,1484.91,24.0,Female,1
47572.96,Student,497.0,Master,58,Suburban,2,22569.12,2766.17,51.0,Male,0
53641.36,Employed,554.0,Bachelor,21,Urban,0,251.19,1339.27,46.0,Female,1
54702.26,Self-Employed,526.0,High School,50,Urban,0,13244.02,402.0,57.0,Male,1
66683.42,Student,598.0,High School,22,Urban,3,42623.79,2370.48,59.0,Female,1
68195.71,Employed,584.0,Bachelor,27,Urban,3,29596.06,1230.24,37.0,Male,1
61023.3,Employed,577.0,High School,35,Suburban,4,12529.29,1166.27,36.0,Male,1
91995.95,Employed,548.0,Bachelor,29,Urban,2,21888.65,2597.66,75.0,Female,1
54167.4,Employed,511.0,High School,23,Urban,5,13379.45,1585.82,51.0,Female,1
76217.88,Employed,496.0,Master,51,Rural,2,14684.45,3720.27,71.0,Female,0
73165.88,Employed,603.0,Master,55,Urban,1,31692.74,2008.15,24.0,Female,1
76947.36,Employed,670.0,Master,35,Urban,0,18827.33,3668.04,30.0,Male,1
28549.92,Employed,522.0,High School,52,Rural,2,3428.38,1778.15,38.0,Female,1
25062.72,Unemployed,521.0,Bachelor,35,Urban,2,8321.14,1546.7,57.0,Male,0
51315.25,Employed,523.0,Master,30,Rural,3,14902.93,3272.79,75.0,Female,0
73229.03,Self-Employed,568.0,Bachelor,59,Urban,5,12126.48,3537.18,41.0,Male,1
51516.99,Student,604.0,High School,44,Urban,0,1153.99,1343.95,50.0,Male,0
64997.79,Self-Employed,570.0,High School,21,Suburban,2,13658.01,1600.07,49.0,Female,1
55833.44,Self-Employed,582.0,Bachelor,52,Urban,0,32576.29,1613.89,26.0,Female,1
67066.13,Employed,628.0,Bachelor,38,Suburban,4,11861.14,3115.52,38.0,Male,1
74129.93,Employed,629.0,Master,24,Urban,3,16814.51,2770.02,47.0,Female,1
61387.59,Employed,562.0,Master,31,Suburban,0,26448.97,2452.04,28.0,Female,1
65176.98,Employed,571.0,Master,35,Urban,4,6258.06,3174.64,89.0,Male,1
33725.03,Student,504.0,PhD,22,Suburban,0,21815.67,783.78,23.0,Female,0
56711.98,Employed,577.0,Bachelor,53,Suburban,4,23212.79,2802.11,42.0,Male,1
49439.99,Employed,525.0,High School,30,Suburban,5,20488.16,2162.67,51.0,Male,0
47015.81,Unemployed,556.0,High School,28,Urban,3,1952.32,1977.2,49.0,Female,0
70494.88,Student,621.0,Master,29,Suburban,3,7200.07,1438.16,51.0,Male,1
59185.7,Self-Employed,482.0,Bachelor,53,Suburban,0,32932.79,1351.47,27.0,Male,0
96950.75,Employed,528.0,Master,43,Urban,3,13564.16,4205.99,36.0,Female,1
53849.8,Employed,548.0,High School,57,Suburban,0,12081.23,2749.33,50.0,Male,0
65493.8,Employed,597.0,High School,40,Urban,2,18582.22,3222.56,38.0,Female,1
62498.89,Self-Employed,575.0,Master,51,Urban,3,0.0,2980.54,39.0,Female,1
47897.74,Self-Employed,487.0,Master,42,Suburban,4,24077.44,1389.49,30.0,Male,1
43621.71,Unemployed,576.0,Master,47,Urban,4,18062.84,2154.44,34.0,Male,0
76110.76,Employed,668.0,High School,60,Urban,5,40885.03,2932.11,28.0,Male,1
36036.97,Student,486.0,Bachelor,48,Suburban,4,4204.41,388.7,21.0,Female,0
52002.53,Employed,515.0,Bachelor,43,Suburban,0,5368.12,1380.54,36.0,Male,0
65939.01,Employed,569.0,Master,59,Urban,4,,874.92,56.0,Female,1
28157.54,Unemployed,508.0,High School,49,Urban,1,4823.28,1002.57,70.0,Male,0
75906.39,Employed,636.0,Bachelor,62,Urban,5,41565.28,3630.79,67.0,Female,1
79281.82,Employed,599.0,High School,50,Suburban,5,28336.48,3931.78,58.0,Male,1
67089.02,Employed,556.0,Master,51,Suburban,1,9387.54,1726.37,59.0,Male,1
59106.84,Employed,531.0,High School,44,Suburban,0,10744.34,2171.5,44.0,Male,0
85578.13,Employed,527.0,PhD,59,Suburban,5,33130.82,4501.75,61.0,Female,1
42628.22,Self-Employed,596.0,High School,34,Rural,2,6324.98,1352.93,53.0,Female,1
48831.32,Employed,571.0,Bachelor,45,Urban,5,7003.02,1015.1,48.0,Male,1
48858.36,Student,539.0,Master,61,Urban,0,13328.46,2043.12,60.0,Male,0
58180.34,Self-Employed,561.0,High School,30,Urban,1,21437.05,2402.39,57.0,Male,0
39907.18,Unemployed,525.0,High School,40,Urban,2,3913.67,1996.8,34.0,Male,0
11117.17,Unemployed,410.0,Bachelor,22,Urban,0,0.0,937.37,49.0,Female,0
42450.68,Self-Employed,470.0,Bachelor,46,Rural,2,16456.97,1872.99,33.0,Female,1
54944.89,Employed,542.0,Master,36,Urban,5,21021.47,1207.43,52.0,Female,1
55234.38,Unemployed,542.0,Bachelor,46,Urban,1,3899.2,2558.16,42.0,Male,0
40526.39,Employed,531.0,High School,31,Suburban,2,19027.11,2119.51,26.0,Male,1
52082.8,Employed,624.0,Master,58,Rural,0,17251.45,744.35,18.0,Female,1
46558.63,Employed,527.0,High School,65,Urban,3,5076.38,2589.62,80.0,Male,1
66869.98,Employed,534.0,Bachelor,45,Suburban,2,16227.68,1670.77,28.0,Female,1
75532.66,Self-Employed,583.0,Master,48,Rural,3,24119.97,4378.32,71.0,Male,1
62403.6,Student,499.0,Master,41,Urban,3,28081.54,3440.66,62.0,Male,0
61596.14,Self-Employed,568.0,High School,34,Suburban,3,23434.83,3630.45,67.0,Female,1
72531.23,Employed,544.0,High School,41,Urban,4,13725.6,2443.27,32.0,Male,0
30845.37,Employed,527.0,Bachelor,43,Urban,5,720.53,1301.35,35.0,Female,1
70878.67,Employed,566.0,Bachelor,56,Urban,4,,1583.04,28.0,Male,1
64453.02,Employed,559.0,Master,52,Urban,5,10633.77,1304.16,56.0,Male,1
40148.77,Employed,559.0,Bachelor,35,Suburban,0,13424.84,1701.68,66.0,Male,1
40203.98,Self-Employed,564.0,High School,48,Rural,0,11037.78,1672.82,43.0,Male,1
70962.91,Self-Employed,666.0,Bachelor,63,Urban,2,25311.45,870.85,71.0,Male,1
80828.71,Employed,620.0,Bachelor,39,Suburban,0,42521.01,2893.21,53.0,Male,1
45823.5,Employed,528.0,Master,59,Urban,5,29785.95,1845.1,41.0,Female,1
67276.24,Employed,541.0,Bachelor,42,Urban,5,13600.87,3199.74,52.0,Female,0
78484.43,Self-Employed,601.0,High School,27,Suburban,3,23204.25,2472.64,55.0,Male,1
89461.3,Employed,667.0,Bachelor,29,Urban,2,7101.6,1698.64,21.0,Male,1
8000.0,Employed,523.0,Bachelor,35,Suburban,5,2871.55,308.54,40.0,Male,0
96683.2,Self-Employed,579.0,Master,47,Urban,3,14788.43,4329.66,54.0,Female,1
73415.62,Employed,598.0,Master,61,Rural,5,28253.23,3051.89,46.0,Female,1
43389.26,Employed,545.0,PhD,38,Urban,4,16280.12,1626.45,41.0,Male,1
46515.09,Employed,587.0,Bachelor,33,Urban,2,11122.55,1978.42,59.0,Female,0
85866.46,Employed,609.0,Master,50,Suburban,3,9057.08,2820.66,49.0,Male,1
54404.28,Self-Employed,563.0,High School,35,Suburban,0,18669.99,1000.03,23.0,Male,1
53390.66,Employed,496.0,Bachelor,40,Urban,0,15680.81,1519.45,44.0,Male,1
31996.94,Unemployed,555.0,Bachelor,30,Rural,0,2556.03,1483.06,39.0,Female,0
78188.78,Employed,522.0,Master,34,Urban,5,42902.98,4553.44,58.0,Male,1
61310.97,Employed,565.0,Master,23,Urban,0,23964.1,2156.92,45.0,Male,1
52093.24,Employed,523.0,High School,46,Urban,1,31391.13,1839.03,49.0,Male,1
61453.76,Student,534.0,Master,42,Suburban,4,14636.97,2514.36,27.0,Female,0
56487.71,Employed,580.0,Master,28,Suburban,1,2202.2,2381.5,26.0,Male,1
40645.18,Self-Employed,531.0,Master,54,Rural,0,1942.76,669.75,37.0,Male,0
29440.32,Unemployed,408.0,Bachelor,30,Suburban,4,12198.39,1018.42,36.0,Male,0
60666.31,Employed,551.0,PhD,50,Urban,5,4016.33,1807.53,30.0,Female,1
60926.99,Employed,543.0,Master,26,Urban,0,38723.3,3725.23,23.0,Male,0
30088.12,Self-Employed,573.0,Bachelor,22,Urban,3,7820.92,1864.06,48.0,Female,0
42534.31,Unemployed,478.0,Bachelor,26,Suburban,3,2960.32,1074.75,33.0,Male,0
83014.02,Employed,678.0,Master,44,Urban,5,47324.16,3502.15,57.0,Male,1
35824.09,Student,563.0,Master,29,Suburban,5,18824.21,982.34,44.0,Female,0
45220.46,Employed,525.0,Bachelor,35,Suburban,3,26970.67,1053.92,51.0,Female,1
52189.2,Unemployed,529.0,PhD,45,Suburban,5,9121.02,981.83,24.0,Male,0
36330.42,Employed,496.0,High School,49,Urban,1,0.0,681.88,39.0,Female,0
76756.74,Employed,597.0,Bachelor,56,Urban,3,32001.83,3141.4,82.0,Male,1
41670.08,Employed,497.0,Bachelor,39,Rural,1,17532.29,1246.03,45.0,Male,0
27111.51,Unemployed,507.0,Bachelor,25,Suburban,0,13396.52,899.05,62.0,Female,0
43550.98,Employed,486.0,Bachelor,65,Suburban,4,27706.03,3008.08,60.0,Female,1
72112.16,Self-Employed,608.0,Bachelor,55,Suburban,3,31188.18,3488.9,39.0,Male,1
47533.82,Employed,549.0,Bachelor,58,Rural,0,18621.99,470.07,73.0,Female,0
83896.64,Employed,572.0,High School,62,Urban,4,41502.64,2142.99,66.0,Male,1
52306.47,Employed,537.0,High School,52,Rural,5,714.83,3096.22,31.0,Male,1
81376.47,Self-Employed,558.0,Master,65,Urban,2,20858.85,4335.26,54.0,Female,1
46135.92,Employed,553.0,Bachelor,44,Rural,0,4575.3,2387.16,74.0,Female,0
15860.69,Unemployed,439.0,High School,46,Urban,1,6531.37,416.93,47.0,Female,0
47502.59,Self-Employed,582.0,High School,47,Urban,3,9312.56,2025.95,17.0,Female,1
24814.35,Student,516.0,High School,43,Urban,0,9728.73,450.26,27.0,Female,0
15022.06,Self-Employed,474.0,High School,40,Rural,2,3887.92,426.9,25.0,Male,0
72202.8,Self-Employed,603.0,Master,35,Rural,1,10573.16,2314.98,69.0,Female,1
58491.15,Employed,574.0,Bachelor,56,Urban,3,17823.41,3018.76,58.0,Female,1
47495.46,Employed,494.0,Bachelor,35,Urban,1,21913.77,2511.04,43.0,Female,1
67644.07,Employed,629.0,Bachelor,61,Urban,4,10643.53,2899.25,38.0,Male,1
34703.99,Unemployed,410.0,High School,54,Urban,1,11400.04,1930.8,55.0,Male,0
80146.86,Employed,637.0,Bachelor,65,Suburban,0,10368.85,4052.25,53.0,Male,1
84492.25,Employed,587.0,PhD,50,Urban,1,24410.93,2495.34,50.0,Male,1
44646.21,Employed,582.0,High School,47,Rural,5,19305.84,2162.28,55.0,Male,1
33401.42,Unemployed,586.0,High School,36,Rural,4,9298.08,1317.06,44.0,Female,0
57460.54,Employed,536.0,Bachelor,51,Urban,3,21761.46,2229.22,26.0,Female,1
33757.49,Unemployed,504.0,High School,47,Suburban,1,14692.6,270.88,49.0,Male,0
65392.5,Employed,581.0,High School,38,Rural,2,41100.92,3688.58,69.0,Male,1
33471.42,Employed,470.0,Bachelor,24,Rural,2,15115.57,672.2,70.0,Female,1
31050.9,Student,503.0,Bachelor,21,Suburban,5,0.0,565.16,28.0,Male,0
43709.65,Employed,517.0,High School,31,Urban,1,10175.08,2580.35,67.0,Female,1
65904.57,Employed,514.0,Master,52,Urban,4,9505.67,3147.11,70.0,Male,1
53348.09,Student,528.0,High School,62,Suburban,1,7193.87,2370.84,63.0,Male,0
40779.51,Employed,565.0,Bachelor,63,Urban,0,13324.09,1274.35,44.0,Male,1
62557.5,Employed,593.0,Master,44,Suburban,4,17401.89,3784.21,40.0,Female,1
35738.33,Student,516.0,Bachelor,59,Suburban,0,17168.24,916.08,35.0,Male,0
83507.24,Employed,595.0,Bachelor,21,Urban,4,4823.64,2540.8,31.0,Female,1
60257.71,Student,546.0,Bachelor,60,Urban,5,31120.57,1439.56,20.0,Male,1
45580.38,Unemployed,459.0,Bachelor,64,Urban,0,9557.76,869.44,51.0,Male,0
73532.64,Employed,532.0,Master,39,Rural,3,31888.62,3022.86,38.0,Female,0
42208.4,Employed,577.0,Bachelor,23,Urban,0,19735.35,1919.95,15.0,Male,1
92412.57,Employed,659.0,Bachelor,53,Urban,2,29272.7,4107.21,57.0,Male,1
50372.19,Employed,507.0,Master,21,Rural,2,9842.4,1715.24,56.0,Male,1
65854.25,Employed,618.0,High School,49,Suburban,0,26600.98,3245.58,61.0,Female,1
55274.77,Unemployed,498.0,Master,35,Suburban,1,30578.48,3217.24,36.0,Male,0
35964.87,Student,501.0,High School,45,Rural,3,19890.78,1356.11,33.0,Male,0
61228.37,Student,555.0,Bachelor,62,Urban,5,4006.56,2919.43,56.0,Female,0
58948.73,Student,545.0,Master,27,Rural,1,19085.23,3326.11,65.0,Female,0
52610.73,Employed,517.0,Bachelor,22,Rural,5,,1509.0,49.0,Female,1
43676.02,Employed,541.0,High School,46,Urban,1,5108.06,954.39,53.0,Female,1
59845.43,Employed,594.0,Bachelor,52,Urban,0,30051.0,1704.31,41.0,Female,1
68457.9,Employed,506.0,Master,34,Urban,2,37568.88,3009.04,56.0,Male,1
65309.87,Student,572.0,PhD,28,Suburban,0,9786.56,1011.0,43.0,Male,0
50308.84,Unemployed,588.0,Bachelor,52,Suburban,0,9013.22,1658.01,27.0,Female,0
34028.53,Unemployed,503.0,High School,52,Suburban,1,9462.96,876.68,13.0,Female,0
53773.05,Employed,525.0,Bachelor,63,Rural,3,13791.94,1491.41,30.0,Female,1
45190.5,Employed,499.0,Bachelor,59,Suburban,5,20641.62,2426.33,36.0,Female,1
55869.85,Employed,643.0,High School,53,Suburban,3,13679.97,1833.52,64.0,Male,1
41561.0,Employed,600.0,Master,21,Suburban,4,14221.02,2035.79,43.0,Male,1
43037.39,Employed,521.0,Bachelor,32,Suburban,4,3007.68,1328.4,29.0,Female,0
51093.63,Unemployed,599.0,Bachelor,50,Urban,3,4538.73,2331.15,44.0,Male,0
68277.81,Employed,547.0,Bachelor,41,Suburban,0,17453.75,2310.31,50.0,Female,1
44690.05,Self-Employed,530.0,High School,23,Suburban,2,3301.65,887.82,33.0,Female,0
45014.86,Unemployed,490.0,Bachelor,46,Urban,1,28652.84,868.1,31.0,Male,0
60553.92,Employed,477.0,Bachelor,55,Suburban,3,10505.86,1837.74,38.0,Female,0
63221.54,Self-Employed,537.0,Bachelor,53,Suburban,4,7788.06,1967.67,48.0,Female,1
34978.86,Unemployed,504.0,Bachelor,62,Urban,2,14824.18,2108.7,43.0,Female,0
25255.59,Student,528.0,Bachelor,27,Rural,3,7400.32,1806.26,37.0,Male,0
63807.62,Employed,594.0,Bachelor,63,Urban,3,36982.05,1508.75,31.0,Female,1
94374.58,Self-Employed,602.0,Master,44,Suburban,0,6881.17,2363.23,52.0,Male,1
41163.21,Employed,487.0,Bachelor,34,Suburban,4,10551.87,1131.16,35.0,Female,0
60096.3,Employed,529.0,Bachelor,59,Urban,4,12495.95,1910.23,53.0,Male,1
60206.3,Employed,631.0,Master,25,Urban,5,29842.74,2043.03,69.0,Female,1
94197.98,Employed,636.0,Bachelor,22,Urban,2,33905.95,5517.69,46.0,Female,1
43589.12,Employed,599.0,Bachelor,53,Urban,5,6147.27,2635.55,44.0,Female,1
58593.13,Self-Employed,637.0,Master,53,Suburban,1,14104.14,3676.33,29.0,Female,1
56529.71,Employed,524.0,Bachelor,25,Urban,2,32014.26,2519.57,44.0,Male,1
40184.8,Employed,567.0,Master,60,Rural,4,23028.93,1928.89,73.0,Female,1
40370.11,Self-Employed,490.0,Bachelor,58,Urban,2,11019.13,2212.91,55.0,Male,1
66525.75,Employed,615.0,Bachelor,56,Urban,2,10239.16,1995.85,35.0,Female,1
57629.79,Employed,593.0,High School,38,Rural,3,23226.49,2579.85,55.0,Male,1
38607.5,Employed,433.0,High School,62,Suburban,2,11342.71,899.87,23.0,Female,0
80134.95,Employed,606.0,Bachelor,26,Suburban,0,39462.42,3239.12,34.0,Male,1
13237.8,Employed,454.0,High School,56,Suburban,5,5591.54,591.39,48.0,Female,1
12122.92,Unemployed,475.0,Bachelor,58,Rural,4,0.0,329.8,32.0,Female,0
39629.19,Self-Employed,500.0,High School,44,Urban,0,14123.45,1935.04,41.0,Male,0
53865.7,Employed,591.0,High School,36,Urban,1,0.0,1204.45,40.0,Male,1
44236.39,Employed,506.0,Bachelor,42,Rural,3,18685.95,972.6,36.0,Female,0
34984.29,Unemployed,466.0,Bachelor,23,Urban,2,10354.69,2030.89,65.0,Female,0
66275.84,Employed,532.0,Bachelor,22,Suburban,0,40721.26,3495.5,31.0,Male,1
88856.04,Employed,590.0,Master,36,Suburban,2,21665.18,4190.71,44.0,Male,1
63036.46,Employed,582.0,High School,21,Suburban,5,24002.5,3373.43,55.0,Male,1
45842.3,Self-Employed,592.0,High School,49,Suburban,1,15468.03,811.51,22.0,Female,1
55797.88,Self-Employed,576.0,Master,49,Rural,1,25693.22,2086.83,34.0,Female,1
86521.17,Employed,623.0,Master,59,Urban,4,22162.57,1893.75,57.0,Male,1
83263.52,Employed,625.0,Bachelor,33,Suburban,5,20692.75,3042.5,38.0,Female,1
62574.39,Self-Employed,599.0,Bachelor,57,Suburban,1,12782.01,3027.54,62.0,Female,1
58648.43,Employed,603.0,Master,34,Urban,2,25440.93,3123.21,30.0,Female,1
58888.42,Employed,670.0,Bachelor,45,Rural,5,27563.87,3374.49,83.0,Male,1
39704.68,Unemployed,566.0,High School,57,Suburban,5,19845.29,1816.76,54.0,Male,0
45672.81,Employed,551.0,High School,36,Urban,2,31166.38,1400.56,53.0,Male,1
59986.32,Employed,538.0,High School,26,Rural,4,13883.25,2095.87,40.0,Male,1
64960.62,Self-Employed,580.0,Master,57,Rural,1,10220.6,2959.49,50.0,Male,1
77469.87,Self-Employed,636.0,Bachelor,33,Urban,1,7024.14,1387.33,82.0,Male,1
36348.87,Employed,470.0,High School,30,Suburban,5,1790.27,1266.16,25.0,Male,0
23877.84,Employed,564.0,High School,51,Urban,3,5259.25,1141.57,32.0,Female,0
48108.69,Employed,523.0,High School,45,Urban,4,0.0,997.72,35.0,Male,0
66356.05,Employed,558.0,Master,22,Urban,1,38885.98,3514.47,55.0,Female,1
35986.46,Employed,548.0,Master,62,Rural,0,1838.97,1222.54,51.0,Male,0
48873.13,Employed,519.0,Bachelor,44,Urban,0,24493.78,1727.3,51.0,Female,1
89253.33,Employed,621.0,Master,33,Urban,4,25492.69,3696.21,37.0,Male,1
54999.25,Employed,500.0,High School,24,Suburban,1,20481.64,2034.17,57.0,Female,0
60073.41,Employed,598.0,Bachelor,51,Urban,3,22601.07,2908.92,61.0,Female,1
46163.23,Employed,548.0,Bachelor,55,Urban,4,11079.71,2026.1,46.0,Male,1
66754.23,Self-Employed,568.0,High School,54,Urban,4,13871.73,2145.8,36.0,Female,1
37739.81,Student,539.0,Bachelor,49,Suburban,1,13936.55,600.67,42.0,Male,0
64424.91,Employed,564.0,Master,60,Suburban,3,37203.5,2030.23,41.0,Female,1
55111.03,Self-Employed,572.0,High School,48,Suburban,3,24661.56,3227.22,50.0,Male,1
64568.77,Employed,556.0,Bachelor,31,Urban,3,12627.97,1686.44,44.0,Male,1
87376.67,Self-Employed,585.0,Master,30,Suburban,4,38415.3,4891.87,46.0,Male,1
71626.71,Employed,496.0,Master,38,Suburban,2,26073.83,4011.19,56.0,Female,0
47075.13,Unemployed,602.0,Bachelor,53,Urban,1,14798.41,2379.62,63.0,Male,0
33703.56,Student,469.0,High School,22,Urban,1,17207.22,1288.5,52.0,Female,0
76478.59,Employed,655.0,Master,34,Urban,0,21884.49,2952.43,47.0,Male,1
35850.06,Student,513.0,High School,40,Urban,0,12297.68,1797.26,40.0,Male,0
54840.69,Self-Employed,606.0,High School,46,Urban,3,16924.15,1919.09,71.0,Male,1
35874.28,Self-Employed,571.0,High School,27,Rural,5,8109.38,558.89,25.0,Female,0
47508.5,Employed,584.0,Bachelor,25,Suburban,0,12224.94,2603.81,58.0,Female,0
45259.11,Employed,540.0,Bachelor,61,Suburban,1,16703.51,1794.16,62.0,Male,1
41932.13,Unemployed,479.0,Master,25,Urban,0,22918.42,2340.19,30.0,Female,0
53948.08,Employed,542.0,Bachelor,24,Suburban,1,20402.18,1695.78,41.0,Male,1
102440.64,Employed,605.0,PhD,29,Suburban,0,61673.23,2140.83,62.0,Male,1
65881.58,Employed,563.0,Bachelor,36,Rural,5,33222.81,2507.6,37.0,Female,1
59989.61,Employed,504.0,Bachelor,30,Urban,1,20813.17,826.08,41.0,Male,1
42650.33,Self-Employed,521.0,High School,57,Suburban,5,11268.41,2250.9,25.0,Male,0
57225.83,Self-Employed,423.0,High School,26,Urban,4,27175.66,1445.5,36.0,Female,0
68134.19,Unemployed,557.0,Bachelor,27,Suburban,1,38356.45,3240.16,72.0,Male,0
68948.4,Self-Employed,577.0,Master,26,Rural,1,18418.95,1881.27,26.0,Female,1
19199.19,Self-Employed,465.0,High School,50,Suburban,0,3805.84,466.5,13.0,Female,0
52947.47,Student,537.0,Bachelor,60,Suburban,5,6524.11,2197.88,45.0,Female,0
66604.8,Employed,576.0,Bachelor,28,Rural,4,27836.5,3065.46,58.0,Female,1
81988.58,Self-Employed,636.0,Bachelor,45,Rural,4,25700.22,4842.02,52.0,Female,1
30274.8,Unemployed,564.0,High School,37,Urban,0,7906.23,1567.47,38.0,Male,0
50078.53,Self-Employed,558.0,High School,48,Urban,5,11420.07,2443.22,58.0,Female,1
63753.6,Self-Employed,563.0,Bachelor,50,Suburban,1,28034.81,3247.05,70.0,Male,1
47540.33,Employed,557.0,Master,33,Rural,3,9459.93,2324.1,54.0,Female,1
54181.38,Employed,632.0,Master,48,Suburban,3,17872.58,3389.81,66.0,Male,1
53990.37,Self-Employed,573.0,High School,23,Urban,0,15335.28,1512.8,42.0,Female,1
21854.57,Self-Employed,516.0,High School,42,Suburban,2,9844.66,1533.97,33.0,Female,0
42244.65,Employed,582.0,Bachelor,64,Urban,0,10902.06,770.85,17.0,Male,1
62235.16,Employed,564.0,High School,61,Urban,1,25721.14,1447.67,22.0,Female,1
77467.59,Employed,545.0,Master,23,Urban,1,32507.46,3489.63,51.0,Male,1
80746.12,Employed,609.0,Bachelor,23,Urban,0,30164.33,3368.58,71.0,Male,1
69948.5,Employed,581.0,Master,58,Suburban,4,29392.9,3784.03,40.0,Female,1
54156.34,Employed,541.0,High School,30,Urban,4,31563.88,1982.21,91.0,Male,1
97336.04,Employed,637.0,PhD,50,Urban,3,54544.27,2356.24,44.0,Male,1
60656.94,Employed,478.0,Master,45,Suburban,2,32184.33,2650.48,33.0,Male,1
44999.93,Unemployed,513.0,Master,39,Urban,1,20327.73,1962.77,37.0,Male,0
65032.23,Employed,527.0,Master,34,Urban,3,17829.21,2069.51,44.0,Female,1
62756.98,Self-Employed,528.0,Bachelor,54,Urban,4,33658.5,2318.31,67.0,Female,1
49000.66,Employed,536.0,High School,32,Urban,1,12664.53,2160.72,48.0,Female,0
36724.28,Employed,485.0,Bachelor,55,Suburban,1,7080.34,499.39,19.0,Male,1
62001.12,Employed,637.0,Master,31,Urban,5,9957.06,3076.97,77.0,Female,1
65526.64,Employed,587.0,Master,60,Urban,4,18097.57,2258.9,37.0,Female,1
59722.31,Employed,523.0,Bachelor,52,Urban,2,26610.17,913.88,27.0,Female,1
63258.99,Employed,485.0,Master,45,Urban,1,12348.96,2491.67,54.0,Male,1
61584.24,Employed,535.0,High School,25,Urban,1,38886.13,1721.76,59.0,Male,1
23842.11,Self-Employed,492.0,High School,30,Urban,1,10656.5,790.57,53.0,Female,0
64236.39,Employed,536.0,Bachelor,49,Urban,5,39567.71,1727.26,17.0,Female,1
88892.9,Employed,715.0,Bachelor,46,Urban,2,27215.0,1926.25,69.0,Male,1
13897.88,Unemployed,419.0,High School,25,Rural,3,9385.61,100.0,20.0,Female,0
70864.16,Employed,577.0,Master,25,Urban,5,37119.85,1561.3,52.0,Male,1
58294.62,Employed,551.0,Bachelor,48,Urban,4,35541.38,3134.12,58.0,Male,1
51547.44,Employed,536.0,Bachelor,37,Suburban,3,12921.64,1204.46,50.0,Female,0
32572.97,Self-Employed,432.0,High School,42,Urban,1,3878.87,376.03,34.0,Female,0
80873.38,Employed,587.0,High School,48,Suburban,2,12140.89,4050.62,73.0,Male,1
48786.78,Student,551.0,Bachelor,59,Urban,0,820.46,3145.99,51.0,Female,0
52938.05,Employed,581.0,Master,32,Suburban,3,7047.34,1274.45,62.0,Female,1
35230.3,Employed,545.0,High School,52,Rural,1,15145.36,1252.86,24.0,Male,1
46922.52,Unemployed,595.0,Master,59,Urban,2,16046.44,2611.02,75.0,Female,0
31484.9,Self-Employed,426.0,Master,62,Urban,2,8911.28,1507.78,17.0,Female,0
63792.33,Student,554.0,Master,64,Suburban,0,37488.11,3444.29,78.0,Female,0
41292.24,Self-Employed,645.0,Bachelor,21,Rural,3,15741.91,1610.67,36.0,Female,1
63831.9,Employed,612.0,Bachelor,24,Urban,4,37355.94,3158.88,57.0,Female,1
71533.97,Self-Employed,510.0,Master,60,Suburban,4,35144.51,3300.86,45.0,Male,1
76479.49,Employed,586.0,Bachelor,30,Urban,1,29087.41,3618.96,40.0,Male,1
54389.38,Employed,504.0,High School,34,Suburban,2,27939.59,2021.26,39.0,Female,0
69147.63,Employed,553.0,Bachelor,42,Urban,3,40425.6,4380.37,69.0,Female,1
74285.98,Employed,669.0,Bachelor,50,Suburban,4,24991.08,2844.69,55.0,Male,1
55046.3,Self-Employed,595.0,Bachelor,22,Urban,0,15607.13,991.24,59.0,Male,1
93270.81,Self-Employed,538.0,Master,50,Suburban,2,30921.9,4652.27,67.0,Female,1
52293.11,Student,513.0,Bachelor,25,Urban,4,13396.73,948.33,46.0,Male,0
50580.26,Employed,545.0,High School,37,Suburban,0,25884.1,662.43,64.0,Male,1
58383.43,Employed,545.0,PhD,61,Suburban,0,7076.24,2870.93,57.0,Female,0
39894.27,Employed,544.0,High School,26,Rural,0,9744.8,2235.63,32.0,Female,0
49027.84,Employed,508.0,High School,23,Rural,1,28259.86,1587.76,25.0,Female,0
64429.16,Employed,549.0,Master,42,Suburban,0,28946.59,1347.09,70.0,Female,1
102411.72,Employed,584.0,PhD,32,Suburban,2,23370.55,2322.5,46.0,Male,1
50150.22,Self-Employed,528.0,Bachelor,32,Urban,1,17427.43,1594.1,44.0,Female,1
65189.64,Employed,598.0,Bachelor,40,Rural,4,1962.28,2826.15,41.0,Male,1
40116.78,Self-Employed,544.0,Bachelor,28,Suburban,2,10438.8,418.57,14.0,Male,1
98748.12,Employed,583.0,Master,21,Urban,5,55672.68,5094.71,90.0,Female,1
48095.44,Employed,593.0,Master,62,Urban,0,24197.88,2632.41,30.0,Female,1
58114.27,Unemployed,604.0,High School,57,Suburban,1,33068.98,3383.97,38.0,Female,0
60962.41,Employed,560.0,Master,39,Rural,4,5276.08,2011.89,41.0,Male,1
17481.72,Employed,487.0,Bachelor,58,Rural,0,5413.24,1113.8,34.0,Female,0
52280.57,Student,627.0,High School,65,Suburban,2,20549.13,1377.88,34.0,Female,0
51234.87,Employed,619.0,High School,38,Urban,3,6814.42,2265.85,57.0,Female,1
36198.39,Employed,457.0,High School,28,Rural,5,20294.76,2522.49,65.0,Female,0
76625.22,Employed,636.0,Master,30,Suburban,1,9619.97,3999.8,55.0,Male,1
62966.12,Self-Employed,641.0,Bachelor,64,Suburban,1,36362.37,1781.43,49.0,Female,1
61218.75,Employed,590.0,Bachelor,61,Suburban,0,9867.17,1104.53,27.0,Female,1
62025.58,Self-Employed,541.0,High School,52,Suburban,2,34616.35,2033.59,54.0,Female,1
51788.24,Student,532.0,Master,51,Suburban,1,29073.86,1263.86,38.0,Female,0
64745.86,Employed,643.0,Bachelor,34,Suburban,1,31936.26,2670.03,43.0,Female,1
55173.53,Employed,590.0,Master,44,Rural,1,30348.13,2830.41,64.0,Male,1
51483.46,Student,571.0,Bachelor,37,Rural,5,13226.72,2415.73,26.0,Male,0
58238.97,Employed,661.0,Master,38,Urban,3,19483.72,1795.29,60.0,Female,1
26131.89,Student,465.0,Bachelor,53,Urban,3,5111.76,960.57,40.0,Female,0
36906.07,Student,522.0,Bachelor,45,Suburban,2,5423.12,1168.11,34.0,Female,0
47863.29,Student,550.0,Master,40,Suburban,3,8748.52,1645.48,70.0,Male,0
72916.26,Employed,568.0,Bachelor,32,Suburban,2,26101.22,3396.55,65.0,Male,1
37201.99,Employed,444.0,Master,50,Rural,0,9452.79,347.04,12.0,Female,0
46404.5,Unemployed,585.0,High School,41,Urban,1,26270.71,2646.33,63.0,Female,0
52655.38,Employed,515.0,Bachelor,23,Urban,1,24587.28,2262.8,56.0,Male,1
22026.57,Employed,470.0,Master,51,Rural,1,9657.38,773.63,20.0,Female,0
44889.16,Employed,521.0,Master,36,Rural,0,16161.02,2790.61,48.0,Male,0
57386.97,Employed,545.0,Bachelor,39,Urban,5,27486.0,1781.3,57.0,Male,1
48663.39,Unemployed,537.0,Bachelor,65,Urban,2,0.0,604.46,11.0,Male,0
53000.51,Student,592.0,Master,51,Urban,2,20182.76,1233.15,54.0,Male,0
40856.92,Employed,584.0,Bachelor,24,Suburban,5,5284.09,2429.81,42.0,Male,0
51321.98,Employed,535.0,Master,54,Suburban,5,4585.87,1145.75,39.0,Female,1
32107.1,Employed,492.0,High School,34,Urban,1,5254.37,1668.58,61.0,Female,0
53881.34,Employed,544.0,High School,54,Urban,5,12634.22,1769.82,33.0,Female,1
63641.1,Self-Employed,524.0,Master,36,Suburban,2,29990.93,3339.15,36.0,Male,1
66206.58,Self-Employed,566.0,Bachelor,46,Suburban,2,33672.23,3521.44,64.0,Male,1
32447.03,Employed,477.0,Bachelor,52,Suburban,5,17737.11,1649.38,45.0,Male,0
47990.25,Self-Employed,637.0,Bachelor,29,Urban,5,12848.53,506.09,31.0,Female,1
108431.97,Employed,634.0,PhD,27,Urban,5,4565.14,5303.67,42.0,Male,1
67615.52,Employed,546.0,Bachelor,52,Urban,1,3949.11,3594.21,47.0,Female,0
42558.39,Unemployed,566.0,PhD,24,Rural,0,8479.05,1728.48,35.0,Female,0
43189.69,Employed,479.0,Bachelor,57,Urban,1,6722.08,2572.78,45.0,Female,0
75616.21,Employed,549.0,Bachelor,40,Suburban,1,24553.45,2860.29,26.0,Male,1
67990.07,Self-Employed,589.0,High School,25,Suburban,3,14763.38,2695.4,38.0,Female,1
37769.98,Employed,533.0,Bachelor,55,Rural,0,5679.58,1505.96,49.0,Male,0
38188.97,Employed,575.0,High School,61,Urban,1,3055.24,1712.81,42.0,Male,1
34182.01,Unemployed,399.0,High School,24,Urban,4,1061.16,1758.02,41.0,Female,0
56584.25,Employed,591.0,Bachelor,63,Rural,3,12219.95,2361.37,33.0,Female,0
73241.68,Employed,553.0,Master,39,Urban,4,2687.71,2589.12,34.0,Female,1
86650.55,Employed,544.0,Bachelor,51,Suburban,5,4602.57,3316.19,47.0,Male,0
41427.68,Self-Employed,455.0,Bachelor,32,Urban,5,7989.25,2312.2,46.0,Female,1
51597.87,Employed,522.0,Bachelor,25,Rural,5,24721.78,1313.45,29.0,Female,1
49817.91,Unemployed,616.0,Bachelor,65,Suburban,4,12331.18,3187.43,54.0,Male,0
76656.29,Employed,626.0,Master,50,Urban,3,14808.1,3638.85,56.0,Female,1
51282.78,Self-Employed,620.0,Master,32,Rural,3,17391.86,1843.63,29.0,Male,0
33875.14,Unemployed,516.0,Master,37,Suburban,4,14722.23,2056.01,64.0,Female,0
38111.67,Self-Employed,532.0,High School,55,Suburban,5,19606.58,1775.52,32.0,Female,0
81551.86,Self-Employed,519.0,Bachelor,34,Urban,3,20755.39,4950.72,46.0,Female,0
51322.93,Employed,475.0,Master,51,Urban,3,29213.36,2224.66,37.0,Female,1
62135.36,Employed,555.0,Master,22,Suburban,2,7205.48,3142.24,30.0,Male,0
69631.78,Employed,511.0,Bachelor,65,Urban,4,38404.97,1804.06,18.0,Female,1
34667.81,Employed,484.0,Bachelor,53,Rural,2,13858.09,970.05,56.0,Female,0
73870.27,Employed,581.0,Master,36,Urban,2,15517.09,1585.61,57.0,Male,1
44507.03,Self-Employed,594.0,PhD,46,Suburban,3,8733.17,2026.12,32.0,Male,0
60889.02,Employed,561.0,Bachelor,28,Urban,3,8262.93,1295.02,51.0,Female,1
32785.62,Student,459.0,High School,41,Suburban,2,13692.88,1725.65,34.0,Female,0
70454.14,Self-Employed,492.0,Master,36,Urban,0,37586.96,2072.54,30.0,Male,1
44966.01,Employed,543.0,Bachelor,38,Urban,4,23320.92,2581.92,44.0,Female,0
53415.86,Employed,521.0,High School,57,Urban,0,35689.27,3118.79,47.0,Female,1
58414.27,Employed,562.0,Bachelor,39,Suburban,0,12583.93,2130.04,61.0,Male,1
81486.81,Employed,580.0,Bachelor,21,Urban,0,18800.28,1530.77,7.0,Male,1
72567.62,Employed,574.0,Master,41,Suburban,4,34494.04,2744.31,44.0,Female,1
44265.26,Employed,590.0,Master,23,Urban,4,10990.21,2670.32,82.0,Female,1
32511.22,Self-Employed,567.0,High School,42,Suburban,3,5347.18,1894.3,11.0,Female,1
41754.64,Employed,549.0,High School,51,Suburban,0,4601.97,1950.49,36.0,Male,0
68705.79,Employed,531.0,Master,25,Urban,0,16415.15,2967.85,45.0,Female,1
47463.24,Employed,516.0,High School,23,Urban,3,21205.41,1463.89,45.0,Female,1
55401.17,Employed,587.0,Bachelor,38,Urban,5,7595.1,2091.29,56.0,Female,1
101266.0,Employed,676.0,Bachelor,42,Suburban,4,2300.49,4488.13,60.0,Male,1
41306.55,Self-Employed,475.0,Bachelor,23,Rural,3,0.0,1284.75,65.0,Female,0
88862.99,Self-Employed,669.0,Master,35,Urban,3,36509.57,4822.91,53.0,Male,1
48789.58,Employed,508.0,High School,55,Suburban,4,10140.86,2542.73,64.0,Male,0
15322.14,Student,525.0,Master,46,Suburban,1,1761.57,243.72,34.0,Female,0
55869.88,Self-Employed,679.0,Bachelor,44,Suburban,0,19071.34,1432.91,54.0,Female,0
71788.46,Employed,504.0,Bachelor,25,Suburban,2,11883.57,1311.48,32.0,Female,1
48501.71,Unemployed,565.0,Master,56,Rural,0,26529.16,3004.96,37.0,Female,0
52842.26,Self-Employed,535.0,High School,47,Suburban,1,,676.58,19.0,Male,0
63355.89,Employed,584.0,Master,40,Rural,5,23387.21,2066.45,42.0,Male,1
46580.12,Employed,512.0,High School,48,Urban,2,16233.97,649.05,28.0,Male,1
64443.53,Unemployed,454.0,PhD,27,Rural,2,15635.06,1451.28,47.0,Male,0
36486.95,Employed,491.0,High School,51,Rural,4,15683.39,1518.19,53.0,Female,0
41394.94,Employed,548.0,Bachelor,34,Rural,1,16054.26,760.38,54.0,Female,1
36159.48,Unemployed,586.0,High School,22,Urban,4,15167.68,1458.97,55.0,Female,0
30498.88,Unemployed,535.0,Bachelor,31,Rural,3,17665.53,1027.67,57.0,Male,0
71212.97,Self-Employed,641.0,High School,37,Urban,3,6432.78,2347.16,57.0,Male,1
58009.2,Employed,534.0,High School,40,Suburban,2,24253.56,2571.47,31.0,Male,1
38330.45,Employed,502.0,High School,31,Urban,5,7152.23,770.43,43.0,Female,1
13829.09,Unemployed,508.0,High School,56,Suburban,5,980.29,385.04,26.0,Male,0
47396.12,Self-Employed,524.0,Bachelor,32,Urban,0,11640.07,2230.01,44.0,Female,0
73069.35,Unemployed,628.0,Bachelor,26,Urban,1,13157.0,3683.98,53.0,Female,0
46436.41,Employed,476.0,High School,31,Urban,4,3959.54,1889.32,7.0,Female,0
66374.18,Student,607.0,Master,39,Urban,3,10103.46,986.83,24.0,Male,1
42415.3,Employed,588.0,Bachelor,23,Urban,4,19348.13,2336.13,39.0,Male,1
26753.78,Employed,528.0,High School,25,Rural,1,12757.04,957.0,1.0,Female,1
32173.52,Unemployed,560.0,Bachelor,28,Suburban,3,15557.09,1277.22,61.0,Female,0
84516.47,Employed,565.0,Bachelor,38,Suburban,0,48060.16,1939.59,47.0,Male,1
29638.98,Self-Employed,478.0,Bachelor,63,Rural,5,7812.45,1613.02,45.0,Female,0
60553.98,Employed,576.0,Master,47,Urban,4,28411.93,2489.27,63.0,Male,1
52525.41,Unemployed,516.0,Bachelor,24,Suburban,3,13211.97,2621.83,59.0,Male,0
98888.83,Employed,628.0,PhD,24,Suburban,0,55674.28,4033.83,66.0,Male,1
76561.05,Employed,596.0,Master,25,Urban,5,15989.49,2057.36,61.0,Male,1
83138.03,Self-Employed,589.0,PhD,23,Suburban,1,34861.2,4101.19,60.0,Male,1
25546.17,Unemployed,522.0,Bachelor,43,Suburban,0,16268.23,1079.62,45.0,Male,0
20156.19,Student,531.0,Bachelor,53,Suburban,2,11261.56,1655.43,50.0,Female,0
49812.64,Employed,540.0,Master,40,Suburban,5,5078.36,987.2,20.0,Male,1
50899.62,Self-Employed,524.0,Master,39,Urban,2,6117.69,1334.21,10.0,Female,0
50384.04,Employed,582.0,High School,47,Suburban,0,14727.93,2719.91,18.0,Female,1
35705.43,Employed,536.0,High School,36,Urban,5,21021.02,1629.64,54.0,Male,1
50756.02,Employed,566.0,High School,57,Rural,3,23192.68,1658.64,35.0,Male,1
45272.2,Employed,564.0,High School,51,Urban,3,3393.71,1622.24,39.0,Female,0
54562.23,Employed,558.0,Master,65,Suburban,3,30147.58,1261.31,44.0,Female,1
76275.57,Employed,567.0,Master,24,Suburban,0,22064.53,1058.74,62.0,Female,1
39614.54,Employed,502.0,High School,40,Urban,4,26868.45,1421.26,52.0,Male,1
63535.57,Unemployed,560.0,Bachelor,59,Urban,0,34183.46,3559.86,56.0,Male,0
66462.65,Employed,590.0,High School,51,Urban,1,38822.36,2477.95,54.0,Male,1
28148.47,Unemployed,537.0,Master,55,Suburban,3,13167.56,990.43,74.0,Female,0
57033.54,Unemployed,561.0,Master,42,Rural,3,23518.06,2188.89,31.0,Female,0
37376.44,Employed,542.0,High School,38,Urban,1,13628.29,1742.21,65.0,Male,1
72396.2,Self-Employed,527.0,Bachelor,54,Suburban,0,21371.05,3099.18,51.0,Female,0
75994.01,Employed,561.0,PhD,42,Rural,1,28348.74,2427.63,46.0,Male,1
31313.16,Employed,548.0,Bachelor,39,Suburban,0,6496.8,1732.84,53.0,Female,0
41569.33,Self-Employed,495.0,Master,38,Rural,5,4238.98,2378.53,19.0,Male,0
51925.38,Employed,554.0,Bachelor,26,Urban,0,9056.56,2174.36,30.0,Female,1
63016.93,Employed,566.0,High School,56,Urban,4,11158.67,3186.71,57.0,Female,1
35439.65,Unemployed,519.0,Bachelor,59,Urban,2,12402.38,970.63,47.0,Female,0
49065.69,Self-Employed,574.0,High School,22,Urban,1,15327.09,1505.44,51.0,Male,0
63602.54,Employed,574.0,Master,39,Suburban,0,9667.54,2212.83,57.0,Female,1
29073.74,Employed,461.0,Master,51,Rural,0,13883.38,1331.3,72.0,Female,0
54363.38,Unemployed,574.0,Bachelor,27,Urban,5,27881.33,2639.54,39.0,Male,0
60094.87,Student,536.0,Bachelor,34,Rural,4,10139.23,3207.05,57.0,Male,0
75840.42,Self-Employed,520.0,Master,64,Urban,1,35429.94,3734.66,65.0,Female,0
61647.71,Self-Employed,595.0,Master,56,Urban,3,5457.48,3337.18,57.0,Male,0
41724.38,Employed,479.0,Bachelor,60,Rural,5,18346.4,1801.33,42.0,Male,1
46770.94,Employed,524.0,Master,65,Rural,1,,852.72,28.0,Male,1
14002.89,Unemployed,506.0,High School,51,Suburban,5,3700.33,829.19,36.0,Male,0
101968.44,Self-Employed,616.0,Master,33,Urban,3,55132.03,2015.21,65.0,Male,1
56817.66,Employed,526.0,Bachelor,63,Urban,2,22124.85,2546.32,81.0,Female,1
65570.29,Self-Employed,522.0,High School,41,Urban,5,35317.72,2416.11,21.0,Male,1
75744.57,Employed,547.0,Master,45,Suburban,2,12347.54,3758.91,54.0,Female,0
72139.16,Employed,528.0,Master,45,Urban,0,6898.39,4444.73,31.0,Male,0
51025.17,Self-Employed,540.0,Master,45,Suburban,0,18518.88,1372.44,31.0,Male,1
69780.4,Employed,548.0,Bachelor,45,Urban,4,24280.69,3869.91,58.0,Male,1
46762.14,Employed,478.0,Master,55,Suburban,3,26528.55,2033.78,27.0,Female,1
75034.57,Employed,567.0,Master,28,Urban,5,17202.21,3119.95,44.0,Female,1
43446.86,Employed,506.0,Bachelor,40,Suburban,1,3212.7,2166.14,37.0,Male,0
24457.6,Unemployed,520.0,High School,47,Suburban,3,,400.09,40.0,Male,0
56432.49,Employed,570.0,Master,46,Rural,2,27310.89,1481.49,36.0,Male,1
75984.28,Employed,642.0,Bachelor,53,Rural,5,15979.11,2636.43,66.0,Male,1
16488.57,Self-Employed,526.0,Bachelor,36,Suburban,4,10012.32,521.27,37.0,Female,0
84961.79,Unemployed,546.0,Master,63,Urban,1,34195.96,2422.76,34.0,Male,0
28911.42,Self-Employed,417.0,High School,21,Rural,4,7226.88,860.99,16.0,Female,0
42149.57,Student,465.0,Master,53,Rural,4,8471.23,2063.39,32.0,Female,0
59199.6,Self-Employed,535.0,Bachelor,28,Rural,2,11661.25,2549.2,45.0,Male,0
49914.23,Self-Employed,472.0,High School,48,Suburban,2,24301.87,2198.0,53.0,Female,0
90654.45,Employed,575.0,PhD,22,Urban,1,25739.78,2118.71,56.0,Male,1
72155.59,Employed,578.0,Master,31,Suburban,2,30473.25,2492.72,61.0,Female,1
84554.93,Employed,569.0,High School,38,Urban,0,19390.65,4617.58,66.0,Male,1
74973.94,Self-Employed,593.0,Master,25,Urban,3,34489.86,4034.39,70.0,Female,1
62239.57,Self-Employed,535.0,Master,35,Urban,3,6377.66,2978.07,45.0,Female,1
56704.8,Self-Employed,520.0,Master,49,Suburban,3,21289.16,2613.38,45.0,Male,0
39317.2,Self-Employed,606.0,High School,28,Urban,5,4679.13,2447.6,38.0,Female,1
68398.66,Self-Employed,569.0,High School,49,Suburban,2,22922.51,1106.48,28.0,Male,1
93328.03,Employed,612.0,Master,42,Suburban,0,40382.06,1953.92,65.0,Male,1
78061.52,Employed,623.0,Master,58,Suburban,2,28091.82,3722.62,51.0,Female,1
8000.0,Employed,524.0,High School,49,Urban,2,5062.99,194.39,19.0,Male,0
17292.75,Employed,481.0,Bachelor,41,Rural,2,14455.9,470.16,24.0,Female,0
29886.57,Unemployed,563.0,High School,58,Urban,5,4287.21,1737.24,75.0,Female,0
55499.62,Employed,532.0,Bachelor,28,Urban,5,20005.68,1001.78,44.0,Female,1
59298.63,Employed,604.0,Bachelor,46,Suburban,3,30903.95,2411.92,54.0,Male,1
70776.14,Self-Employed,519.0,High School,31,Urban,4,40221.79,2410.26,39.0,Male,1
73028.35,Employed,564.0,Bachelor,41,Suburban,1,41533.73,2315.2,13.0,Female,1
64623.7,Employed,576.0,Bachelor,42,Urban,2,7668.18,2292.31,27.0,Male,0
28141.79,Employed,530.0,Bachelor,47,Rural,5,16013.86,863.39,29.0,Female,1
51561.94,Employed,509.0,Master,35,Urban,2,9709.43,1730.38,34.0,Male,1
46011.43,Self-Employed,465.0,High School,50,Rural,2,22603.35,2067.97,45.0,Male,0
53252.34,Employed,570.0,High School,29,Suburban,5,7825.78,1577.46,55.0,Female,1
39740.37,Employed,521.0,Bachelor,28,Urban,4,6529.45,1290.68,42.0,Female,1
64907.83,Employed,548.0,Bachelor,25,Suburban,4,33331.99,2390.69,53.0,Female,1
23714.35,Employed,582.0,High School,42,Urban,4,12835.41,931.33,53.0,Female,0
31052.6,Employed,504.0,PhD,39,Rural,3,3865.65,700.57,60.0,Male,0
37873.09,Employed,504.0,High School,58,Suburban,3,10579.59,1066.59,26.0,Male,1
69595.95,Self-Employed,492.0,High School,36,Suburban,4,35623.72,3475.07,58.0,Male,1
88834.28,Employed,551.0,Master,47,Urban,0,36728.65,4231.97,63.0,Female,1
24075.91,Student,547.0,Master,64,Rural,0,11639.67,1036.16,44.0,Male,0
12222.69,Unemployed,458.0,Bachelor,48,Suburban,5,1500.68,286.13,30.0,Female,0
62414.03,Employed,591.0,High School,59,Suburban,0,9254.21,2070.19,30.0,Male,1
51389.65,Employed,488.0,Bachelor,43,Urban,3,23333.74,2109.66,43.0,Female,1
68495.61,Self-Employed,532.0,High School,29,Urban,1,25034.04,2399.09,50.0,Female,0
66169.92,Employed,527.0,Bachelor,41,Suburban,4,37064.8,1682.06,59.0,Female,1
52745.9,Unemployed,570.0,Bachelor,54,Suburban,2,6798.45,1433.28,40.0,Male,0
38671.8,Employed,519.0,Bachelor,26,Rural,1,1955.8,1237.46,23.0,Female,0
65657.17,Employed,517.0,Bachelor,42,Suburban,4,11882.11,2051.09,30.0,Male,1
77245.75,Unemployed,616.0,Master,44,Suburban,5,29423.86,2115.87,27.0,Male,0
51133.73,Self-Employed,568.0,High School,62,Suburban,4,13147.1,1405.99,40.0,Male,1
50324.97,Employed,560.0,High School,64,Suburban,1,0.0,1803.54,23.0,Male,1
57464.6,Self-Employed,569.0,Master,48,Urban,5,25968.71,2816.39,37.0,Female,1
22970.96,Employed,468.0,High School,30,Rural,5,4976.88,392.58,61.0,Male,0
37515.81,Employed,583.0,High School,30,Urban,1,25769.67,891.16,36.0,Male,1
13622.66,Unemployed,488.0,High School,47,Suburban,3,1044.64,382.0,38.0,Female,0
26335.49,Employed,523.0,Bachelor,29,Rural,4,1824.25,940.95,20.0,Female,0
31847.77,Employed,536.0,Bachelor,51,Suburban,3,19854.45,1128.7,39.0,Female,1
21277.23,Employed,461.0,Bachelor,64,Urban,5,0.0,1220.46,16.0,Female,0
27262.34,Unemployed,597.0,Bachelor,29,Suburban,1,17808.53,1460.03,44.0,Male,0
68128.72,Employed,569.0,Bachelor,62,Urban,1,38257.77,3202.92,32.0,Female,1
47252.22,Self-Employed,542.0,High School,22,Urban,5,18221.81,2420.74,66.0,Male,0
60320.21,Self-Employed,541.0,Master,42,Suburban,0,35938.41,2937.75,78.0,Male,1
62501.67,Unemployed,614.0,PhD,38,Rural,0,33092.02,3370.87,42.0,Male,0
83334.48,Employed,646.0,Bachelor,46,Urban,5,28074.01,1656.67,19.0,Female,1
89099.95,Employed,608.0,Bachelor,42,Rural,5,,2458.38,40.0,Male,1
53167.66,Student,483.0,Master,45,Urban,0,3341.32,1241.54,16.0,Female,0
42772.98,Employed,527.0,High School,26,Rural,4,3850.83,1223.26,35.0,Male,0
52803.81,Employed,546.0,Bachelor,55,Suburban,4,28765.0,1360.97,28.0,Male,1
71868.02,Employed,556.0,Master,63,Rural,5,28273.28,3515.22,69.0,Male,1
24655.41,Unemployed,464.0,High School,42,Rural,2,10457.24,1450.71,11.0,Male,0
24709.06,Unemployed,439.0,High School,59,Rural,1,4663.53,570.28,18.0,Male,0
53702.96,Employed,616.0,Bachelor,26,Suburban,2,27846.21,1556.17,55.0,Female,1
43867.95,Employed,569.0,Bachelor,53,Urban,3,9069.09,1964.58,35.0,Female,1
25017.05,Self-Employed,510.0,Bachelor,35,Urban,5,7888.36,864.92,62.0,Male,0
36961.45,Employed,497.0,High School,51,Suburban,5,3245.05,911.97,40.0,Female,1
71862.19,Unemployed,592.0,Master,46,Urban,2,22578.13,3477.68,55.0,Male,0
68157.14,Employed,580.0,High School,22,Rural,0,21696.47,3272.25,56.0,Male,1
84096.74,Employed,575.0,Master,36,Urban,2,19260.42,3104.16,56.0,Male,0
39594.07,Employed,547.0,High School,40,Rural,2,21129.51,1816.18,41.0,Male,1
39142.3,Employed,552.0,High School,57,Suburban,0,2863.91,901.04,37.0,Male,0
75368.95,Employed,612.0,Bachelor,25,Rural,5,36030.53,4416.41,75.0,Female,1
28753.05,Self-Employed,474.0,High School,63,Rural,1,15802.79,608.68,27.0,Male,0
58590.97,Employed,576.0,Bachelor,23,Urban,3,14424.76,1656.01,46.0,Female,1
74342.4,Self-Employed,632.0,High School,31,Suburban,2,20887.86,2596.18,42.0,Male,1
59859.2,Employed,572.0,Bachelor,27,Urban,4,14673.8,1589.21,52.0,Female,1
38597.83,Employed,628.0,High School,61,Rural,3,18164.26,979.42,59.0,Female,1
72397.58,Employed,568.0,Bachelor,46,Rural,5,,1330.1,34.0,Male,1
55080.18,Employed,475.0,High School,53,Urban,0,30150.64,2358.89,32.0,Male,0
60942.57,Employed,522.0,Bachelor,51,Urban,1,27052.67,2502.48,36.0,Female,1
52720.69,Unemployed,518.0,High School,47,Urban,2,24534.56,1239.73,55.0,Female,0
27826.12,Employed,538.0,Master,34,Urban,5,9674.72,1137.46,44.0,Female,1
68382.6,Employed,608.0,Master,26,Rural,2,1947.77,2061.78,44.0,Male,0
38505.2,Employed,534.0,High School,40,Urban,3,11642.5,2250.16,43.0,Female,0
41891.65,Self-Employed,546.0,High School,39,Rural,4,23289.6,1000.74,29.0,Male,0
48694.35,Employed,629.0,High School,40,Rural,5,17328.57,1866.61,57.0,Male,1
32867.94,Employed,483.0,High School,65,Rural,1,14404.45,1174.34,43.0,Female,0
62427.83,Employed,559.0,Bachelor,26,Suburban,3,23155.55,3235.65,78.0,Male,1
63780.47,Employed,544.0,Bachelor,50,Urban,5,24312.31,3665.04,53.0,Female,1
70051.83,Employed,520.0,PhD,28,Rural,1,24003.69,1942.65,49.0,Female,1
66671.22,Self-Employed,477.0,Master,47,Suburban,5,10061.46,2858.24,42.0,Male,0
39235.99,Self-Employed,588.0,High School,51,Rural,2,15150.53,1900.0,35.0,Female,0
52531.01,Employed,514.0,High School,22,Urban,1,19477.17,2484.67,46.0,Male,1
55190.89,Employed,541.0,High School,41,Urban,4,25242.86,1367.98,60.0,Male,1
32863.76,Employed,540.0,High School,35,Rural,2,382.94,801.26,32.0,Male,1
55051.75,Student,498.0,Bachelor,42,Rural,2,29656.12,1417.88,35.0,Female,1
50633.3,Self-Employed,508.0,High School,42,Urban,4,25392.71,1471.44,21.0,Male,1
44949.36,Employed,536.0,High School,42,Suburban,1,1997.53,1521.64,80.0,Male,0
40937.66,Student,512.0,High School,49,Urban,1,21004.95,2183.65,37.0,Female,0
53279.65,Employed,492.0,Bachelor,30,Suburban,4,31594.77,2032.06,24.0,Female,1
68639.36,Employed,599.0,High School,59,Urban,4,33058.59,1882.64,47.0,Female,1
72420.25,Student,556.0,PhD,58,Urban,1,48142.41,2210.94,50.0,Female,1
61394.1,Self-Employed,567.0,Bachelor,41,Urban,5,24126.48,1007.27,52.0,Male,1
72083.73,Employed,579.0,Bachelor,61,Urban,0,12981.0,2200.85,49.0,Female,1
58529.03,Employed,600.0,Bachelor,33,Suburban,3,13350.0,1178.37,15.0,Female,1
25688.32,Student,526.0,Bachelor,30,Urban,2,2051.85,583.83,26.0,Female,0
68348.01,Employed,532.0,Bachelor,33,Suburban,0,20520.0,3546.48,69.0,Female,1
30493.31,Employed,569.0,Bachelor,56,Suburban,4,6919.38,1089.32,54.0,Male,0
8000.0,Employed,463.0,Bachelor,27,Suburban,0,0.0,458.02,44.0,Male,0
50469.94,Student,509.0,Bachelor,34,Suburban,1,21860.75,2293.1,69.0,Female,0
60653.44,Employed,517.0,High School,27,Urban,2,10840.36,2593.21,44.0,Male,1
67651.29,Employed,464.0,Bachelor,40,Urban,4,9211.08,1740.6,61.0,Male,1
75843.35,Employed,554.0,Bachelor,34,Rural,1,31509.15,2961.86,43.0,Male,1
50629.26,Employed,563.0,Bachelor,57,Rural,0,19168.49,1262.45,67.0,Female,1
51326.25,Self-Employed,485.0,Master,55,Rural,4,19118.75,1203.61,33.0,Female,1
62949.6,Employed,640.0,Bachelor,60,Rural,0,13460.01,3204.08,34.0,Female,1
32293.09,Unemployed,418.0,Master,39,Suburban,2,14693.77,1680.23,25.0,Female,0
45428.36,Self-Employed,503.0,Bachelor,44,Rural,4,2734.9,1886.32,65.0,Female,0
61788.59,Employed,495.0,Bachelor,59,Urban,3,21686.96,1374.26,64.0,Female,1
43988.12,Unemployed,577.0,Bachelor,53,Suburban,0,13649.66,1731.74,30.0,Male,0
38004.63,Employed,557.0,High School,63,Rural,3,17505.04,2151.99,36.0,Female,1
43642.81,Employed,524.0,High School,65,Suburban,0,6078.37,946.39,4.0,Male,1
45201.22,Employed,474.0,Bachelor,24,Urban,0,24808.99,999.04,21.0,Male,1
42192.38,Employed,480.0,High School,31,Urban,1,3010.84,1574.46,39.0,Male,0
77286.33,Employed,595.0,High School,52,Urban,4,19326.59,3989.36,51.0,Female,1
62016.35,Employed,531.0,Master,25,Urban,1,21012.47,2201.58,14.0,Female,1
53838.77,Employed,525.0,Bachelor,24,Rural,4,18079.4,3223.95,29.0,Female,1
22630.83,Self-Employed,502.0,High School,27,Suburban,0,15141.45,1403.68,70.0,Female,0
88448.16,Employed,581.0,High School,24,Urban,2,31654.46,2465.02,64.0,Female,1
54078.03,Employed,472.0,Master,50,Suburban,2,25063.97,2501.25,50.0,Male,1
41373.89,Student,472.0,PhD,33,Urban,3,18463.71,779.48,41.0,Female,0
54082.26,Employed,492.0,Bachelor,63,Suburban,2,8836.76,2330.88,47.0,Female,0
21612.81,Student,471.0,High School,25,Urban,0,6646.99,1034.97,38.0,Female,0
62474.72,Self-Employed,566.0,Bachelor,41,Suburban,4,15368.96,1471.45,43.0,Male,1
34325.35,Self-Employed,524.0,Bachelor,50,Suburban,3,17230.36,1765.17,20.0,Male,1
80055.74,Employed,641.0,Master,37,Suburban,3,45134.9,3193.37,47.0,Female,1
53097.89,Unemployed,486.0,Bachelor,53,Suburban,5,10169.87,2561.99,17.0,Male,0
48219.79,Unemployed,556.0,Master,58,Urban,5,8930.54,1642.47,40.0,Male,0
32167.2,Self-Employed,484.0,Bachelor,49,Suburban,4,12690.9,1599.83,49.0,Male,0
55816.2,Self-Employed,642.0,Master,48,Urban,2,31105.41,692.38,30.0,Male,1
59937.88,Employed,554.0,Bachelor,46,Suburban,0,14676.95,2001.79,49.0,Male,0
36842.33,Employed,501.0,Bachelor,65,Suburban,1,1953.12,1383.97,40.0,Female,1
24282.65,Student,520.0,Bachelor,56,Suburban,1,1356.26,1416.52,49.0,Female,0
66739.49,Employed,577.0,Bachelor,23,Rural,1,8489.52,3247.37,57.0,Female,1
72323.76,Employed,559.0,Master,55,Urban,5,18011.08,2255.85,33.0,Male,1
56849.96,Employed,581.0,Bachelor,28,Rural,0,26662.57,1813.09,23.0,Male,1
75911.89,Self-Employed,650.0,Master,60,Urban,4,16900.09,2393.11,27.0,Male,1
54542.66,Self-Employed,592.0,Bachelor,35,Suburban,2,25938.93,2600.28,34.0,Male,1
52107.41,Self-Employed,541.0,Bachelor,52,Rural,1,12285.81,1377.14,54.0,Male,0
53839.78,Employed,630.0,High School,54,Suburban,4,23353.52,3331.33,62.0,Female,1
55134.75,Employed,574.0,High School,37,Rural,3,4670.95,2560.28,41.0,Female,0
66471.55,Employed,519.0,Master,64,Rural,5,8510.33,2614.49,44.0,Female,1
60905.82,Student,563.0,High School,44,Urban,0,10032.83,2592.81,28.0,Male,0
55369.46,Employed,543.0,Bachelor,40,Rural,1,25968.43,2650.71,29.0,Male,1
11792.43,Student,466.0,High School,43,Rural,5,8406.71,1130.95,47.0,Male,0
86324.06,Employed,611.0,Master,34,Urban,5,34318.83,2384.84,40.0,Male,1
46323.71,Unemployed,455.0,Master,25,Urban,2,16384.66,2202.66,41.0,Male,0
58469.65,Employed,629.0,Master,65,Urban,2,22764.47,1159.69,51.0,Male,1
41685.24,Unemployed,560.0,Bachelor,57,Rural,1,23602.07,835.57,46.0,Female,0
54561.58,Self-Employed,468.0,Bachelor,57,Rural,0,724.89,1120.33,37.0,Female,1
25818.78,Self-Employed,537.0,High School,62,Rural,0,1985.18,1729.88,61.0,Male,0
78059.45,Self-Employed,605.0,Master,48,Urban,0,24086.67,3515.8,45.0,Male,0
82114.75,Employed,656.0,High School,65,Urban,0,39991.47,4087.21,41.0,Male,1
64854.27,Student,643.0,PhD,65,Suburban,2,33893.85,1437.49,23.0,Male,1
60157.24,Self-Employed,644.0,Master,32,Urban,3,30486.71,1253.17,59.0,Female,1
32961.17,Employed,508.0,Bachelor,40,Urban,3,9294.24,2432.65,38.0,Female,0
96768.27,Employed,636.0,Master,25,Urban,4,43763.47,3653.17,53.0,Female,1
50245.6,Employed,523.0,Bachelor,52,Urban,3,4550.76,1192.15,69.0,Female,1
12880.17,Unemployed,536.0,High School,25,Urban,3,0.0,631.61,26.0,Male,0
58662.67,Self-Employed,460.0,Bachelor,55,Suburban,2,11576.62,2878.9,51.0,Male,0
69123.73,Employed,515.0,High School,57,Urban,1,43135.88,3120.5,52.0,Male,1
86538.72,Self-Employed,577.0,Master,39,Urban,2,34908.44,2846.57,50.0,Male,1
44916.71,Employed,535.0,Bachelor,49,Suburban,4,1473.75,1713.65,57.0,Female,0
61522.11,Employed,568.0,Master,63,Rural,3,11809.45,1148.23,46.0,Male,1
47006.19,Unemployed,598.0,Master,55,Suburban,5,30567.63,2258.29,49.0,Male,0
65648.37,Employed,538.0,High School,40,Suburban,1,30305.95,3403.44,77.0,Male,1
59892.51,Employed,501.0,High School,61,Suburban,3,10314.7,2685.79,26.0,Male,0
59059.37,Employed,540.0,Bachelor,22,Suburban,3,34312.04,1214.67,23.0,Female,1
64722.4,Employed,538.0,High School,31,Suburban,3,18312.54,1981.65,44.0,Male,1
38568.98,Employed,553.0,Bachelor,35,Suburban,0,12706.85,1366.4,50.0,Male,0
73313.12,Employed,647.0,Master,37,Suburban,1,31037.28,3090.94,50.0,Male,1
66323.94,Employed,633.0,Master,51,Suburban,3,28866.42,1512.76,33.0,Female,1
37249.9,Unemployed,575.0,Bachelor,56,Urban,5,6525.63,1720.34,63.0,Female,0
62254.88,Employed,536.0,Master,23,Urban,2,4920.11,1654.59,55.0,Female,0
44012.24,Unemployed,529.0,Bachelor,32,Urban,0,14576.34,1075.31,31.0,Male,0
67447.18,Self-Employed,589.0,PhD,57,Urban,5,21950.9,3394.06,77.0,Male,0
103909.38,Employed,587.0,Master,43,Suburban,4,49083.06,2648.12,42.0,Female,1
87384.61,Employed,568.0,Master,34,Suburban,4,47442.16,4949.37,56.0,Male,1
70393.65,Employed,591.0,High School,40,Urban,2,26030.23,2869.5,26.0,Male,1
56054.84,Self-Employed,492.0,Master,48,Urban,3,20018.46,2242.55,50.0,Female,0
45642.11,Self-Employed,588.0,Bachelor,47,Urban,0,18556.46,744.69,68.0,Male,0
55820.72,Employed,535.0,Bachelor,58,Suburban,0,4975.41,2548.9,76.0,Male,0
59712.39,Employed,583.0,Bachelor,65,Urban,0,14362.15,3175.39,46.0,Female,1
40274.15,Employed,540.0,Bachelor,57,Urban,2,16942.77,1826.99,36.0,Male,0
59199.65,Self-Employed,614.0,High School,25,Urban,5,17395.26,1609.21,43.0,Male,1
67232.24,Employed,473.0,High School,39,Suburban,0,25903.98,1252.65,63.0,Male,1
32464.84,Employed,576.0,Master,42,Urban,3,3711.55,510.86,41.0,Female,1
45494.48,Employed,594.0,Bachelor,49,Suburban,4,16145.59,2742.82,61.0,Male,1
83417.51,Self-Employed,605.0,Master,64,Suburban,2,44041.16,2997.76,60.0,Male,1
64609.48,Employed,589.0,Master,41,Rural,0,25146.34,2538.34,65.0,Female,1
42005.16,Employed,560.0,Bachelor,36,Suburban,5,0.0,2696.21,61.0,Female,1
77030.43,Employed,543.0,Master,61,Urban,5,31582.86,2646.96,39.0,Female,1
33086.78,Unemployed,523.0,Bachelor,54,Urban,2,20285.83,1288.48,44.0,Male,0
47458.18,Employed,581.0,High School,41,Suburban,5,7187.74,551.61,31.0,Male,0
56916.84,Employed,474.0,PhD,62,Urban,5,17952.37,2589.41,62.0,Female,0
59253.72,Employed,579.0,Master,34,Rural,3,16934.08,2131.83,53.0,Female,1
64272.85,Self-Employed,569.0,High School,31,Suburban,5,9659.23,3475.8,61.0,Male,1
58837.43,Employed,585.0,Master,21,Urban,4,16689.6,1763.85,49.0,Female,1
61681.86,Self-Employed,504.0,High School,24,Urban,4,15669.3,1366.01,19.0,Male,1
56251.35,Self-Employed,520.0,Master,59,Rural,0,15225.06,872.32,48.0,Female,0
47185.11,Unemployed,478.0,Bachelor,24,Rural,0,21365.28,1960.77,26.0,Female,0
20054.44,Unemployed,439.0,High School,55,Rural,0,6367.94,1123.28,25.0,Male,0
89325.3,Employed,638.0,Master,24,Urban,5,12393.22,2489.14,64.0,Female,1
65223.83,Employed,540.0,Bachelor,31,Suburban,2,22563.81,1798.11,38.0,Female,1
42660.2,Student,504.0,High School,36,Urban,3,9293.06,994.18,19.0,Male,0
72207.61,Self-Employed,625.0,Master,30,Urban,3,35476.26,2036.17,36.0,Male,1
41025.2,Student,516.0,Master,26,Suburban,2,15652.15,1419.8,53.0,Female,0
47059.92,Employed,584.0,Bachelor,65,Rural,4,11779.02,1620.52,36.0,Male,1
58932.89,Student,510.0,Master,39,Urban,4,35655.0,3946.98,71.0,Male,1
33019.0,Employed,505.0,High School,40,Suburban,5,12923.36,1121.69,54.0,Male,1
48974.62,Employed,502.0,Bachelor,54,Urban,0,25006.18,1940.04,60.0,Female,0
47941.17,Employed,566.0,Bachelor,62,Urban,2,7020.44,1882.87,54.0,Male,1
58577.32,Employed,548.0,High School,34,Urban,1,29794.33,2334.51,28.0,Female,1
63805.41,Employed,597.0,Bachelor,41,Rural,3,24453.5,3749.37,50.0,Male,1
89017.33,Employed,607.0,Master,42,Urban,4,57449.21,2145.08,52.0,Male,1
57980.2,Employed,468.0,Master,32,Suburban,1,22964.14,3104.71,39.0,Female,0
34883.48,Student,511.0,Bachelor,26,Urban,3,17062.02,1847.42,52.0,Male,0
21960.55,Student,435.0,Bachelor,62,Suburban,0,8306.28,896.52,55.0,Male,0
54064.25,Unemployed,566.0,Master,52,Urban,3,19688.51,1017.02,23.0,Male,0
71951.91,Student,601.0,Master,51,Urban,5,6286.6,2086.81,18.0,Female,1
29880.81,Unemployed,546.0,High School,35,Suburban,4,8747.74,1299.44,43.0,Male,0
44399.47,Student,531.0,Bachelor,50,Suburban,4,7391.56,1539.1,79.0,Male,0
46906.79,Employed,467.0,High School,27,Rural,5,21324.7,2353.85,46.0,Male,1
57810.16,Employed,565.0,High School,26,Urban,3,10578.98,2891.15,30.0,Male,0
45955.74,Unemployed,557.0,High School,63,Suburban,0,12268.48,1680.52,52.0,Male,0
79787.83,Employed,579.0,Bachelor,31,Rural,3,53560.5,1296.12,46.0,Female,1
75474.59,Self-Employed,585.0,Master,55,Urban,2,32282.48,4700.92,67.0,Male,1
71464.06,Employed,490.0,Master,33,Rural,5,35474.71,2394.0,80.0,Male,1
47411.03,Employed,544.0,Bachelor,50,Rural,1,12019.98,1767.16,26.0,Female,0
49382.82,Employed,539.0,Bachelor,48,Rural,3,23497.8,2160.35,57.0,Female,1
47180.37,Self-Employed,486.0,High School,53,Suburban,5,,2429.03,47.0,Male,0
45507.8,Employed,562.0,High School,63,Suburban,4,23561.0,1130.97,47.0,Male,1
52912.89,Employed,527.0,High School,40,Suburban,1,12503.27,1061.3,30.0,Male,1
80373.12,Employed,598.0,PhD,59,Suburban,5,36623.06,2914.99,29.0,Female,1
47953.35,Employed,564.0,High School,34,Rural,2,8651.31,1586.13,68.0,Male,1
65792.2,Employed,582.0,Master,64,Urban,4,8426.88,2773.94,76.0,Male,1
58889.98,Self-Employed,497.0,Bachelor,43,Suburban,5,23830.56,2275.82,76.0,Male,0
44602.15,Employed,520.0,Bachelor,58,Suburban,5,1752.91,454.09,26.0,Male,1
67050.1,Student,665.0,Master,58,Urban,4,26507.13,1235.27,39.0,Male,1
60802.61,Employed,623.0,Master,49,Suburban,4,1089.83,1980.46,63.0,Male,1
14675.47,Student,532.0,High School,64,Suburban,0,0.0,422.34,35.0,Female,0
49926.17,Unemployed,557.0,Master,51,Suburban,5,16060.27,1778.26,34.0,Female,0
30670.74,Unemployed,473.0,High School,48,Rural,5,4757.75,593.13,44.0,Female,0
51101.02,Self-Employed,539.0,Master,32,Urban,1,8723.09,1257.71,23.0,Female,1
56353.53,Employed,535.0,High School,37,Rural,0,24928.58,2204.34,19.0,Male,1
64508.49,Employed,562.0,Bachelor,21,Suburban,5,14991.81,3210.78,86.0,Female,1
88623.21,Employed,535.0,Master,53,Rural,3,7498.86,4941.23,55.0,Female,1
62474.62,Employed,605.0,Master,48,Urban,1,12641.11,1929.2,57.0,Female,1
65184.35,Employed,445.0,Master,52,Urban,1,26741.65,3476.31,48.0,Female,1
37898.05,Employed,566.0,High School,49,Rural,3,6887.49,1248.44,45.0,Male,0
75405.13,Self-Employed,620.0,Master,32,Urban,3,31485.75,2765.86,50.0,Male,1
61930.93,Employed,666.0,Bachelor,65,Urban,3,29363.37,2913.63,27.0,Male,1
65818.94,Employed,556.0,High School,40,Suburban,1,11911.15,3203.12,42.0,Male,0
44490.74,Employed,513.0,High School,52,Suburban,4,32874.0,1283.08,52.0,Male,1
54077.84,Employed,556.0,High School,27,Rural,4,20442.62,2978.84,55.0,Male,1
47432.33,Employed,566.0,High School,47,Suburban,0,24214.82,2039.18,45.0,Male,0
8000.0,Unemployed,481.0,Bachelor,39,Rural,3,0.0,246.27,6.0,Female,0
56420.61,Employed,501.0,High School,62,Suburban,4,21886.02,2275.35,54.0,Female,1
8779.25,Unemployed,511.0,Bachelor,55,Suburban,1,592.11,323.43,30.0,Female,0
44607.74,Employed,537.0,High School,63,Rural,4,13303.11,618.77,29.0,Male,1
52841.99,Employed,503.0,Bachelor,35,Suburban,5,26216.85,2484.41,35.0,Female,1
49874.46,Employed,471.0,High School,50,Urban,5,31300.01,1491.33,44.0,Female,1
58709.66,Employed,668.0,Bachelor,49,Urban,4,21785.23,1468.78,41.0,Female,1
55562.01,Employed,590.0,Bachelor,32,Suburban,4,28885.75,1885.07,38.0,Female,1
72446.09,Employed,602.0,Master,35,Suburban,2,8544.12,1391.05,62.0,Male,1
71369.04,Self-Employed,570.0,PhD,51,Suburban,0,33043.08,1688.08,44.0,Male,1
92235.46,Self-Employed,636.0,Bachelor,27,Suburban,2,18622.11,3444.53,30.0,Female,1
53864.11,Employed,503.0,Master,39,Rural,4,30424.86,1561.41,33.0,Female,1
23660.86,Unemployed,516.0,Bachelor,54,Urban,2,7602.06,926.64,43.0,Male,0
43849.8,Self-Employed,547.0,Master,58,Suburban,5,24340.8,1003.94,50.0,Male,1
60873.85,Employed,514.0,High School,47,Suburban,3,11069.73,3334.32,37.0,Male,0
30125.47,Employed,512.0,High School,51,Urban,0,9270.04,1200.24,26.0,Male,0
28853.79,Employed,496.0,High School,58,Suburban,5,10729.84,1057.03,48.0,Female,0
22693.61,Unemployed,471.0,Master,31,Suburban,2,6575.57,604.06,39.0,Female,0
53857.13,Employed,526.0,High School,51,Rural,0,3864.5,2806.52,55.0,Male,0
70960.61,Employed,498.0,High School,54,Suburban,4,33181.23,2815.42,39.0,Male,1
47840.8,Employed,589.0,Bachelor,57,Urban,2,6029.72,900.76,52.0,Male,1
81330.62,Employed,660.0,PhD,48,Suburban,4,29821.61,2223.9,58.0,Male,1
11445.81,Employed,448.0,Bachelor,27,Rural,4,5008.68,785.99,48.0,Female,0
51828.82,Employed,597.0,Master,23,Suburban,5,16788.96,2122.27,39.0,Female,1
44037.12,Student,535.0,High School,48,Urban,5,14546.39,1920.34,37.0,Female,1
58315.43,Employed,556.0,Master,33,Rural,4,13917.41,897.2,37.0,Male,1
64910.43,Employed,508.0,High School,37,Urban,0,6753.09,1556.83,16.0,Female,1
16502.15,Employed,472.0,High School,41,Urban,4,4953.64,100.0,29.0,Female,0
50975.36,Employed,570.0,Bachelor,54,Urban,0,26706.3,1513.18,56.0,Male,1
51791.2,Self-Employed,503.0,High School,36,Suburban,2,0.0,2279.37,34.0,Female,0
42602.93,Student,501.0,Bachelor,47,Rural,4,19504.07,1494.8,69.0,Female,0
63754.03,Self-Employed,541.0,Bachelor,43,Urban,5,23968.48,2401.91,28.0,Female,1
54112.67,Employed,397.0,High School,23,Suburban,5,29431.75,2340.92,32.0,Male,0
13838.13,Unemployed,508.0,High School,52,Suburban,0,0.0,400.94,26.0,Male,0
15313.28,Unemployed,524.0,High School,45,Rural,4,4971.58,862.23,48.0,Male,0
81745.77,Employed,606.0,High School,30,Rural,0,42595.83,2629.71,43.0,Male,1
33109.34,Student,563.0,Master,54,Suburban,3,12018.55,515.57,19.0,Male,0
34766.43,Self-Employed,503.0,Bachelor,25,Urban,2,19513.11,948.37,47.0,Female,0
62198.37,Self-Employed,644.0,High School,32,Urban,1,8014.55,1923.01,48.0,Male,0
31110.96,Employed,480.0,High School,31,Rural,4,0.0,550.34,26.0,Male,0
89883.2,Employed,591.0,Master,50,Suburban,5,49782.93,2262.35,72.0,Female,1
106016.7,Self-Employed,610.0,Master,65,Suburban,2,18155.88,3167.27,61.0,Male,1
59385.91,Employed,566.0,Master,58,Rural,4,4861.83,1809.39,52.0,Male,1
32641.78,Student,509.0,High School,27,Rural,4,9906.56,1086.09,31.0,Female,0
31630.14,Employed,514.0,Bachelor,23,Suburban,4,23143.0,1505.69,27.0,Male,0
62474.08,Employed,532.0,High School,56,Rural,1,28437.18,2244.4,67.0,Male,1
30420.45,Self-Employed,497.0,Master,47,Urban,5,3533.21,1391.28,28.0,Female,0
38906.95,Employed,428.0,Bachelor,37,Suburban,4,10127.34,1294.56,49.0,Male,1
56778.88,Employed,590.0,Bachelor,60,Rural,5,16590.8,1286.36,55.0,Male,1
60214.86,Self-Employed,513.0,High School,29,Urban,1,32124.11,3213.5,30.0,Male,1
41741.53,Self-Employed,511.0,Master,26,Urban,0,11614.53,2065.62,42.0,Female,1
42862.0,Employed,487.0,High School,43,Suburban,4,4357.72,1513.38,28.0,Male,1
38076.41,Employed,553.0,Master,33,Suburban,0,15835.93,1476.09,48.0,Female,1
49244.59,Employed,519.0,High School,31,Urban,1,7522.87,1251.15,29.0,Male,0
53988.69,Employed,440.0,Master,49,Urban,1,19317.66,2718.23,35.0,Female,0
42464.54,Self-Employed,546.0,High School,34,Urban,1,14974.59,2387.04,27.0,Male,0
69768.24,Self-Employed,539.0,Bachelor,47,Urban,5,28500.2,3650.29,52.0,Male,0
63223.54,Employed,562.0,Master,46,Rural,5,19812.39,2389.17,21.0,Female,1
63417.8,Employed,601.0,Bachelor,56,Suburban,3,27885.12,1852.37,66.0,Female,1
49061.99,Employed,499.0,High School,64,Suburban,4,15978.67,1010.06,37.0,Male,1
72753.99,Employed,575.0,Bachelor,49,Urban,3,34579.23,3691.62,65.0,Male,1
53473.56,Employed,515.0,High School,33,Urban,5,22187.26,1132.55,39.0,Male,1
52629.22,Self-Employed,593.0,Bachelor,46,Urban,2,14265.64,1673.05,48.0,Male,1
36558.55,Student,529.0,High School,42,Rural,4,14104.79,487.62,18.0,Female,0
40648.67,Employed,530.0,High School,41,Rural,2,14438.19,2561.5,55.0,Male,0
47057.66,Self-Employed,485.0,High School,36,Urban,3,6880.15,2027.14,27.0,Male,1
61024.05,Self-Employed,594.0,High School,24,Rural,1,15264.94,2721.76,69.0,Male,1
68611.32,Employed,611.0,High School,32,Urban,4,42040.13,3015.77,42.0,Male,1
57542.93,Employed,521.0,Bachelor,47,Urban,5,20342.63,3410.1,62.0,Male,1
64092.86,Employed,572.0,High School,24,Suburban,5,34225.43,2030.66,26.0,Male,1
50827.42,Employed,572.0,Master,28,Urban,2,23942.2,1610.28,54.0,Male,1
34629.92,Unemployed,622.0,Master,46,Rural,0,12107.23,849.46,13.0,Female,0
50722.99,Employed,563.0,Bachelor,65,Urban,5,14575.31,788.89,14.0,Male,1
62973.74,Employed,563.0,Master,28,Suburban,0,13387.58,2887.06,64.0,Female,1
73018.79,Employed,570.0,Bachelor,24,Urban,0,5019.94,1686.16,57.0,Male,1
55335.16,Student,548.0,Bachelor,36,Urban,5,22521.89,2112.03,38.0,Male,0
68294.45,Employed,605.0,Bachelor,24,Urban,1,13536.79,3599.47,47.0,Male,1
42062.37,Student,494.0,Bachelor,61,Rural,3,17509.62,973.87,37.0,Male,0
29609.47,Student,557.0,High School,56,Suburban,1,5995.86,444.03,41.0,Female,0
73017.81,Employed,508.0,Bachelor,26,Suburban,1,15810.36,3236.51,65.0,Female,1
26802.09,Employed,541.0,High School,25,Urban,1,1423.46,1869.53,39.0,Female,0
47998.45,Employed,584.0,Bachelor,45,Urban,1,28942.02,2274.8,22.0,Female,1
68169.23,Employed,607.0,Bachelor,39,Urban,4,20495.2,858.19,37.0,Male,1
69918.22,Employed,585.0,High School,52,Rural,4,17388.92,3248.09,40.0,Male,1
42812.44,Self-Employed,552.0,High School,62,Urban,0,3821.6,453.32,56.0,Female,0
51086.06,Student,528.0,Master,36,Urban,5,3837.08,2119.7,39.0,Male,0
31651.22,Employed,468.0,High School,56,Suburban,3,13603.69,945.14,57.0,Male,0
38877.22,Employed,540.0,High School,35,Suburban,4,20619.54,1106.0,39.0,Female,1
68623.46,Employed,574.0,Bachelor,31,Urban,0,9601.53,3576.3,43.0,Female,1
89689.4,Employed,643.0,Master,64,Urban,2,25768.14,4238.66,73.0,Female,1
57600.72,Employed,549.0,Bachelor,32,Urban,5,18935.01,1411.62,30.0,Male,1
28015.39,Student,520.0,Bachelor,27,Suburban,5,3959.27,1330.58,41.0,Female,0
71046.27,Employed,588.0,Master,47,Urban,0,16800.18,2221.04,40.0,Male,1
34779.8,Employed,549.0,Bachelor,47,Suburban,4,12607.71,775.9,26.0,Male,0
86533.73,Self-Employed,639.0,Master,42,Urban,4,30516.89,2028.54,49.0,Male,1
32539.01,Employed,477.0,Bachelor,24,Rural,0,16416.03,1065.01,31.0,Female,1
48706.88,Student,574.0,Master,26,Rural,5,12985.76,1187.45,28.0,Female,0
47484.91,Student,533.0,Bachelor,55,Urban,1,9047.58,2318.58,43.0,Female,0
60416.11,Employed,588.0,High School,28,Suburban,5,23996.93,3266.97,42.0,Male,1
57833.88,Employed,622.0,High School,33,Urban,0,9831.44,3089.76,44.0,Male,1
45040.69,Self-Employed,443.0,High School,57,Rural,3,2516.34,656.75,35.0,Male,0
61428.98,Employed,616.0,Bachelor,36,Suburban,1,15780.28,1191.14,49.0,Female,0
87520.34,Employed,593.0,PhD,36,Suburban,3,4560.87,3819.81,46.0,Male,1
81946.85,Student,552.0,Master,62,Urban,4,24743.45,3448.55,32.0,Male,1
49462.2,Employed,524.0,Master,56,Urban,3,7360.59,1962.6,52.0,Female,0
31414.27,Employed,472.0,Bachelor,52,Suburban,4,18501.78,1261.96,31.0,Male,1
39796.6,Employed,553.0,Master,29,Suburban,4,8385.57,765.06,43.0,Female,1
35800.88,Employed,478.0,Master,33,Rural,1,10927.42,1719.71,59.0,Male,1
8000.0,Unemployed,539.0,High School,47,Rural,5,3312.2,489.08,36.0,Female,0
37100.8,Self-Employed,557.0,Bachelor,58,Suburban,0,21847.92,1758.8,30.0,Male,0
52754.5,Employed,559.0,Bachelor,43,Suburban,3,22758.27,2361.6,43.0,Male,1
59826.84,Employed,467.0,High School,54,Rural,4,26555.71,2864.5,37.0,Male,1
36397.28,Unemployed,466.0,High School,35,Rural,4,6571.66,900.64,26.0,Male,0
33666.53,Employed,518.0,High School,37,Rural,1,3812.37,2047.98,39.0,Female,0
38962.12,Employed,528.0,High School,48,Rural,5,9152.61,2073.67,26.0,Male,0
84161.64,Employed,636.0,High School,46,Urban,5,34032.14,3250.7,34.0,Male,1
71921.77,Employed,445.0,Master,26,Suburban,0,12295.83,1322.93,51.0,Female,0
61590.61,Employed,527.0,Bachelor,38,Suburban,0,9346.9,1396.91,43.0,Male,0
67822.53,Employed,608.0,Master,59,Urban,3,10710.48,1388.96,46.0,Female,1
42661.29,Employed,519.0,High School,45,Suburban,1,14296.56,527.86,47.0,Female,1
108047.07,Employed,607.0,PhD,54,Urban,0,24497.0,6120.34,37.0,Male,1
58152.3,Self-Employed,484.0,Master,58,Suburban,4,29332.99,2293.49,41.0,Female,1
72239.44,Employed,624.0,Master,33,Urban,2,,2109.75,67.0,Male,1
14267.74,Unemployed,472.0,Bachelor,31,Suburban,5,8548.91,456.95,62.0,Male,0
49454.51,Employed,593.0,Bachelor,47,Suburban,4,32534.39,1559.33,31.0,Male,1
46739.23,Employed,606.0,Bachelor,42,Suburban,3,0.0,1772.87,29.0,Female,1
65294.4,Employed,626.0,Bachelor,61,Urban,2,10920.95,2116.65,14.0,Female,1
55371.71,Employed,551.0,Master,29,Suburban,4,7186.44,3403.09,45.0,Male,1
50724.68,Employed,524.0,High School,40,Urban,0,25453.97,934.57,47.0,Female,1
44904.68,Employed,512.0,High School,23,Urban,1,1695.49,2703.09,61.0,Male,0
49490.38,Employed,632.0,Master,37,Urban,4,12705.15,1474.01,21.0,Female,0
25880.61,Employed,501.0,High School,47,Rural,4,3162.44,1556.8,39.0,Female,0
63399.04,Employed,611.0,Master,56,Urban,1,11948.86,2771.06,40.0,Female,0
46545.95,Self-Employed,561.0,High School,58,Suburban,5,2331.41,2224.1,29.0,Female,1
48094.12,Employed,523.0,Bachelor,21,Rural,3,21302.43,2382.23,36.0,Female,0
26507.06,Student,500.0,High School,60,Urban,4,8051.8,1065.93,52.0,Male,0
48933.66,Employed,596.0,Bachelor,51,Rural,0,24279.44,1423.05,48.0,Female,1
61159.32,Employed,562.0,Master,30,Urban,0,39100.96,1201.1,45.0,Female,1
50371.99,Employed,525.0,Master,30,Urban,5,27080.75,1777.09,62.0,Female,1
35246.26,Unemployed,487.0,High School,55,Urban,5,10867.06,1147.89,38.0,Male,0
82154.9,Employed,605.0,Bachelor,52,Suburban,2,7504.53,2167.61,42.0,Female,1
45756.25,Student,515.0,Master,30,Rural,5,6747.57,1450.57,47.0,Male,0
27083.79,Self-Employed,539.0,High School,40,Suburban,4,9443.7,1064.44,24.0,Male,0
69028.17,Employed,686.0,High School,59,Suburban,1,5336.34,3394.61,63.0,Female,1
80856.82,Employed,612.0,Bachelor,21,Urban,2,13288.45,3502.85,60.0,Male,1
80487.91,Employed,669.0,Master,44,Rural,3,8718.02,3803.9,58.0,Female,1
58366.74,Employed,524.0,Bachelor,60,Suburban,2,7082.58,1235.25,29.0,Male,0
18246.68,Unemployed,530.0,High School,21,Urban,1,8677.17,1380.53,51.0,Female,0
51604.61,Self-Employed,603.0,PhD,45,Rural,1,14209.06,1438.18,67.0,Female,1
87118.36,Employed,660.0,Master,46,Urban,3,11510.48,1785.67,50.0,Male,1
82088.18,Employed,648.0,Bachelor,35,Urban,2,45360.94,2254.95,36.0,Female,1
48194.4,Employed,543.0,Bachelor,45,Urban,5,21429.78,1059.03,65.0,Male,1
26198.4,Self-Employed,551.0,Master,52,Urban,5,10384.27,971.58,45.0,Female,1
50733.21,Employed,500.0,Bachelor,33,Rural,0,29360.38,2820.05,74.0,Female,1
51436.12,Self-Employed,619.0,Master,43,Suburban,3,21448.73,1821.48,28.0,Male,1
40391.01,Employed,488.0,Bachelor,45,Rural,3,15996.23,1040.09,29.0,Female,0
35426.71,Student,580.0,High School,22,Urban,0,16633.48,848.57,50.0,Male,0
69148.1,Employed,619.0,Master,30,Suburban,4,18259.31,2942.43,9.0,Female,1
43285.55,Employed,582.0,Bachelor,50,Suburban,3,24460.68,1695.58,71.0,Female,1
38041.15,Student,620.0,High School,43,Suburban,4,3536.96,2607.41,66.0,Male,0
51107.69,Self-Employed,594.0,Bachelor,64,Suburban,2,12074.38,1417.83,31.0,Female,0
32419.78,Employed,460.0,Master,59,Suburban,2,9255.18,765.04,56.0,Male,0
39174.63,Unemployed,556.0,High School,30,Suburban,4,24173.7,808.88,39.0,Male,0
52234.93,Employed,463.0,Master,65,Rural,4,22484.76,2772.49,44.0,Female,1
35042.06,Employed,519.0,High School,59,Urban,4,23091.8,1827.29,29.0,Male,1
44110.03,Employed,517.0,Bachelor,39,Suburban,2,8263.19,1873.91,59.0,Female,1
78044.49,Employed,613.0,PhD,48,Suburban,3,41901.99,2863.61,59.0,Male,1
64693.5,Self-Employed,529.0,Master,33,Urban,5,1335.86,2277.75,50.0,Female,1
75666.49,Employed,546.0,Master,24,Urban,5,11412.76,1819.45,26.0,Female,1
61548.75,Employed,584.0,Bachelor,31,Rural,2,15143.31,2558.69,55.0,Male,0
42425.95,Self-Employed,587.0,Bachelor,53,Urban,3,4273.04,1374.13,56.0,Male,1
17685.36,Employed,499.0,Bachelor,46,Urban,0,2719.08,495.95,63.0,Male,0
56813.58,Employed,659.0,Bachelor,40,Suburban,2,18268.24,1371.89,39.0,Female,1
71464.27,Employed,560.0,Bachelor,42,Urban,3,23287.6,1650.97,35.0,Male,1
56963.34,Self-Employed,585.0,Bachelor,56,Urban,2,39320.06,2892.71,33.0,Male,0
67909.07,Employed,586.0,Bachelor,52,Urban,5,38689.91,2875.46,50.0,Female,1
31975.36,Student,503.0,Bachelor,49,Urban,5,21489.43,1321.71,54.0,Male,0
36809.71,Unemployed,585.0,Bachelor,43,Urban,0,8100.56,836.61,68.0,Male,0
39191.35,Self-Employed,489.0,Bachelor,21,Rural,1,9801.53,1007.87,47.0,Male,0
62459.47,Self-Employed,469.0,High School,36,Urban,0,37000.57,861.78,59.0,Male,0
44343.99,Employed,531.0,Bachelor,26,Urban,0,20551.0,1364.22,44.0,Female,1
57897.74,Unemployed,544.0,High School,55,Suburban,3,13843.33,2320.22,57.0,Female,0
58470.09,Employed,605.0,Master,36,Urban,4,24733.15,1239.98,33.0,Female,1
61972.71,Employed,505.0,High School,32,Urban,4,24160.27,396.93,41.0,Female,1
62662.82,Employed,586.0,Master,42,Urban,2,5622.99,2137.72,30.0,Male,1
54064.32,Unemployed,569.0,High School,42,Urban,2,7985.57,1909.48,61.0,Male,0
85492.64,Employed,610.0,Master,62,Urban,1,3709.25,3093.92,82.0,Female,1
59143.51,Self-Employed,605.0,Master,29,Urban,5,4276.54,2295.11,49.0,Female,1
48120.49,Student,541.0,Master,57,Rural,4,12281.21,1512.3,36.0,Female,1
82109.36,Employed,593.0,Master,30,Rural,2,44259.3,3788.2,112.0,Male,1
55564.95,Employed,573.0,Bachelor,57,Rural,1,26008.85,1650.56,60.0,Female,1
36189.11,Employed,520.0,High School,45,Urban,2,12108.12,767.4,61.0,Female,1
56050.99,Employed,492.0,Bachelor,45,Suburban,4,6037.16,2843.21,55.0,Female,0
41776.66,Self-Employed,514.0,Bachelor,52,Suburban,1,27696.04,2315.11,31.0,Female,1
72264.92,Employed,565.0,Master,25,Urban,2,32009.68,3059.13,47.0,Male,1
51187.91,Employed,521.0,Master,56,Rural,0,19597.69,1098.74,42.0,Male,0
64592.08,Employed,551.0,Bachelor,54,Suburban,4,37463.94,3113.16,50.0,Male,1
35168.12,Employed,532.0,Bachelor,29,Urban,5,12456.43,1062.85,24.0,Male,0
34170.29,Employed,510.0,Bachelor,24,Rural,4,3793.13,1635.63,43.0,Female,0
50101.65,Employed,583.0,Bachelor,53,Urban,4,17026.18,2178.69,29.0,Male,0
36596.79,Unemployed,565.0,Bachelor,25,Suburban,0,14816.49,1224.94,21.0,Male,0
39318.77,Employed,422.0,Bachelor,47,Urban,5,22706.91,955.56,28.0,Male,1
52748.15,Employed,484.0,Master,32,Urban,4,22552.72,1411.36,38.0,Female,1
54671.82,Employed,443.0,High School,53,Rural,1,18950.74,1894.94,41.0,Female,0
78457.48,Self-Employed,573.0,Master,62,Suburban,3,18506.93,1869.52,42.0,Male,1
17995.63,Self-Employed,484.0,Bachelor,58,Urban,0,4921.83,775.42,66.0,Female,0
42198.82,Employed,540.0,High School,54,Suburban,5,15328.81,1096.41,38.0,Male,1
74122.54,Employed,617.0,Bachelor,49,Rural,0,12600.8,3153.13,23.0,Male,0
50790.58,Self-Employed,544.0,High School,24,Rural,0,26361.03,2284.69,41.0,Male,1
37110.23,Unemployed,499.0,Bachelor,63,Rural,3,10696.53,1396.68,38.0,Female,0
65462.21,Self-Employed,567.0,Master,62,Rural,4,33327.92,3303.28,17.0,Female,1
30616.04,Self-Employed,495.0,High School,23,Suburban,4,15963.67,758.61,38.0,Female,0
57210.46,Employed,488.0,High School,56,Urban,5,18450.76,1960.73,36.0,Male,1
58076.01,Employed,599.0,Bachelor,25,Rural,0,23096.64,2456.34,45.0,Female,1
31606.2,Unemployed,537.0,High School,48,Urban,4,16125.42,1341.17,44.0,Female,0
48095.51,Employed,607.0,High School,32,Urban,1,9591.7,1984.45,42.0,Male,1
61278.71,Employed,505.0,Bachelor,26,Urban,5,24699.78,1174.95,38.0,Male,1
42897.83,Self-Employed,462.0,Bachelor,31,Urban,1,20657.93,1421.73,33.0,Male,0
52212.35,Unemployed,506.0,Master,35,Suburban,2,3375.39,1262.12,48.0,Female,0
33469.98,Employed,539.0,Bachelor,36,Rural,1,14976.26,1045.31,33.0,Male,0
26756.11,Unemployed,550.0,Bachelor,34,Suburban,4,4646.2,583.57,46.0,Male,0
65226.78,Employed,579.0,Bachelor,41,Suburban,5,14233.23,2616.3,30.0,Female,1
34353.85,Unemployed,529.0,High School,49,Urban,3,22021.69,1047.6,32.0,Female,0
27737.75,Unemployed,551.0,Bachelor,41,Suburban,2,2919.07,975.21,46.0,Female,0
38313.06,Self-Employed,507.0,Master,47,Urban,2,7433.84,1250.11,23.0,Female,0
62308.01,Student,610.0,PhD,38,Urban,4,12644.47,3130.33,41.0,Male,0
22547.36,Student,595.0,High School,33,Suburban,3,11592.42,1030.99,47.0,Female,0
51206.26,Student,499.0,Bachelor,27,Suburban,1,4493.08,1297.5,29.0,Male,0
54250.64,Employed,539.0,Bachelor,34,Urban,2,19307.57,2858.09,66.0,Male,1
23740.0,Employed,445.0,High School,29,Urban,5,15029.28,596.21,37.0,Female,1
49244.02,Employed,500.0,Master,44,Urban,5,17372.3,1235.74,35.0,Male,1
44595.08,Employed,555.0,High School,50,Suburban,2,27988.03,2202.91,53.0,Male,0
65631.5,Self-Employed,491.0,Master,59,Urban,4,30758.99,2397.7,47.0,Female,1
44541.69,Employed,502.0,Bachelor,34,Urban,0,4036.56,752.97,38.0,Male,0
20622.72,Student,550.0,High School,26,Rural,5,12608.72,890.56,35.0,Male,0
74887.1,Employed,590.0,Master,57,Suburban,1,25956.14,4083.17,52.0,Female,1
66644.67,Employed,603.0,High School,53,Urban,3,36439.28,2378.42,30.0,Female,1
67153.72,Employed,511.0,Master,35,Suburban,3,37471.52,1795.31,52.0,Female,1
65724.45,Employed,570.0,Master,65,Urban,5,10942.8,3630.86,43.0,Male,1
48678.78,Employed,628.0,Bachelor,49,Urban,5,2457.37,2115.1,59.0,Female,1
55088.36,Employed,522.0,High School,54,Suburban,2,23683.3,2714.02,33.0,Female,1
57254.47,Employed,533.0,Bachelor,36,Urban,3,304.03,3095.53,67.0,Male,0
55801.91,Unemployed,579.0,Bachelor,40,Urban,3,15621.6,3371.02,39.0,Male,0
69590.26,Employed,532.0,Bachelor,36,Rural,3,45326.55,1102.64,50.0,Male,1
59151.16,Self-Employed,590.0,Bachelor,53,Suburban,2,17415.54,1911.35,37.0,Female,1
45535.69,Self-Employed,457.0,Bachelor,57,Rural,2,12146.79,2281.12,48.0,Male,0
52694.23,Employed,439.0,Master,59,Rural,3,11388.94,1137.25,31.0,Female,0
41344.46,Employed,546.0,Master,35,Urban,5,17397.53,1017.26,27.0,Female,1
38210.17,Unemployed,484.0,Bachelor,55,Suburban,0,19520.14,1299.33,35.0,Male,0
46744.62,Self-Employed,514.0,High School,51,Urban,1,27229.11,2261.35,55.0,Female,0
38337.11,Employed,567.0,Bachelor,21,Suburban,4,7039.85,877.53,48.0,Male,1
95462.31,Self-Employed,638.0,Bachelor,56,Urban,3,15596.56,2408.13,54.0,Male,1
74343.7,Employed,524.0,Master,26,Urban,2,42001.56,1658.66,46.0,Female,1
57393.32,Employed,579.0,Master,26,Urban,2,34903.68,2278.26,76.0,Male,1
93812.88,Employed,594.0,Master,25,Suburban,5,14572.43,2874.4,36.0,Female,1
40559.26,Self-Employed,550.0,High School,45,Urban,5,3050.56,2115.0,42.0,Female,0
79455.09,Employed,586.0,Master,22,Suburban,5,29036.68,4108.88,18.0,Male,1
64314.49,Employed,497.0,Master,43,Rural,1,13743.35,977.68,45.0,Male,1
44073.62,Employed,504.0,High School,53,Suburban,3,19872.36,1538.03,28.0,Male,1
44945.88,Employed,429.0,High School,45,Urban,5,8589.32,2203.47,44.0,Female,0
71549.78,Employed,584.0,High School,33,Urban,1,36001.76,3016.4,38.0,Female,1
68143.45,Employed,588.0,Bachelor,36,Rural,1,17635.51,1930.26,41.0,Male,1
33163.93,Unemployed,489.0,Bachelor,53,Suburban,3,9831.36,1003.88,41.0,Female,0
17245.14,Self-Employed,493.0,High School,36,Urban,1,4154.07,472.83,26.0,Female,0
55566.42,Employed,509.0,Bachelor,50,Rural,4,1906.17,1776.49,47.0,Female,0
51302.88,Employed,603.0,Master,51,Urban,5,20164.79,3050.25,43.0,Male,1
78078.89,Employed,527.0,Master,44,Urban,2,6124.3,2959.58,39.0,Male,1
39289.19,Unemployed,515.0,Master,37,Urban,5,3379.22,1604.6,51.0,Male,0
60858.58,Employed,502.0,Master,23,Urban,3,25103.97,2493.2,49.0,Male,0
32428.73,Unemployed,530.0,Bachelor,54,Urban,2,6596.1,1340.32,15.0,Male,0
82307.72,Employed,637.0,Master,34,Suburban,5,33008.02,2521.17,41.0,Male,1
35505.99,Employed,430.0,Bachelor,41,Urban,3,9517.75,1256.66,25.0,Male,0
78066.43,Employed,614.0,Master,22,Suburban,0,46624.23,1170.5,59.0,Male,1
66134.51,Self-Employed,641.0,Master,54,Rural,5,38483.24,3338.16,39.0,Male,1
49910.47,Employed,550.0,Bachelor,61,Rural,2,11016.7,3014.38,39.0,Female,0
51279.27,Employed,516.0,Bachelor,60,Urban,2,20668.79,2936.58,49.0,Female,1
58297.23,Employed,555.0,High School,34,Suburban,5,26682.39,1354.92,48.0,Male,1
40399.67,Student,506.0,Bachelor,25,Urban,4,20126.45,2170.18,35.0,Male,0
44263.93,Employed,625.0,High School,25,Suburban,2,18948.39,1969.29,46.0,Male,1
48956.3,Self-Employed,581.0,High School,38,Urban,5,14932.93,2309.95,49.0,Female,1
65796.33,Student,608.0,Bachelor,21,Suburban,5,14135.94,2992.57,24.0,Female,0
31306.93,Employed,615.0,High School,29,Urban,1,17786.8,1536.47,48.0,Male,1
70510.56,Employed,634.0,Master,48,Suburban,3,14912.4,1554.93,34.0,Female,1
55854.36,Employed,548.0,Bachelor,22,Urban,3,20534.37,1333.5,23.0,Female,0
60691.06,Self-Employed,561.0,Master,48,Urban,2,7530.58,1728.23,69.0,Female,1
16095.43,Unemployed,602.0,Bachelor,60,Suburban,3,1867.72,689.54,24.0,Male,0
12663.24,Student,458.0,High School,65,Urban,5,5888.14,400.92,47.0,Male,0
52098.98,Employed,540.0,High School,64,Suburban,3,4722.18,2018.77,51.0,Female,0
32959.87,Student,475.0,Master,33,Suburban,0,8776.48,1096.55,15.0,Male,0
62245.56,Employed,480.0,High School,50,Suburban,5,16072.97,2530.47,35.0,Female,1
39762.12,Employed,490.0,Bachelor,23,Suburban,2,16682.76,1418.53,25.0,Female,0
59264.65,Employed,519.0,High School,31,Suburban,1,20819.9,2618.64,60.0,Male,0
46359.21,Employed,511.0,Bachelor,56,Rural,1,25685.77,2235.82,57.0,Male,1
44639.99,Employed,565.0,High School,30,Urban,4,10838.71,856.73,62.0,Male,1
45292.18,Employed,537.0,Bachelor,34,Suburban,5,20359.73,1391.82,26.0,Male,0
38552.25,Student,574.0,High School,39,Suburban,1,3533.17,889.77,73.0,Female,0
76733.58,Employed,590.0,Master,35,Urban,0,18105.18,2753.68,61.0,Female,1
29267.02,Unemployed,523.0,High School,54,Urban,5,7586.19,946.93,63.0,Male,0
58868.09,Employed,544.0,High School,61,Urban,0,29547.68,2822.06,50.0,Female,1
51189.12,Employed,634.0,High School,45,Suburban,3,7246.33,2022.88,40.0,Male,1
53986.58,Employed,531.0,PhD,46,Urban,1,11770.77,1622.33,29.0,Female,1
62678.0,Self-Employed,604.0,Bachelor,53,Suburban,1,9261.61,2917.23,67.0,Male,0
30491.94,Unemployed,464.0,Bachelor,39,Suburban,3,11535.82,823.23,36.0,Female,0
15785.56,Employed,485.0,Bachelor,41,Suburban,1,6770.25,1344.91,39.0,Female,0
64138.42,Employed,655.0,Master,63,Urban,1,8319.27,3886.96,70.0,Male,1
21597.5,Employed,535.0,High School,38,Suburban,3,3283.51,849.56,50.0,Female,0
44526.9,Employed,474.0,Master,32,Suburban,1,9578.93,660.33,34.0,Female,1
64265.73,Self-Employed,519.0,Master,21,Urban,5,26540.67,1104.94,42.0,Male,1
28871.72,Unemployed,587.0,High School,21,Urban,3,14993.92,1660.93,47.0,Female,0
37474.2,Employed,531.0,High School,55,Urban,0,22356.06,938.09,40.0,Female,0
58909.51,Employed,545.0,Bachelor,31,Rural,3,11383.66,2485.65,64.0,Female,1
52282.17,Employed,513.0,High School,54,Urban,3,15098.1,2519.27,55.0,Male,0
28640.32,Student,500.0,High School,22,Urban,3,16195.6,688.13,33.0,Female,0
58651.07,Employed,621.0,Bachelor,56,Urban,5,19033.27,2140.42,64.0,Female,1
68075.88,Employed,539.0,High School,39,Urban,3,20199.35,1574.52,33.0,Female,1
27745.24,Self-Employed,486.0,Bachelor,57,Urban,4,9410.86,1646.48,41.0,Male,0
78492.86,Employed,612.0,Bachelor,58,Suburban,4,39657.96,2279.46,42.0,Male,1
45750.36,Employed,492.0,Bachelor,46,Suburban,1,15814.14,1469.75,36.0,Female,0
43316.19,Employed,493.0,Bachelor,64,Rural,5,6320.98,1855.08,39.0,Male,0
53967.37,Self-Employed,551.0,Bachelor,63,Urban,4,14407.35,2344.37,60.0,Male,1
43699.44,Self-Employed,537.0,Bachelor,52,Suburban,4,15128.12,1804.05,44.0,Male,0
47394.37,Employed,504.0,Master,43,Suburban,0,5867.37,2000.72,70.0,Female,1
71702.38,Employed,597.0,Bachelor,62,Suburban,4,38277.87,4376.57,49.0,Male,1
53395.28,Employed,559.0,Bachelor,64,Rural,0,0.0,1874.39,35.0,Female,1
35234.63,Self-Employed,435.0,Master,39,Urban,2,13395.84,1930.63,25.0,Female,0
65111.65,Employed,601.0,Bachelor,35,Suburban,3,31398.65,3497.15,33.0,Female,1
54926.64,Employed,526.0,High School,34,Suburban,5,29920.76,1366.99,30.0,Female,1
31731.18,Employed,555.0,High School,63,Urban,1,9079.98,1142.64,28.0,Male,0
38703.88,Student,622.0,Bachelor,27,Rural,4,17126.55,2375.57,38.0,Female,0
79306.89,Employed,583.0,Master,21,Urban,3,30802.43,3093.04,52.0,Male,1
41935.56,Employed,504.0,Master,43,Urban,3,17909.19,1661.8,31.0,Female,1
63279.28,Employed,626.0,Bachelor,63,Suburban,5,4039.82,1633.48,68.0,Male,1
34873.55,Self-Employed,485.0,High School,35,Suburban,2,10431.17,1224.79,39.0,Female,0
47132.87,Unemployed,626.0,Master,43,Rural,0,28440.68,1825.3,56.0,Female,0
25995.28,Student,489.0,Bachelor,25,Rural,0,11567.01,591.52,24.0,Male,0
89633.65,Employed,573.0,PhD,57,Urban,2,26560.13,4311.82,50.0,Female,1
63346.98,Employed,670.0,Master,62,Suburban,5,39513.36,2747.75,53.0,Male,1
45776.59,Employed,555.0,Bachelor,49,Rural,1,20298.41,939.97,46.0,Male,1
49162.19,Self-Employed,616.0,Bachelor,26,Urban,0,9207.12,533.45,51.0,Male,1
70110.28,Self-Employed,572.0,Bachelor,25,Suburban,0,42456.8,1649.05,23.0,Male,1
40152.55,Employed,526.0,Bachelor,54,Rural,3,7368.17,1808.98,83.0,Female,1
73906.69,Employed,447.0,Bachelor,26,Urban,2,34552.55,2948.2,73.0,Female,1
50201.29,Employed,590.0,High School,24,Rural,2,20391.22,2998.01,53.0,Male,0
24215.84,Self-Employed,525.0,High School,61,Suburban,3,10471.61,1155.94,46.0,Female,0
59389.69,Employed,553.0,Master,44,Rural,1,35827.18,1784.87,47.0,Female,1
55702.89,Employed,579.0,Bachelor,47,Suburban,0,32473.31,1773.84,29.0,Female,1
45727.67,Employed,540.0,Master,51,Suburban,2,25264.0,1499.61,22.0,Male,1
55124.23,Employed,509.0,Bachelor,36,Suburban,4,18951.11,1083.26,23.0,Female,1
78132.7,Employed,601.0,Master,31,Urban,3,30786.6,2357.7,27.0,Male,1
77922.29,Self-Employed,576.0,Master,44,Suburban,5,33692.37,3742.6,79.0,Female,1
73265.03,Self-Employed,611.0,Master,24,Rural,0,17826.71,1948.98,37.0,Female,1
86835.5,Employed,585.0,Bachelor,34,Rural,0,17262.46,1584.49,59.0,Female,1
71008.77,Employed,554.0,PhD,47,Rural,0,33799.99,1423.97,38.0,Male,1
47307.02,Unemployed,516.0,Bachelor,63,Suburban,0,22420.46,1554.06,41.0,Male,0
33906.48,Unemployed,482.0,Master,48,Suburban,3,11237.21,249.93,32.0,Female,0
87263.44,Employed,574.0,Bachelor,54,Suburban,3,38997.59,2822.66,40.0,Male,1
35635.97,Self-Employed,544.0,High School,35,Suburban,4,11598.04,1458.29,68.0,Male,0
80588.54,Self-Employed,555.0,Bachelor,23,Suburban,1,39111.2,2432.74,49.0,Female,1
81664.06,Self-Employed,537.0,Bachelor,37,Urban,4,14932.09,3460.0,73.0,Female,1
42226.61,Employed,569.0,High School,52,Urban,1,23471.72,2015.15,48.0,Male,1
74544.91,Employed,573.0,Bachelor,23,Suburban,5,24713.65,3823.84,75.0,Male,1
56850.96,Employed,589.0,High School,59,Urban,1,9406.0,2599.15,49.0,Female,1
51820.23,Unemployed,537.0,PhD,34,Urban,0,10257.52,2966.29,46.0,Male,0
57962.87,Self-Employed,530.0,Bachelor,51,Urban,1,21457.29,717.93,16.0,Male,1
35982.16,Student,446.0,High School,60,Rural,3,5952.74,1825.74,55.0,Male,0
68409.59,Employed,520.0,Master,48,Rural,4,27360.51,1469.11,65.0,Male,1
77412.88,Employed,545.0,Bachelor,28,Suburban,2,28892.89,1012.86,55.0,Female,1
69568.38,Self-Employed,585.0,Master,32,Rural,1,29961.74,2743.57,42.0,Male,1
23451.97,Unemployed,502.0,Bachelor,42,Rural,1,4633.69,1240.33,53.0,Male,0
45154.29,Unemployed,492.0,High School,65,Urban,0,8859.6,1056.77,24.0,Male,0
27785.14,Employed,388.0,High School,51,Urban,5,6939.69,438.5,22.0,Male,0
49201.21,Student,564.0,Master,48,Urban,4,10924.27,842.88,29.0,Male,0
46645.25,Student,579.0,Master,57,Urban,0,9618.74,2108.38,35.0,Female,0
57874.73,Student,599.0,Master,27,Suburban,0,21389.87,3430.61,61.0,Female,0
80562.06,Employed,545.0,High School,24,Urban,3,20598.1,3347.47,64.0,Male,1
46265.41,Unemployed,585.0,Master,47,Rural,2,10666.65,1522.74,36.0,Male,0
53579.51,Employed,575.0,Bachelor,47,Suburban,1,28282.64,1200.26,65.0,Male,1
51525.79,Employed,572.0,Bachelor,32,Urban,2,10801.07,3042.4,42.0,Male,0
55525.62,Employed,525.0,High School,49,Rural,2,18774.91,1111.31,58.0,Female,1
60077.46,Employed,553.0,Master,27,Rural,3,4298.26,1199.97,35.0,Male,1
48451.96,Student,625.0,PhD,29,Suburban,4,14635.87,1350.05,42.0,Female,1
59269.31,Self-Employed,633.0,High School,61,Suburban,1,32931.8,1613.2,44.0,Female,1
80539.13,Employed,586.0,Master,22,Rural,4,29906.91,4458.91,70.0,Male,1
38609.62,Self-Employed,537.0,Bachelor,46,Suburban,4,20949.09,1525.15,40.0,Female,0
24551.24,Employed,409.0,High School,58,Rural,4,6356.84,944.43,15.0,Male,0
52533.26,Employed,602.0,High School,53,Urban,5,4767.89,1897.67,56.0,Male,1
43896.43,Self-Employed,569.0,Master,40,Suburban,1,9984.03,2021.62,45.0,Female,1
31844.15,Employed,534.0,High School,35,Suburban,4,5675.98,969.53,66.0,Male,0
32390.15,Self-Employed,492.0,High School,23,Urban,0,9681.6,1561.79,23.0,Female,1
61697.94,Unemployed,564.0,Master,26,Urban,2,8192.91,1457.65,39.0,Female,0
71755.77,Employed,642.0,Bachelor,47,Urban,4,,4084.13,31.0,Male,1
102862.18,Employed,636.0,Master,44,Urban,5,15580.89,5799.61,66.0,Female,1
52370.57,Employed,666.0,Bachelor,37,Urban,0,12695.03,2689.63,50.0,Male,0
57947.54,Unemployed,592.0,Bachelor,34,Urban,4,31399.52,2371.94,68.0,Female,0
70403.35,Employed,532.0,Master,24,Rural,2,34701.13,2025.13,52.0,Male,1
22654.19,Unemployed,487.0,High School,26,Suburban,3,4473.99,612.54,30.0,Male,0
56799.87,Employed,522.0,Bachelor,33,Suburban,5,33344.45,2565.58,49.0,Male,1
49582.93,Employed,583.0,Bachelor,62,Urban,5,6609.31,1911.23,59.0,Female,1
66880.85,Employed,621.0,Master,35,Rural,2,1527.03,2650.06,22.0,Male,1
72800.52,Employed,654.0,Bachelor,26,Urban,5,32173.3,1497.05,51.0,Female,1
72471.43,Employed,562.0,PhD,46,Urban,2,23323.34,3240.39,40.0,Male,1
79725.76,Employed,608.0,Master,26,Suburban,1,16897.54,4085.53,50.0,Male,1
72068.46,Self-Employed,634.0,Bachelor,39,Rural,5,17100.99,2791.31,49.0,Male,1
75408.75,Self-Employed,651.0,Bachelor,53,Rural,2,26512.11,2015.34,22.0,Male,1
29405.83,Employed,460.0,High School,25,Suburban,5,10426.15,1474.7,20.0,Female,1
58262.73,Employed,584.0,Bachelor,62,Suburban,5,29522.3,1426.99,52.0,Male,1
57641.49,Employed,502.0,High School,49,Suburban,0,5447.11,2679.63,42.0,Female,0
18698.98,Unemployed,473.0,Bachelor,62,Suburban,4,9861.5,1466.58,42.0,Female,0
19356.36,Student,442.0,High School,53,Urban,5,3909.62,1495.44,46.0,Male,0
71603.84,Self-Employed,548.0,PhD,64,Urban,1,35639.66,1351.05,23.0,Female,1
44805.54,Employed,472.0,Bachelor,43,Rural,2,18529.45,1406.24,31.0,Female,1
28414.83,Unemployed,461.0,Bachelor,21,Rural,5,1977.33,1049.74,27.0,Female,0
30929.79,Unemployed,477.0,Bachelor,23,Urban,4,8606.52,100.0,1.0,Female,0
82398.37,Employed,605.0,High School,29,Urban,2,17247.96,3224.13,48.0,Female,1
51075.28,Employed,548.0,Bachelor,25,Urban,2,23696.69,1757.88,41.0,Female,1
75784.44,Employed,507.0,Master,57,Suburban,0,46125.95,1974.29,52.0,Male,1
63778.95,Self-Employed,688.0,Bachelor,63,Urban,5,0.0,2784.77,54.0,Female,1
33667.78,Employed,499.0,Bachelor,48,Suburban,5,6280.8,1927.44,19.0,Male,1
87991.79,Employed,539.0,Master,29,Urban,4,21786.13,3149.97,25.0,Female,1
59386.98,Employed,584.0,High School,65,Urban,2,14702.61,2222.3,37.0,Female,0
68354.27,Employed,571.0,Master,34,Urban,2,21171.57,3159.94,54.0,Female,1
60861.5,Self-Employed,524.0,High School,60,Suburban,2,28407.29,3019.56,42.0,Female,1
65283.27,Employed,584.0,Master,51,Urban,2,21884.11,2555.78,36.0,Female,1
76228.97,Employed,552.0,Master,40,Suburban,0,26144.61,2795.96,69.0,Female,1
38856.65,Employed,515.0,Master,56,Suburban,1,20111.06,1239.01,50.0,Male,1
48262.9,Student,608.0,High School,50,Suburban,3,10893.13,2463.98,58.0,Male,0
64754.51,Employed,571.0,Bachelor,61,Urban,1,25882.27,1139.6,46.0,Male,1
69988.99,Employed,601.0,Master,48,Suburban,0,4070.56,1727.2,27.0,Male,1
45365.71,Employed,514.0,Bachelor,38,Urban,2,13529.6,1964.09,56.0,Female,1
51717.57,Employed,554.0,Bachelor,25,Suburban,4,14923.08,2079.35,83.0,Female,1
35278.19,Unemployed,489.0,Bachelor,65,Suburban,2,17958.09,1962.37,54.0,Male,0
14913.14,Student,458.0,High School,56,Rural,4,24.64,100.0,34.0,Male,0
56374.52,Employed,535.0,Bachelor,25,Rural,3,21226.2,2336.4,24.0,Female,1
74597.67,Employed,548.0,High School,48,Suburban,1,21085.74,4128.05,44.0,Male,1
29680.67,Employed,562.0,Bachelor,58,Rural,3,14758.57,1186.8,51.0,Female,1
65353.67,Employed,593.0,Bachelor,52,Urban,3,5901.47,2140.27,55.0,Female,1
44693.43,Employed,434.0,High School,33,Suburban,1,19395.57,1373.42,26.0,Male,1
45961.33,Employed,616.0,High School,27,Urban,2,15184.76,2465.48,55.0,Male,1
71121.46,Employed,604.0,Master,63,Urban,1,13195.82,2356.44,32.0,Male,1
58348.8,Self-Employed,608.0,Bachelor,37,Suburban,3,2599.06,994.13,53.0,Male,1
46770.18,Student,532.0,Bachelor,60,Suburban,0,14494.97,3209.11,60.0,Male,0
50037.01,Employed,477.0,Master,41,Suburban,0,10698.73,1911.13,59.0,Male,0
69348.86,Self-Employed,513.0,Bachelor,55,Rural,2,43058.86,2759.76,41.0,Male,0
40217.07,Unemployed,607.0,Bachelor,31,Suburban,3,19199.28,1201.0,52.0,Male,0
63907.39,Employed,491.0,Bachelor,48,Rural,2,1276.56,995.88,42.0,Male,1
46218.98,Student,474.0,High School,46,Rural,0,8226.41,1136.8,47.0,Female,0
24183.19,Self-Employed,488.0,Bachelor,30,Rural,0,3277.39,295.99,37.0,Male,0
59456.89,Employed,496.0,High School,51,Urban,0,26612.5,3285.25,38.0,Female,1
62537.26,Self-Employed,587.0,Master,41,Suburban,0,28316.39,3141.06,56.0,Male,1
74283.13,Employed,607.0,Bachelor,50,Suburban,4,20742.79,1469.69,49.0,Male,1
34980.0,Employed,542.0,High School,22,Rural,1,5709.82,1828.88,28.0,Male,0
72030.19,Employed,548.0,Bachelor,26,Urban,4,18499.75,4529.43,66.0,Female,1
36174.91,Self-Employed,538.0,High School,52,Urban,2,11064.11,369.35,45.0,Male,0
48033.2,Unemployed,622.0,Bachelor,65,Urban,5,6517.25,2274.62,36.0,Male,0
74263.87,Employed,515.0,Master,26,Urban,5,32768.77,2661.07,52.0,Male,1
56668.66,Employed,604.0,Master,22,Rural,3,34087.99,1954.87,36.0,Female,1
46518.72,Employed,576.0,Bachelor,32,Urban,5,17935.62,2150.02,55.0,Male,1
41469.53,Student,528.0,Bachelor,22,Urban,2,5476.59,836.38,26.0,Male,0
68843.0,Employed,579.0,Bachelor,32,Suburban,2,37795.4,2535.95,68.0,Female,1
56316.61,Unemployed,570.0,High School,52,Urban,0,15948.87,1375.19,61.0,Male,0
91312.4,Employed,560.0,Bachelor,56,Urban,3,9661.84,3251.38,64.0,Male,1
62901.93,Employed,490.0,Bachelor,49,Suburban,3,33078.14,2424.27,76.0,Female,1
54771.4,Employed,592.0,High School,39,Suburban,3,0.0,2818.8,71.0,Male,1
53733.86,Employed,494.0,High School,27,Rural,1,1418.09,1143.84,55.0,Male,0
79927.78,Employed,538.0,High School,45,Suburban,2,37917.62,4385.27,80.0,Male,1
34809.33,Unemployed,500.0,High School,64,Rural,1,4375.06,1893.22,43.0,Male,0
51308.05,Employed,559.0,High School,30,Urban,5,22782.22,2531.18,39.0,Female,1
50870.44,Employed,523.0,Bachelor,45,Suburban,0,12051.61,1980.24,60.0,Female,1
50603.14,Self-Employed,513.0,Bachelor,36,Suburban,1,29038.02,1744.51,42.0,Female,1
64795.99,Employed,609.0,Bachelor,37,Suburban,1,17339.49,3196.69,65.0,Male,0
33728.42,Self-Employed,506.0,High School,44,Suburban,2,5993.84,489.32,26.0,Female,0
46603.42,Self-Employed,504.0,Bachelor,28,Urban,1,14462.23,2186.08,36.0,Female,0
54042.68,Student,568.0,Master,29,Urban,5,24840.48,2671.26,26.0,Male,0
36221.27,Employed,528.0,High School,22,Rural,3,12932.9,1578.16,26.0,Female,0
59947.31,Employed,560.0,Bachelor,52,Rural,2,36157.33,1174.95,46.0,Female,1
68108.87,Employed,590.0,Bachelor,61,Urban,2,31914.44,2230.77,25.0,Female,1
54937.71,Employed,545.0,High School,41,Suburban,3,31002.66,3068.99,35.0,Male,1
66348.41,Employed,606.0,Bachelor,48,Suburban,2,16827.98,1711.68,32.0,Male,1
56763.9,Employed,490.0,Bachelor,65,Suburban,5,22022.74,3426.62,46.0,Female,1
8000.0,Employed,540.0,Bachelor,55,Urban,0,7891.84,542.49,39.0,Female,1
34862.0,Student,482.0,Master,32,Rural,1,4923.82,1060.91,70.0,Male,0
62610.17,Student,489.0,Master,55,Suburban,2,19720.85,3146.69,63.0,Male,0
42417.75,Employed,498.0,Bachelor,38,Suburban,5,15584.19,2567.61,39.0,Female,0
56831.24,Student,539.0,Bachelor,64,Suburban,1,19205.08,1708.69,44.0,Male,0
86674.43,Self-Employed,564.0,PhD,62,Suburban,1,32760.76,4219.47,48.0,Male,1
54017.6,Employed,507.0,Bachelor,22,Urban,2,28114.57,3042.49,63.0,Female,0
42141.84,Unemployed,579.0,PhD,60,Rural,4,1498.27,902.55,48.0,Male,0
55143.87,Student,513.0,Master,31,Urban,5,31882.83,3031.0,42.0,Male,1
44339.83,Self-Employed,435.0,High School,42,Rural,0,21026.92,856.43,45.0,Male,0
50405.05,Self-Employed,529.0,High School,54,Rural,3,2764.41,2089.94,52.0,Female,0
15883.34,Employed,588.0,High School,26,Suburban,3,0.0,775.75,40.0,Male,1
51988.96,Employed,500.0,Master,21,Suburban,2,31002.89,2008.92,51.0,Female,1
40814.05,Self-Employed,491.0,Bachelor,39,Urban,0,0.0,458.03,46.0,Female,0
20225.46,Employed,484.0,Bachelor,47,Urban,3,2962.05,1561.98,75.0,Female,0
47577.8,Employed,611.0,Bachelor,47,Suburban,3,10310.52,2490.99,65.0,Female,1
41506.03,Self-Employed,516.0,Master,63,Urban,0,19668.66,2480.44,33.0,Female,1
44187.73,Unemployed,490.0,Master,32,Urban,3,4324.72,2329.48,50.0,Male,0
15680.6,Unemployed,512.0,High School,53,Rural,3,3425.82,910.37,71.0,Female,0
64800.7,Employed,579.0,Bachelor,29,Urban,2,42401.76,2055.38,51.0,Female,1
54247.51,Employed,573.0,Bachelor,41,Urban,3,19241.55,3195.57,79.0,Female,1
44628.05,Employed,489.0,Master,44,Urban,5,4417.86,1206.18,80.0,Male,1
62198.08,Self-Employed,537.0,Bachelor,40,Suburban,2,12343.06,3412.63,38.0,Male,0
91298.34,Employed,654.0,Bachelor,28,Suburban,5,22696.42,4557.97,57.0,Female,1
68126.2,Student,589.0,Master,29,Suburban,0,12700.27,2578.28,49.0,Male,0
65188.54,Employed,603.0,Bachelor,60,Suburban,4,13307.96,3638.31,34.0,Female,1
51068.18,Employed,544.0,High School,63,Urban,4,11412.84,1340.23,63.0,Male,1
53636.4,Self-Employed,597.0,Master,24,Suburban,4,12875.04,2219.17,51.0,Female,1
49595.74,Employed,557.0,Bachelor,31,Urban,2,11699.67,1278.48,17.0,Female,1
66609.63,Employed,545.0,Master,65,Rural,0,20452.36,3877.63,59.0,Male,1
44960.99,Employed,571.0,Bachelor,26,Urban,0,14500.83,954.57,28.0,Male,1
61305.23,Employed,521.0,Bachelor,45,Urban,1,23246.95,3475.22,52.0,Female,0
29045.49,Unemployed,584.0,Bachelor,34,Suburban,0,15036.75,1196.71,4.0,Male,0
36282.94,Employed,570.0,Bachelor,65,Urban,1,5470.76,1730.02,41.0,Male,1
38833.86,Self-Employed,515.0,High School,54,Suburban,0,7130.17,1381.53,55.0,Male,0
85767.96,Employed,587.0,Master,54,Suburban,2,32770.71,2707.67,42.0,Male,1
45075.67,Employed,544.0,High School,23,Rural,5,26107.06,2227.78,19.0,Female,1
8000.0,Self-Employed,477.0,Bachelor,27,Urban,0,8312.7,575.65,37.0,Male,0
28895.58,Unemployed,574.0,Bachelor,56,Suburban,2,7327.6,1469.08,39.0,Male,0
53548.9,Student,525.0,Bachelor,31,Suburban,1,0.0,1319.95,65.0,Female,0
55524.5,Self-Employed,485.0,Bachelor,40,Urban,2,13896.62,2281.31,53.0,Male,0
66856.9,Employed,557.0,Bachelor,25,Suburban,3,37642.74,3199.37,48.0,Male,1
45070.59,Employed,571.0,Bachelor,21,Rural,5,21216.26,1759.08,26.0,Female,1
57759.11,Employed,601.0,Bachelor,53,Suburban,0,17335.04,1963.31,44.0,Female,0
36529.43,Student,530.0,Bachelor,28,Rural,1,1519.63,1675.85,72.0,Female,0
37311.69,Employed,498.0,High School,28,Suburban,0,0.0,1396.76,48.0,Female,0
70572.21,Employed,572.0,Bachelor,58,Urban,0,36799.04,1958.45,55.0,Male,1
85973.09,Employed,567.0,Master,53,Rural,4,23497.71,3265.11,14.0,Male,1
63769.66,Employed,461.0,Bachelor,30,Urban,1,9236.2,2296.3,60.0,Female,1
62559.41,Self-Employed,524.0,Master,59,Suburban,1,13064.19,1565.83,44.0,Female,1
34352.37,Employed,545.0,High School,64,Suburban,2,19435.6,884.93,40.0,Female,1
62073.18,Student,550.0,Master,39,Rural,2,15583.4,2002.68,48.0,Male,0
47334.2,Employed,527.0,Bachelor,41,Rural,2,11526.21,1949.75,48.0,Male,0
50410.3,Unemployed,595.0,Bachelor,50,Urban,5,16977.82,1622.83,39.0,Male,0
66425.47,Employed,525.0,Bachelor,27,Suburban,4,30796.61,3868.09,47.0,Female,1
64812.62,Employed,527.0,High School,61,Urban,2,17276.63,1414.82,21.0,Female,1
82091.9,Employed,605.0,Master,26,Suburban,1,37751.4,3582.31,47.0,Male,1
73549.38,Employed,546.0,Bachelor,54,Suburban,0,30609.68,3947.24,71.0,Male,1
28156.65,Student,481.0,Bachelor,46,Urban,4,15104.9,1087.0,32.0,Male,0
14113.84,Unemployed,563.0,High School,26,Rural,4,7634.78,274.96,48.0,Male,0
26412.88,Employed,463.0,High School,40,Suburban,4,4733.26,892.53,23.0,Female,0
41402.7,Employed,499.0,Master,34,Suburban,4,20059.07,1944.66,24.0,Female,0
77879.65,Employed,604.0,Bachelor,63,Rural,3,22678.06,2114.45,39.0,Male,1
40211.07,Employed,528.0,Bachelor,45,Suburban,3,10533.06,1588.78,57.0,Female,0
30102.06,Employed,454.0,High School,37,Suburban,5,6284.43,759.79,17.0,Female,0
61161.97,Employed,641.0,Bachelor,32,Urban,3,19991.06,1674.91,70.0,Male,1
58810.36,Employed,521.0,Master,27,Urban,5,13568.05,2185.55,78.0,Male,1
83928.56,Unemployed,582.0,Master,43,Urban,4,28418.74,2680.33,59.0,Male,0
57898.62,Employed,576.0,Bachelor,43,Urban,2,22406.37,727.18,31.0,Male,0
54677.6,Self-Employed,649.0,High School,63,Urban,2,27563.98,1955.08,38.0,Female,1
20292.93,Student,484.0,High School,50,Suburban,0,6811.52,1124.38,30.0,Female,0
26069.47,Employed,469.0,High School,41,Suburban,1,7856.03,450.23,27.0,Male,0
51069.3,Employed,569.0,Bachelor,37,Urban,3,14032.62,2411.48,44.0,Male,1
60230.34,Employed,653.0,PhD,32,Suburban,3,30454.08,2489.98,20.0,Female,1
34125.25,Self-Employed,528.0,High School,50,Rural,5,11510.43,2268.16,52.0,Male,0
33999.14,Employed,509.0,Bachelor,27,Urban,0,10095.71,1046.86,23.0,Female,0
57041.1,Employed,572.0,Bachelor,21,Suburban,0,33067.9,1818.66,31.0,Female,1
52948.06,Employed,455.0,Bachelor,61,Urban,3,1386.36,2294.55,35.0,Female,1
29871.25,Self-Employed,488.0,Bachelor,22,Suburban,0,16009.53,1075.65,46.0,Female,0
54594.09,Self-Employed,469.0,Bachelor,31,Suburban,5,23133.58,1917.82,61.0,Female,1
61433.49,Employed,545.0,High School,46,Urban,1,10038.46,2368.34,32.0,Female,1
77965.96,Self-Employed,561.0,Bachelor,29,Urban,3,20147.3,3391.42,70.0,Male,0
18695.64,Employed,381.0,Bachelor,51,Rural,0,1574.15,221.92,19.0,Male,0
51036.5,Employed,554.0,Bachelor,45,Urban,0,24714.4,1420.54,31.0,Male,1
30438.35,Employed,544.0,High School,24,Suburban,5,16060.89,789.31,52.0,Male,1
47215.27,Self-Employed,532.0,Bachelor,41,Suburban,3,16542.57,1566.87,18.0,Male,1
96828.29,Self-Employed,543.0,PhD,58,Urban,5,27010.07,5186.15,53.0,Male,1
48091.72,Employed,599.0,Bachelor,38,Suburban,5,12226.18,1325.87,28.0,Male,1
43874.39,Employed,621.0,High School,51,Suburban,5,9276.09,1204.74,34.0,Male,1
57563.91,Employed,573.0,Master,47,Urban,1,4326.58,2803.24,39.0,Male,1
67388.99,Employed,554.0,High School,41,Rural,4,35990.42,3123.85,25.0,Female,1
28503.52,Employed,499.0,Master,46,Suburban,3,6692.28,1796.41,53.0,Female,0
38654.5,Employed,548.0,High School,42,Suburban,1,1716.86,1981.24,50.0,Female,0
53015.91,Employed,553.0,Master,24,Urban,1,7519.38,2450.15,61.0,Female,1
24182.43,Employed,527.0,High School,40,Urban,2,15734.1,684.6,32.0,Female,0
71533.27,Employed,596.0,Bachelor,39,Suburban,4,2320.87,1000.26,39.0,Female,1
47953.44,Employed,508.0,PhD,56,Suburban,2,19425.22,1754.27,57.0,Male,1
51108.3,Employed,509.0,Bachelor,53,Urban,1,26833.33,3082.62,54.0,Female,0
49819.02,Employed,532.0,High School,46,Suburban,3,21329.49,1715.2,57.0,Male,1
33736.18,Self-Employed,542.0,High School,38,Suburban,3,6273.76,1350.15,54.0,Female,0
23986.04,Employed,437.0,High School,49,Urban,3,12683.39,912.29,40.0,Female,0
48476.1,Employed,532.0,High School,65,Suburban,3,7716.12,1051.34,42.0,Male,1
43572.52,Employed,534.0,Bachelor,58,Suburban,2,13461.39,561.69,37.0,Female,0
71129.73,Employed,553.0,Bachelor,31,Suburban,2,36516.2,3449.11,54.0,Male,1
72741.67,Self-Employed,640.0,Master,33,Suburban,2,30568.76,2448.34,39.0,Male,1
96164.15,Employed,666.0,Master,43,Suburban,5,29391.75,4344.67,62.0,Male,1
64649.64,Employed,584.0,Master,50,Rural,2,25288.11,2153.92,49.0,Male,1
63838.77,Employed,644.0,Bachelor,51,Rural,5,27226.32,2137.34,37.0,Male,1
52615.98,Employed,588.0,Bachelor,56,Urban,1,34513.66,2749.06,55.0,Female,1
60675.94,Unemployed,566.0,Bachelor,45,Suburban,2,27075.96,2766.75,67.0,Female,0
40154.04,Student,509.0,Bachelor,58,Rural,2,10783.02,1535.08,43.0,Male,0
41461.69,Employed,515.0,High School,22,Rural,2,5660.17,2417.81,48.0,Female,1
78108.67,Employed,602.0,Master,30,Urban,1,23303.09,2627.75,51.0,Male,1
52325.62,Employed,531.0,Bachelor,44,Urban,3,14051.68,892.4,11.0,Male,1
50505.74,Employed,477.0,Bachelor,44,Urban,5,20860.91,2375.82,41.0,Female,1
59097.88,Employed,540.0,Bachelor,64,Rural,1,23589.17,3126.3,85.0,Female,0
57983.51,Employed,602.0,High School,50,Rural,1,8044.99,1866.06,45.0,Male,0
63955.99,Employed,449.0,Bachelor,39,Rural,1,33721.52,3164.12,37.0,Male,1
56797.26,Employed,617.0,Bachelor,47,Urban,1,16595.65,2664.8,48.0,Female,1
63056.41,Employed,589.0,Master,26,Rural,0,34436.39,1597.28,35.0,Female,1
76406.34,Employed,572.0,Bachelor,38,Urban,0,5426.74,2029.9,48.0,Male,1
25590.37,Unemployed,523.0,Bachelor,21,Urban,0,11729.89,1574.2,46.0,Male,0
70020.89,Employed,616.0,Master,27,Urban,0,24044.81,2797.83,48.0,Male,1
17328.99,Self-Employed,499.0,Master,39,Suburban,3,5335.54,100.0,49.0,Female,0
74103.53,Employed,622.0,Master,21,Suburban,0,10619.01,1076.88,22.0,Female,1
46260.8,Employed,578.0,Bachelor,29,Urban,1,24867.09,1406.57,47.0,Female,1
48659.12,Self-Employed,551.0,Bachelor,61,Urban,2,2531.77,813.71,55.0,Male,1
49171.51,Employed,493.0,Bachelor,58,Rural,0,7412.99,2082.91,41.0,Female,0
55286.56,Unemployed,548.0,Master,46,Urban,2,29788.76,2906.67,62.0,Female,0
95877.52,Student,518.0,PhD,63,Suburban,5,41162.87,4384.25,53.0,Male,0
34704.47,Employed,543.0,Bachelor,22,Urban,0,19849.19,1042.28,24.0,Female,1
49257.33,Employed,525.0,Bachelor,63,Urban,1,28563.0,2083.83,17.0,Male,0
57430.28,Employed,528.0,High School,43,Urban,0,13651.59,2219.48,38.0,Male,1
16099.12,Unemployed,526.0,High School,37,Suburban,1,9863.35,130.11,31.0,Female,0
63539.07,Employed,507.0,High School,56,Suburban,5,6921.2,2391.4,80.0,Male,1
45483.07,Self-Employed,543.0,High School,41,Urban,3,27040.93,1636.87,44.0,Female,0
68279.66,Employed,555.0,Bachelor,48,Rural,2,25039.4,1955.5,36.0,Male,1
58272.64,Employed,548.0,Bachelor,35,Urban,4,32991.94,3281.14,59.0,Male,1
67173.26,Employed,582.0,Bachelor,44,Suburban,5,24326.53,1741.41,38.0,Male,1
23643.06,Unemployed,589.0,Bachelor,26,Urban,5,10563.74,866.2,55.0,Female,0
74061.32,Self-Employed,597.0,High School,30,Rural,3,47053.99,1802.57,67.0,Male,1
32505.11,Employed,581.0,Bachelor,46,Urban,1,6398.72,1406.85,44.0,Female,0
40383.54,Employed,594.0,High School,63,Suburban,3,9735.34,1816.52,17.0,Male,1
29694.24,Employed,550.0,High School,29,Suburban,4,13706.47,1804.92,43.0,Male,0
83004.48,Employed,509.0,PhD,47,Suburban,2,47630.29,2306.68,44.0,Female,1
35094.16,Unemployed,513.0,High School,23,Rural,3,12611.25,1860.4,69.0,Male,0
39727.18,Employed,481.0,Bachelor,43,Urban,4,8164.48,1603.94,50.0,Female,1
61956.71,Student,691.0,Bachelor,59,Urban,3,1017.08,831.22,33.0,Male,0
44521.87,Employed,492.0,Bachelor,36,Rural,4,15011.92,2705.8,70.0,Male,0
36809.78,Unemployed,458.0,Bachelor,56,Rural,2,16647.44,1918.51,43.0,Female,0
52331.93,Unemployed,423.0,Master,38,Suburban,4,5602.79,1709.28,42.0,Female,0
49326.94,Self-Employed,497.0,Bachelor,62,Suburban,1,8732.34,1377.6,34.0,Female,0
57647.8,Student,561.0,Bachelor,49,Suburban,4,9205.81,2356.04,64.0,Male,1
64838.37,Employed,615.0,Master,35,Suburban,4,16007.44,2550.21,40.0,Male,1
46081.03,Self-Employed,491.0,High School,32,Rural,2,19159.25,1047.42,50.0,Female,1
46888.13,Employed,593.0,Bachelor,60,Rural,3,8646.41,2062.55,51.0,Female,1
21976.66,Employed,502.0,High School,42,Urban,3,10983.32,460.29,38.0,Female,1
45146.98,Employed,516.0,High School,38,Suburban,2,5513.49,1494.54,56.0,Female,0
37895.01,Unemployed,535.0,PhD,47,Suburban,2,16419.86,941.73,63.0,Female,0
75884.04,Student,645.0,Master,24,Urban,4,34574.47,2166.95,27.0,Male,1
22537.36,Employed,508.0,High School,29,Rural,4,10133.05,1265.99,39.0,Female,0
57375.28,Unemployed,505.0,Bachelor,41,Suburban,2,33660.41,2612.76,44.0,Male,0
49318.42,Self-Employed,563.0,High School,34,Urban,5,6309.5,3018.29,52.0,Male,0
59093.03,Self-Employed,576.0,Bachelor,45,Suburban,5,37839.39,3276.09,43.0,Female,1
41301.25,Employed,524.0,Bachelor,36,Urban,4,3430.16,2276.61,31.0,Male,0
65368.15,Employed,613.0,Master,40,Urban,0,19709.3,3536.26,51.0,Male,1
37030.7,Employed,423.0,High School,56,Suburban,2,3888.08,1809.17,59.0,Female,0
84548.64,Self-Employed,610.0,Bachelor,56,Suburban,0,46103.26,2452.06,44.0,Female,1
52659.82,Employed,584.0,Master,34,Suburban,5,18117.38,2835.08,55.0,Female,1
63300.65,Unemployed,498.0,Master,36,Urban,3,8130.07,1661.73,66.0,Female,0
53510.47,Student,483.0,High School,49,Suburban,1,17191.55,3031.62,53.0,Male,0
75089.1,Employed,625.0,Bachelor,62,Urban,1,39221.81,2865.48,64.0,Female,1
52091.87,Self-Employed,600.0,Master,45,Rural,4,10864.78,521.77,54.0,Male,1
89073.44,Employed,662.0,Bachelor,24,Urban,0,12004.13,5167.35,79.0,Male,1
83182.72,Self-Employed,561.0,Bachelor,47,Rural,2,0.0,4433.38,88.0,Male,0
67506.74,Employed,579.0,Bachelor,53,Urban,0,11680.7,3323.31,50.0,Male,1
48019.02,Student,557.0,Master,63,Urban,4,25966.73,1972.43,59.0,Male,1
26090.3,Unemployed,434.0,Bachelor,62,Suburban,4,7424.94,2192.81,49.0,Male,0
52076.39,Self-Employed,555.0,High School,52,Suburban,4,7600.14,1866.66,52.0,Female,0
55973.53,Employed,559.0,Bachelor,45,Rural,5,,1746.97,50.0,Male,1
69740.73,Employed,606.0,Master,28,Suburban,2,43551.05,1153.77,59.0,Male,1
17781.98,Unemployed,473.0,Bachelor,60,Urban,3,10587.56,744.93,31.0,Female,0
43494.25,Student,592.0,Bachelor,42,Urban,5,6741.23,1050.55,46.0,Female,0
57157.73,Student,558.0,Bachelor,52,Suburban,4,14203.66,1530.51,24.0,Female,0
72227.77,Self-Employed,653.0,Bachelor,54,Urban,2,37134.25,2961.67,38.0,Male,1
62788.17,Self-Employed,596.0,PhD,21,Rural,5,4782.31,2811.23,40.0,Male,1
53364.37,Employed,562.0,Bachelor,37,Suburban,4,12976.98,1375.79,51.0,Female,1
30974.98,Self-Employed,464.0,Bachelor,51,Suburban,4,17645.1,1064.76,47.0,Female,0
45021.22,Employed,478.0,Bachelor,42,Rural,2,7658.08,1638.72,64.0,Male,0
24899.57,Unemployed,581.0,High School,50,Urban,1,12218.27,1184.7,56.0,Female,0
67501.12,Employed,609.0,Bachelor,46,Urban,4,42639.49,2559.87,48.0,Female,1
17404.78,Student,485.0,High School,21,Rural,0,10692.56,629.31,83.0,Female,0
54460.23,Employed,532.0,Master,34,Urban,5,29176.91,2459.44,50.0,Male,1
74365.19,Employed,589.0,Master,39,Suburban,3,36104.43,4317.49,36.0,Female,1
40660.93,Employed,471.0,High School,38,Rural,4,15493.63,1482.06,23.0,Male,1
43415.83,Self-Employed,514.0,Bachelor,22,Urban,5,15576.16,2088.56,56.0,Female,1
81186.18,Self-Employed,617.0,PhD,21,Rural,4,4766.07,3190.63,28.0,Male,1
58881.74,Self-Employed,591.0,High School,34,Urban,5,13587.14,2068.82,48.0,Male,1
63887.93,Employed,548.0,Master,59,Suburban,3,31207.73,1158.66,36.0,Male,1
44730.79,Employed,609.0,High School,65,Urban,0,8821.55,1531.77,71.0,Female,1
32692.92,Unemployed,567.0,High School,58,Suburban,2,7908.03,931.45,22.0,Female,0
51081.48,Student,512.0,Bachelor,63,Urban,5,19928.73,1705.95,58.0,Female,0
51133.68,Self-Employed,489.0,High School,62,Urban,1,15594.51,1516.36,37.0,Female,0
67809.59,Employed,597.0,Master,51,Urban,0,32103.09,2083.41,39.0,Female,1
46900.63,Self-Employed,520.0,Bachelor,26,Urban,2,29726.05,3182.37,74.0,Female,1
50799.47,Employed,517.0,Bachelor,37,Suburban,3,1409.52,1346.07,34.0,Male,0
40422.63,Student,541.0,Bachelor,54,Urban,2,5356.71,2093.98,32.0,Female,0
47583.49,Employed,574.0,Bachelor,38,Urban,5,20347.64,2352.99,40.0,Male,0
53829.27,Employed,586.0,Master,33,Urban,1,0.0,1462.24,27.0,Male,0
60654.01,Employed,562.0,Bachelor,22,Urban,2,12668.42,1817.27,21.0,Male,0
82841.69,Self-Employed,488.0,Master,36,Urban,3,19132.71,3372.99,40.0,Male,1
24906.34,Self-Employed,552.0,Bachelor,36,Urban,4,8859.22,942.02,16.0,Female,0
47128.42,Self-Employed,504.0,Bachelor,57,Suburban,5,22060.12,1059.59,27.0,Female,0
63087.78,Employed,577.0,Bachelor,56,Suburban,1,9805.95,2242.18,33.0,Male,1
51084.58,Unemployed,541.0,Bachelor,26,Suburban,5,24186.08,2123.31,49.0,Female,0
88998.47,Employed,701.0,Bachelor,44,Urban,5,32856.37,2187.18,27.0,Male,1
51132.45,Employed,639.0,Bachelor,61,Rural,5,4562.19,1401.05,51.0,Male,1
86587.85,Self-Employed,576.0,Bachelor,42,Suburban,0,26097.78,2783.58,17.0,Male,1
57833.49,Employed,495.0,High School,64,Suburban,2,1476.63,3194.99,37.0,Male,0
82213.43,Employed,534.0,Master,25,Urban,3,45065.95,4824.8,56.0,Male,1
54019.35,Employed,563.0,Master,35,Urban,1,4925.82,2335.23,41.0,Male,0
63801.0,Self-Employed,540.0,Bachelor,62,Suburban,0,34536.29,1894.82,45.0,Male,1
83508.44,Employed,542.0,Master,53,Urban,1,46626.04,1804.17,24.0,Male,1
52659.69,Employed,525.0,Master,33,Suburban,0,18853.59,3172.8,79.0,Female,0
30915.86,Employed,538.0,Master,61,Urban,4,13602.55,1331.22,66.0,Male,0
54235.1,Self-Employed,547.0,High School,38,Urban,1,3995.48,1564.79,4.0,Male,1
54775.98,Employed,530.0,Bachelor,56,Urban,3,8926.2,1953.25,54.0,Female,0
82163.79,Employed,574.0,Bachelor,35,Urban,0,6601.84,2954.75,44.0,Male,1
53925.33,Employed,543.0,Bachelor,36,Urban,4,21429.53,2511.86,46.0,Male,1
51424.85,Employed,557.0,Bachelor,35,Urban,1,12702.67,2792.02,47.0,Male,1
37428.68,Employed,539.0,Bachelor,37,Suburban,1,13474.18,1826.31,32.0,Female,0
54548.74,Self-Employed,477.0,Master,47,Urban,0,25261.61,1099.55,39.0,Female,1
103004.32,Employed,628.0,Master,57,Suburban,0,35832.54,5160.82,84.0,Female,1
27200.25,Employed,496.0,Bachelor,49,Rural,5,11241.97,742.7,66.0,Female,0
42970.64,Employed,489.0,Master,22,Rural,5,5526.67,2024.55,43.0,Male,0
66185.46,Employed,551.0,Master,47,Suburban,0,10934.78,2419.54,23.0,Male,1
89618.48,Self-Employed,653.0,Bachelor,40,Urban,1,8631.57,3815.66,50.0,Male,0
76123.18,Self-Employed,618.0,Master,24,Suburban,3,27671.93,2756.93,44.0,Male,1
68284.93,Self-Employed,575.0,High School,35,Rural,3,12297.93,1230.16,63.0,Male,0
45224.22,Employed,497.0,High School,64,Suburban,4,25798.93,2126.44,27.0,Male,0
53148.43,Employed,488.0,PhD,36,Urban,5,30865.76,1208.01,13.0,Female,1
52261.77,Employed,505.0,Bachelor,53,Suburban,4,,865.25,29.0,Male,0
60129.45,Employed,560.0,Bachelor,29,Urban,1,29990.57,941.54,49.0,Male,1
51164.36,Unemployed,548.0,PhD,60,Suburban,2,19925.18,2492.07,33.0,Female,0
58790.22,Employed,528.0,Bachelor,57,Urban,2,21964.12,2673.11,44.0,Male,0
58861.02,Employed,597.0,High School,28,Urban,1,31879.1,2438.41,58.0,Female,1
34321.25,Self-Employed,540.0,High School,52,Suburban,3,13221.02,875.66,16.0,Female,0
41092.62,Employed,413.0,Bachelor,62,Suburban,0,19375.57,2302.55,45.0,Female,0
12930.72,Unemployed,497.0,High School,61,Suburban,0,4196.64,121.95,39.0,Male,0
50075.4,Employed,579.0,High School,53,Rural,0,8906.13,2857.89,59.0,Male,0
40586.26,Unemployed,540.0,Master,53,Rural,4,18851.69,1414.26,36.0,Female,0
69371.34,Self-Employed,598.0,Bachelor,43,Suburban,3,43083.5,2658.75,71.0,Female,1
72204.85,Self-Employed,564.0,Bachelor,27,Rural,1,31288.27,3669.28,46.0,Female,0
35889.38,Employed,522.0,High School,22,Urban,3,9616.75,876.24,51.0,Male,1
62352.83,Employed,560.0,Bachelor,34,Urban,4,21674.01,3130.01,67.0,Male,1
51919.65,Employed,556.0,Bachelor,32,Rural,4,16951.36,2888.86,11.0,Male,1
36949.06,Self-Employed,500.0,Bachelor,62,Urban,2,16288.81,1807.24,67.0,Male,0
47077.48,Employed,590.0,Bachelor,58,Rural,4,3984.24,664.11,22.0,Male,0
81499.26,Employed,654.0,Bachelor,35,Urban,1,43225.47,3621.23,46.0,Female,1
44509.46,Employed,513.0,High School,38,Urban,5,25527.42,2296.29,63.0,Male,1
18015.21,Unemployed,446.0,High School,54,Urban,1,6306.55,1563.72,36.0,Female,0
54219.21,Employed,490.0,Bachelor,51,Suburban,0,35357.41,1893.22,43.0,Female,1
60675.36,Employed,578.0,High School,60,Rural,4,8477.43,1939.1,58.0,Male,1
43429.85,Self-Employed,562.0,High School,53,Urban,4,333.5,1248.23,43.0,Female,0
31915.3,Unemployed,537.0,High School,52,Urban,5,15729.55,1476.83,27.0,Female,0
33731.01,Self-Employed,544.0,Master,55,Urban,0,14168.45,1495.33,60.0,Male,0
70584.89,Employed,548.0,Bachelor,61,Urban,5,39039.96,3049.36,55.0,Male,1
58316.97,Employed,467.0,Bachelor,38,Suburban,5,4616.51,2636.78,24.0,Female,1
68270.21,Employed,548.0,Bachelor,32,Suburban,3,11093.18,3078.07,48.0,Female,1
29985.63,Employed,590.0,Bachelor,61,Urban,3,12451.69,1155.38,46.0,Female,0
45462.75,Employed,550.0,High School,28,Urban,0,10341.01,1970.94,39.0,Female,0
73462.73,Employed,597.0,Bachelor,34,Suburban,3,13889.2,3359.55,27.0,Male,1
49645.95,Employed,585.0,Bachelor,27,Urban,4,22402.79,1618.4,22.0,Female,1
58765.8,Employed,519.0,Bachelor,58,Urban,3,29562.8,2286.43,36.0,Female,1
38855.62,Self-Employed,539.0,High School,62,Suburban,1,9623.76,1391.07,47.0,Female,1
60223.15,Employed,582.0,Master,40,Urban,3,9170.99,1300.13,59.0,Female,1
68507.01,Student,529.0,Master,25,Urban,0,33711.13,1825.76,23.0,Female,0
8649.11,Unemployed,502.0,High School,31,Urban,3,3461.28,100.0,26.0,Female,0
66245.86,Employed,626.0,Master,47,Suburban,5,22390.0,1198.84,9.0,Male,1
53776.43,Employed,532.0,High School,36,Urban,5,18942.6,1710.7,43.0,Female,1
46071.51,Student,461.0,High School,54,Rural,4,11218.23,1972.01,67.0,Male,0
30170.68,Student,524.0,High School,56,Suburban,2,5016.52,547.06,53.0,Female,0
77533.21,Employed,554.0,Master,40,Suburban,2,42918.68,5051.96,56.0,Female,1
46180.54,Employed,547.0,High School,48,Suburban,4,10647.24,1878.13,39.0,Female,0
56793.14,Student,516.0,Master,23,Urban,0,35502.74,1867.36,39.0,Male,0
61220.08,Self-Employed,563.0,Bachelor,27,Urban,2,31541.78,2331.67,42.0,Male,1
69829.17,Self-Employed,628.0,Bachelor,36,Urban,3,17277.23,3744.79,54.0,Male,1
67125.98,Employed,568.0,Bachelor,26,Suburban,0,15965.99,3549.34,47.0,Male,1
14304.11,Unemployed,419.0,High School,21,Suburban,4,6759.75,100.0,35.0,Male,0
54255.32,Employed,568.0,Bachelor,51,Rural,2,23794.64,1232.96,24.0,Female,1
67109.92,Employed,570.0,Bachelor,22,Suburban,5,2929.28,2200.75,52.0,Male,0
77925.96,Self-Employed,594.0,Bachelor,31,Urban,0,28372.32,3087.1,59.0,Female,1
38870.15,Employed,573.0,High School,53,Urban,0,8190.88,814.55,76.0,Male,0
74076.7,Employed,555.0,Master,30,Urban,2,4527.09,2210.37,53.0,Female,1
43781.74,Self-Employed,523.0,Bachelor,31,Rural,5,14511.19,1039.56,37.0,Female,1
58877.86,Self-Employed,511.0,Bachelor,54,Urban,0,4621.59,1628.16,67.0,Female,0
19897.53,Student,510.0,Bachelor,21,Rural,0,6689.17,695.84,59.0,Female,0
57799.26,Employed,563.0,Bachelor,35,Urban,4,19950.61,3138.85,40.0,Female,1
59783.88,Employed,547.0,Bachelor,45,Suburban,0,13119.82,3234.9,77.0,Female,0
35448.1,Employed,557.0,High School,24,Urban,3,11370.19,1409.53,47.0,Female,1
80731.41,Employed,542.0,Bachelor,50,Suburban,0,29690.94,3667.76,32.0,Male,0
30836.67,Employed,523.0,High School,40,Urban,0,15014.68,848.74,28.0,Male,1
55063.35,Employed,579.0,High School,34,Suburban,2,12088.51,1532.72,33.0,Female,1
10573.41,Employed,464.0,High School,46,Rural,3,0.0,100.0,58.0,Male,0
43175.25,Employed,473.0,High School,22,Suburban,3,9299.06,917.42,42.0,Female,1
65194.55,Employed,490.0,Bachelor,48,Urban,5,35917.23,3600.01,54.0,Female,1
69689.43,Employed,580.0,Bachelor,41,Suburban,0,1965.55,2400.95,46.0,Male,1
56419.4,Employed,630.0,Bachelor,23,Urban,0,6658.36,1959.09,74.0,Female,1
54375.63,Employed,523.0,Bachelor,56,Urban,4,1225.7,2504.66,44.0,Female,1
63511.65,Employed,584.0,Bachelor,41,Suburban,2,6941.76,2440.51,41.0,Female,1
45259.94,Unemployed,429.0,Bachelor,24,Rural,1,25502.55,2481.91,65.0,Female,0
86694.2,Employed,614.0,Master,37,Urban,5,50984.02,4000.41,57.0,Female,1
41637.8,Self-Employed,484.0,Master,54,Suburban,1,12442.66,1968.64,66.0,Female,0
39990.31,Unemployed,513.0,Master,41,Suburban,0,7551.21,2434.63,41.0,Female,0
14097.02,Unemployed,497.0,Master,38,Suburban,0,6477.67,895.22,42.0,Male,0
25487.49,Unemployed,435.0,Master,22,Urban,5,5207.98,881.96,66.0,Female,0
44438.22,Employed,678.0,Bachelor,23,Suburban,0,16842.08,941.68,32.0,Female,1
74975.18,Employed,553.0,Bachelor,34,Urban,5,21350.99,2734.91,63.0,Male,1
60786.6,Self-Employed,587.0,Master,33,Urban,1,16410.39,2823.65,26.0,Male,1
45665.53,Employed,606.0,High School,49,Urban,2,7408.83,1525.97,54.0,Female,1
59500.46,Employed,571.0,Bachelor,42,Rural,0,37363.39,1752.07,34.0,Male,1
53941.58,Self-Employed,495.0,Master,26,Urban,2,10640.48,2472.84,61.0,Female,1
32079.86,Employed,524.0,Bachelor,50,Urban,5,13259.6,1273.41,24.0,Male,0
42811.1,Employed,452.0,High School,64,Urban,5,0.0,1551.56,58.0,Male,0
54189.15,Self-Employed,536.0,Bachelor,59,Urban,2,16364.23,1784.12,43.0,Female,0
52026.94,Self-Employed,623.0,High School,65,Rural,0,30313.64,1176.86,47.0,Male,1
35904.17,Unemployed,461.0,Bachelor,42,Suburban,4,16288.33,1512.87,44.0,Male,0
59777.5,Self-Employed,521.0,Bachelor,37,Suburban,1,13922.04,1774.46,42.0,Female,0
68870.59,Employed,655.0,Bachelor,23,Suburban,5,27954.14,2963.69,40.0,Female,1
78808.44,Employed,578.0,Bachelor,51,Urban,0,37524.33,2840.79,35.0,Male,1
49584.64,Employed,504.0,High School,40,Suburban,0,8050.96,1527.79,53.0,Female,0
33942.6,Employed,539.0,Bachelor,49,Rural,4,6011.81,1219.48,24.0,Female,1
26324.77,Self-Employed,490.0,High School,34,Suburban,3,6495.03,1239.57,39.0,Female,0
39721.98,Self-Employed,408.0,Bachelor,28,Suburban,3,13795.78,268.0,21.0,Male,0
25876.7,Unemployed,449.0,Bachelor,52,Urban,3,0.0,1109.21,35.0,Male,0
44491.09,Employed,629.0,High School,38,Rural,5,17549.72,635.73,10.0,Female,1
94311.64,Employed,623.0,Master,44,Urban,4,31540.82,4448.77,75.0,Female,1
62178.58,Employed,628.0,Bachelor,65,Suburban,1,14283.74,3670.22,64.0,Male,0
48740.08,Employed,496.0,High School,33,Urban,4,10117.7,1581.27,42.0,Female,0
73428.36,Employed,576.0,Bachelor,26,Suburban,3,16522.0,1230.14,44.0,Male,1
30571.54,Employed,509.0,High School,53,Rural,1,4363.1,622.35,55.0,Female,0
62630.52,Employed,538.0,High School,46,Suburban,4,37281.51,1387.37,34.0,Female,1
80518.72,Employed,598.0,Master,38,Urban,4,12944.12,1680.76,63.0,Female,1
53884.96,Self-Employed,500.0,Bachelor,47,Suburban,1,6179.46,1947.82,34.0,Female,0
92406.19,Self-Employed,660.0,Master,62,Rural,1,38465.47,4005.54,54.0,Male,1
71728.47,Employed,597.0,Bachelor,28,Suburban,5,20966.02,2998.64,29.0,Female,1
61680.85,Self-Employed,553.0,Master,56,Rural,5,30499.31,1452.97,63.0,Male,1
56845.21,Employed,560.0,Master,45,Rural,1,14023.01,1655.13,39.0,Female,1
36521.33,Employed,512.0,High School,57,Rural,4,22369.8,779.64,44.0,Female,1
50038.9,Self-Employed,467.0,High School,62,Urban,0,17474.29,1564.01,31.0,Male,1
57473.03,Employed,511.0,Bachelor,28,Suburban,5,18779.43,1900.96,41.0,Male,1
48207.65,Self-Employed,534.0,Bachelor,26,Rural,1,12031.62,2826.16,34.0,Male,0
51790.45,Employed,531.0,Bachelor,21,Rural,1,18581.03,632.67,25.0,Male,1
36112.61,Employed,554.0,High School,29,Urban,4,5265.1,1294.74,17.0,Male,1
57477.93,Employed,581.0,Master,36,Urban,5,21120.86,3355.5,48.0,Female,1
30041.11,Employed,491.0,High School,32,Urban,4,6805.7,2001.91,34.0,Male,0
69216.49,Employed,529.0,Master,58,Suburban,5,7920.89,2185.87,79.0,Female,1
52200.88,Employed,582.0,Bachelor,54,Rural,5,9010.6,2364.32,29.0,Female,1
45161.2,Employed,546.0,High School,36,Suburban,1,17684.02,2396.69,36.0,Female,1
83293.5,Employed,564.0,Master,46,Urban,3,37913.21,2191.46,57.0,Male,1
45046.85,Employed,486.0,Bachelor,35,Urban,4,16261.8,1317.08,26.0,Female,0
46337.56,Self-Employed,509.0,Master,43,Rural,5,23507.42,2493.28,45.0,Female,0
23781.81,Unemployed,525.0,Master,34,Urban,3,7490.24,1653.11,53.0,Female,0
63345.29,Self-Employed,640.0,High School,56,Urban,3,14618.41,3651.02,62.0,Female,1
39082.99,Unemployed,519.0,High School,31,Urban,4,19556.11,1637.46,43.0,Female,0
62943.8,Employed,526.0,High School,65,Rural,5,11651.54,2610.41,46.0,Female,0
68738.56,Self-Employed,668.0,High School,62,Suburban,0,25105.97,1588.52,56.0,Female,1
61634.54,Self-Employed,544.0,Master,29,Urban,5,9437.68,2847.13,66.0,Male,1
35332.78,Unemployed,488.0,Master,46,Urban,2,7688.87,2005.92,45.0,Female,0
26068.01,Self-Employed,492.0,Bachelor,57,Rural,2,13796.52,807.34,46.0,Male,0
25530.2,Unemployed,489.0,Bachelor,58,Urban,2,2026.93,1425.78,33.0,Male,0
61126.41,Employed,618.0,Master,37,Urban,0,28501.54,2364.52,63.0,Female,1
8085.79,Student,409.0,High School,45,Urban,3,2700.0,450.8,48.0,Male,0
33840.03,Employed,548.0,High School,27,Urban,5,7609.25,1219.43,35.0,Female,0
61757.48,Employed,561.0,Master,32,Rural,4,24164.75,1408.7,33.0,Male,1
76401.56,Employed,557.0,Master,32,Suburban,2,35065.36,2727.01,75.0,Female,1
43243.81,Employed,520.0,High School,33,Urban,0,5874.51,1375.35,33.0,Male,0
52919.7,Employed,537.0,Bachelor,38,Rural,4,4123.32,2852.7,45.0,Female,0
81956.37,Employed,594.0,High School,51,Urban,4,27444.67,2353.23,27.0,Male,1
27909.35,Employed,493.0,Bachelor,61,Rural,2,4969.12,1215.06,55.0,Male,0
76288.09,Self-Employed,579.0,Bachelor,47,Urban,2,25606.58,2207.76,37.0,Male,1
55711.59,Employed,518.0,High School,42,Urban,2,31932.75,3237.15,50.0,Female,1
77997.97,Employed,683.0,Master,52,Rural,1,13205.03,2323.42,44.0,Female,1
63503.39,Self-Employed,609.0,Bachelor,48,Rural,2,0.0,2459.21,82.0,Female,0
47051.96,Self-Employed,562.0,Bachelor,41,Suburban,0,16909.68,1239.92,67.0,Male,0
57027.02,Self-Employed,535.0,Bachelor,22,Suburban,2,21226.88,1610.91,47.0,Male,1
33091.85,Employed,557.0,Bachelor,45,Rural,5,16773.12,2058.44,35.0,Male,1
24155.95,Student,521.0,High School,23,Suburban,3,12083.42,567.48,39.0,Female,0
30438.72,Unemployed,522.0,High School,48,Urban,3,13136.53,1484.58,41.0,Female,0
71553.8,Employed,551.0,Master,63,Suburban,4,6773.39,4085.38,78.0,Male,1
66841.54,Employed,581.0,Bachelor,56,Suburban,5,35162.88,3832.18,92.0,Female,1
70743.9,Employed,650.0,High School,58,Suburban,3,,4137.84,60.0,Female,1
44466.82,Unemployed,540.0,PhD,41,Rural,2,17881.82,2275.06,58.0,Male,0
64171.53,Unemployed,553.0,Master,43,Suburban,3,23835.45,2511.64,76.0,Male,0
38009.54,Unemployed,532.0,High School,44,Urban,5,23249.91,2015.31,52.0,Male,0
19388.74,Student,503.0,High School,30,Urban,1,12575.67,1208.63,28.0,Male,0
50743.95,Self-Employed,521.0,Bachelor,65,Rural,5,12670.33,2879.64,47.0,Male,1
51738.2,Employed,514.0,High School,22,Urban,2,24482.99,2278.85,46.0,Female,1
58449.54,Employed,592.0,PhD,65,Rural,4,20617.42,2205.23,35.0,Male,1
42391.51,Employed,588.0,Bachelor,64,Urban,1,13459.34,758.58,39.0,Female,1
33887.63,Employed,624.0,High School,63,Urban,5,3586.15,1734.45,20.0,Female,1
42846.76,Employed,555.0,Bachelor,21,Rural,4,3586.23,962.65,10.0,Female,1
37030.55,Employed,531.0,High School,63,Urban,5,20498.0,2166.2,44.0,Female,1
71456.12,Self-Employed,616.0,Bachelor,31,Rural,4,22547.65,2054.99,41.0,Male,1
17233.32,Employed,457.0,High School,32,Urban,2,6635.83,1044.18,67.0,Male,0
48669.07,Unemployed,572.0,Master,51,Suburban,1,21507.54,3284.88,44.0,Male,0
55924.72,Student,600.0,Master,38,Suburban,4,8941.29,1026.67,44.0,Female,0
44557.62,Employed,583.0,Master,63,Rural,3,17221.06,1525.85,36.0,Female,1
50521.29,Employed,620.0,High School,43,Urban,1,27688.62,2774.13,21.0,Male,1
56868.47,Employed,527.0,Bachelor,26,Urban,1,30819.62,1663.27,42.0,Male,1
45839.33,Unemployed,517.0,Master,31,Suburban,1,16044.53,1294.78,45.0,Male,0
62944.01,Self-Employed,553.0,Bachelor,55,Rural,5,30738.57,2067.61,37.0,Male,1
59600.72,Employed,508.0,Bachelor,46,Rural,4,22594.38,2065.12,42.0,Female,1
60000.33,Self-Employed,583.0,PhD,35,Rural,1,16099.36,2628.45,62.0,Male,1
24433.22,Unemployed,538.0,Master,30,Suburban,1,9651.47,1558.9,39.0,Male,0
69476.03,Employed,598.0,Master,51,Suburban,5,15100.73,2989.77,69.0,Male,1
43149.9,Self-Employed,542.0,Bachelor,32,Rural,4,27840.84,2163.24,49.0,Male,1
47083.67,Employed,586.0,Bachelor,25,Rural,4,22648.21,2270.61,62.0,Male,1
54351.7,Employed,577.0,Bachelor,46,Rural,0,25424.78,441.73,61.0,Female,1
28473.92,Unemployed,487.0,Bachelor,59,Rural,5,9914.45,1236.64,28.0,Male,0
47600.74,Employed,408.0,High School,34,Rural,2,14009.52,1107.79,57.0,Female,0
87692.85,Unemployed,584.0,Master,52,Urban,4,29940.4,4831.7,79.0,Male,0
70287.66,Self-Employed,575.0,Bachelor,41,Urban,1,7549.98,2571.47,64.0,Male,0
75173.47,Employed,583.0,Bachelor,64,Rural,3,21116.0,2444.86,43.0,Male,1
72663.4,Self-Employed,569.0,Master,48,Suburban,0,47106.17,2891.36,8.0,Male,1
71156.77,Employed,551.0,Master,43,Urban,2,34627.1,4000.97,92.0,Male,1
58890.97,Employed,519.0,High School,31,Suburban,1,3883.18,3071.28,27.0,Male,1
62159.62,Employed,515.0,Bachelor,60,Suburban,2,15919.82,1863.12,74.0,Female,1
43942.08,Unemployed,556.0,Bachelor,23,Rural,5,14641.29,2109.49,28.0,Female,0
23890.5,Unemployed,556.0,High School,45,Rural,0,10708.72,660.74,19.0,Female,0
34375.26,Employed,466.0,High School,32,Urban,2,24228.27,590.46,39.0,Male,0
32977.88,Employed,518.0,Bachelor,44,Suburban,5,1724.99,940.28,39.0,Female,1
57918.51,Student,591.0,Master,65,Urban,5,10377.44,2562.52,81.0,Female,1
44107.07,Self-Employed,528.0,Master,25,Rural,3,0.0,1263.29,32.0,Male,1
72296.4,Employed,609.0,Bachelor,23,Urban,3,17454.92,3323.79,65.0,Male,1
75079.81,Employed,629.0,Bachelor,57,Suburban,3,21717.18,4383.06,65.0,Female,1
43690.1,Employed,553.0,High School,52,Suburban,2,17484.6,2263.05,33.0,Female,0
93170.19,Employed,584.0,PhD,39,Suburban,1,43955.09,2366.81,55.0,Male,1
70884.07,Employed,634.0,Master,31,Suburban,4,5753.65,3923.91,54.0,Male,1
69388.8,Self-Employed,560.0,PhD,48,Suburban,2,15121.41,3235.84,69.0,Female,1
58092.69,Self-Employed,544.0,Bachelor,32,Suburban,5,23693.11,1951.71,42.0,Male,1
37537.24,Employed,550.0,High School,50,Urban,1,13092.15,2204.48,68.0,Female,1
41620.48,Self-Employed,519.0,Bachelor,39,Urban,1,12169.66,1651.5,49.0,Female,0
30339.39,Employed,506.0,Bachelor,55,Suburban,1,6563.52,319.39,19.0,Female,0
45003.55,Self-Employed,521.0,Bachelor,50,Urban,3,21423.18,1394.81,15.0,Female,0
83090.91,Employed,584.0,High School,46,Suburban,3,12912.59,2640.98,76.0,Male,1
27599.52,Employed,521.0,High School,25,Urban,3,11093.59,309.56,36.0,Female,0
33351.94,Employed,432.0,Bachelor,48,Rural,1,,1135.42,40.0,Female,0
53916.15,Employed,546.0,Master,52,Urban,2,7595.64,1513.05,46.0,Female,0
53620.17,Self-Employed,470.0,Master,44,Suburban,3,25249.9,2478.13,47.0,Male,0
74039.86,Employed,561.0,Master,47,Urban,3,37517.36,1637.73,45.0,Male,1
41822.83,Employed,548.0,High School,48,Suburban,2,18640.26,912.78,15.0,Male,1
67022.27,Employed,554.0,Master,31,Urban,1,19764.16,2240.76,60.0,Male,1
40257.49,Self-Employed,562.0,Bachelor,40,Suburban,2,3384.72,1096.19,43.0,Female,0
40871.66,Self-Employed,547.0,High School,26,Urban,1,14137.32,1382.5,53.0,Female,0
52104.88,Self-Employed,451.0,Bachelor,55,Suburban,4,11156.19,1322.82,33.0,Female,0
24981.67,Unemployed,563.0,High School,27,Suburban,0,16747.64,963.1,40.0,Female,0
90711.46,Self-Employed,614.0,Master,57,Rural,4,50804.71,3504.98,31.0,Male,1
66577.2,Employed,543.0,Master,49,Suburban,0,35786.42,3759.07,71.0,Male,1
27853.87,Unemployed,492.0,High School,44,Suburban,2,13049.32,1217.22,39.0,Male,0
17545.53,Employed,404.0,Bachelor,43,Rural,2,10350.25,786.87,3.0,Male,0
63598.88,Self-Employed,574.0,Bachelor,27,Urban,5,39067.36,2209.84,41.0,Male,1
8000.0,Student,514.0,High School,50,Suburban,3,234.31,252.02,42.0,Male,0
70275.43,Employed,543.0,Bachelor,37,Urban,1,13059.91,2591.52,70.0,Male,0
65136.26,Employed,526.0,Master,56,Suburban,2,10318.25,1472.85,21.0,Female,1
81968.46,Employed,597.0,Master,58,Urban,4,25088.06,1948.24,64.0,Male,1
29483.57,Student,569.0,High School,62,Urban,5,8086.29,2182.8,57.0,Male,0
59404.7,Employed,607.0,Bachelor,62,Suburban,4,24573.61,1386.64,35.0,Male,1
55136.49,Self-Employed,589.0,High School,55,Suburban,5,30783.43,2216.97,60.0,Female,1
36056.78,Employed,616.0,High School,33,Urban,1,10539.82,1161.69,46.0,Female,0
60150.51,Employed,601.0,High School,33,Suburban,2,31671.26,1140.47,32.0,Male,1
55463.84,Employed,604.0,High School,63,Rural,2,21678.89,725.64,55.0,Male,1
35976.99,Unemployed,528.0,Bachelor,64,Urban,2,14664.43,2045.03,66.0,Female,0
81678.01,Employed,574.0,Bachelor,33,Urban,0,40655.19,3867.99,33.0,Female,1
43733.3,Student,587.0,Bachelor,50,Rural,1,19920.76,2367.7,52.0,Female,1
23887.71,Self-Employed,463.0,Bachelor,62,Rural,1,9424.01,808.63,37.0,Female,0
44830.32,Unemployed,556.0,High School,59,Urban,2,15118.04,1105.31,48.0,Female,0
53128.37,Employed,522.0,Master,63,Suburban,1,8144.2,1539.72,38.0,Female,0
81965.22,Employed,606.0,Master,36,Urban,2,20945.24,3498.98,75.0,Male,1
47432.91,Employed,553.0,High School,43,Rural,4,19173.02,2203.4,18.0,Female,1
22373.87,Employed,512.0,Bachelor,47,Urban,1,15429.25,640.11,41.0,Male,0
59072.97,Employed,557.0,High School,63,Urban,1,28423.36,2415.97,39.0,Female,1
74675.16,Employed,604.0,PhD,65,Urban,2,42262.58,2053.11,42.0,Male,1
37108.3,Student,557.0,Bachelor,45,Suburban,0,2781.24,1237.67,12.0,Male,0
43667.03,Employed,473.0,High School,59,Urban,1,11938.98,1146.01,60.0,Female,0
74833.18,Employed,578.0,Master,38,Suburban,0,38180.17,2999.19,29.0,Female,1
45180.94,Employed,519.0,Bachelor,48,Suburban,0,24722.0,1627.93,50.0,Male,1
63699.21,Employed,573.0,High School,57,Suburban,4,20476.24,2259.51,38.0,Female,1
32205.25,Employed,500.0,Bachelor,60,Rural,0,0.0,2230.12,42.0,Male,0
51435.41,Student,604.0,Bachelor,25,Urban,0,29710.59,1893.48,53.0,Male,0
61586.61,Employed,558.0,High School,24,Urban,1,6931.66,3204.16,70.0,Female,1
65218.47,Employed,611.0,High School,30,Urban,3,21246.76,1067.74,20.0,Male,1
69761.17,Employed,530.0,Master,25,Suburban,1,24902.0,2271.72,40.0,Male,0
62898.06,Employed,550.0,Master,30,Urban,1,43142.94,1534.05,47.0,Female,1
50750.23,Employed,518.0,Bachelor,63,Suburban,4,3354.68,1649.41,43.0,Male,0
20663.69,Unemployed,520.0,Bachelor,48,Suburban,1,10331.11,1168.53,54.0,Male,0
48714.95,Employed,489.0,Bachelor,25,Suburban,5,11184.19,1473.45,65.0,Male,1
40579.32,Employed,454.0,Bachelor,52,Suburban,4,13664.51,864.69,29.0,Female,1
53120.26,Employed,521.0,Master,63,Urban,5,18784.07,1488.52,30.0,Male,1
66055.66,Student,593.0,High School,58,Urban,4,20231.48,1111.87,49.0,Male,1
21208.59,Employed,467.0,High School,59,Suburban,1,9831.64,449.08,19.0,Female,0
70882.65,Employed,586.0,High School,61,Urban,3,26692.64,2529.92,55.0,Male,1
48452.47,Employed,513.0,Master,54,Suburban,4,26097.6,1581.18,42.0,Male,1
35668.1,Employed,445.0,Bachelor,60,Rural,5,17392.98,1551.48,40.0,Female,0
42422.87,Employed,572.0,Bachelor,56,Urban,0,3586.45,1736.25,54.0,Female,1
45342.86,Employed,567.0,Bachelor,51,Urban,5,6843.45,839.76,32.0,Male,0
79842.83,Employed,585.0,Master,29,Urban,4,15539.62,1596.27,92.0,Female,1
58825.5,Employed,559.0,High School,62,Urban,5,13971.22,928.02,35.0,Female,1
31511.01,Unemployed,509.0,Bachelor,25,Rural,1,1629.55,849.79,28.0,Male,0
99610.36,Employed,569.0,Master,33,Rural,0,12803.68,1850.89,78.0,Female,1
57749.1,Employed,614.0,Bachelor,53,Urban,3,7446.74,1715.66,43.0,Female,1
51898.14,Employed,543.0,Bachelor,53,Rural,0,15368.09,1593.04,27.0,Female,0
39715.43,Employed,546.0,High School,60,Urban,1,12056.44,1068.1,38.0,Female,1
46929.0,Employed,518.0,Master,24,Rural,5,11240.52,1803.92,71.0,Female,1
43003.3,Employed,555.0,Bachelor,56,Rural,5,15623.99,2194.02,50.0,Female,1
78775.94,Employed,637.0,Master,26,Urban,3,10434.56,4569.13,44.0,Female,1
71566.83,Employed,583.0,Master,48,Suburban,3,5974.66,1521.95,57.0,Female,1
82359.03,Employed,607.0,Master,31,Suburban,3,41903.57,4723.24,68.0,Female,1
39243.84,Employed,569.0,High School,46,Urban,4,24634.03,1159.15,50.0,Female,1
66842.64,Employed,601.0,Bachelor,25,Urban,3,16553.83,3592.94,28.0,Female,1
55582.62,Employed,600.0,High School,22,Suburban,3,18590.64,2346.35,31.0,Male,1
60513.03,Employed,574.0,High School,64,Urban,4,12198.04,1786.43,21.0,Male,1
37043.37,Employed,541.0,High School,44,Urban,4,11924.11,1476.56,37.0,Female,1
46419.01,Employed,550.0,Bachelor,41,Urban,3,4853.85,2875.94,71.0,Male,0
48087.07,Student,581.0,Bachelor,38,Suburban,4,14675.45,2475.9,19.0,Female,1
71092.62,Employed,555.0,Bachelor,61,Urban,0,24600.63,2064.61,27.0,Female,1
45725.41,Employed,562.0,Bachelor,56,Suburban,0,9858.28,530.96,12.0,Female,1
43135.53,Unemployed,638.0,High School,42,Urban,0,20862.84,2207.86,58.0,Male,0
75990.62,Employed,598.0,Bachelor,26,Urban,4,20549.83,4228.8,84.0,Female,1
53573.03,Employed,496.0,Bachelor,52,Suburban,1,6190.58,2928.34,53.0,Male,0
8417.81,Unemployed,472.0,High School,30,Urban,4,5218.71,327.77,44.0,Female,0
47293.14,Employed,569.0,Master,35,Suburban,5,4497.64,918.28,39.0,Male,0
51852.16,Employed,517.0,Bachelor,50,Urban,4,8403.53,2098.91,43.0,Male,1
48309.79,Employed,498.0,Bachelor,63,Suburban,2,11408.19,1479.5,53.0,Female,1
65457.92,Employed,505.0,Master,30,Urban,0,36684.9,2543.65,34.0,Female,1
50762.73,Employed,536.0,Bachelor,22,Rural,5,29176.62,2449.78,57.0,Female,1
55914.59,Self-Employed,626.0,Bachelor,40,Urban,2,24615.91,1950.14,40.0,Male,1
73188.52,Employed,554.0,Master,52,Rural,3,42669.6,3632.82,53.0,Male,1
42588.4,Employed,573.0,High School,50,Urban,4,19120.18,1110.7,32.0,Male,1
61970.12,Student,549.0,Bachelor,63,Urban,5,11466.97,1459.79,11.0,Female,0
62100.99,Student,544.0,Master,30,Suburban,3,30270.74,1478.74,53.0,Female,1
83002.11,Employed,615.0,Master,56,Urban,5,37777.36,2588.37,46.0,Male,1
49107.42,Employed,474.0,Bachelor,55,Suburban,4,0.0,1566.76,42.0,Male,0
43253.65,Self-Employed,610.0,High School,58,Rural,2,12044.77,911.91,68.0,Male,0
63842.65,Self-Employed,589.0,Bachelor,61,Suburban,2,8534.15,1807.64,46.0,Female,1
49001.29,Student,590.0,Master,34,Suburban,3,14505.5,2678.16,37.0,Male,0
42512.75,Self-Employed,522.0,Bachelor,34,Rural,4,12227.91,2100.8,22.0,Male,1
37911.06,Self-Employed,550.0,High School,41,Suburban,4,15845.55,1270.26,36.0,Male,0
43641.62,Employed,578.0,High School,36,Urban,4,8283.74,1134.55,47.0,Male,0
45585.95,Employed,534.0,Master,27,Rural,0,3353.91,1867.42,22.0,Male,0
105055.31,Employed,584.0,Bachelor,35,Urban,2,33576.07,5232.63,77.0,Male,1
42715.21,Self-Employed,492.0,PhD,37,Urban,0,6572.58,1452.62,36.0,Female,0
43288.14,Employed,516.0,Bachelor,55,Urban,0,2281.08,1890.78,42.0,Female,0
70940.35,Employed,585.0,Bachelor,21,Urban,4,30221.63,2709.26,48.0,Male,1
39778.99,Employed,523.0,High School,54,Urban,5,17437.45,1507.41,21.0,Female,1
41724.32,Student,511.0,Bachelor,56,Urban,5,11694.4,1850.17,36.0,Male,0
60927.84,Employed,591.0,Bachelor,26,Suburban,5,5961.19,1544.17,49.0,Female,1
60485.31,Self-Employed,539.0,High School,63,Suburban,1,40236.87,1335.36,40.0,Female,0
50898.71,Employed,519.0,Bachelor,53,Rural,0,25050.93,1528.3,35.0,Male,0
63830.42,Employed,607.0,High School,52,Urban,2,27303.63,2001.13,40.0,Female,1
40538.7,Employed,556.0,Master,55,Urban,2,0.0,1233.0,49.0,Female,0
37910.35,Employed,472.0,High School,57,Suburban,5,0.0,2422.62,68.0,Female,0
67422.28,Self-Employed,510.0,Bachelor,39,Urban,1,25797.68,2059.53,42.0,Male,1
91597.86,Employed,554.0,Bachelor,44,Urban,1,18887.23,2502.72,34.0,Male,1
16519.12,Unemployed,495.0,High School,48,Suburban,5,756.7,865.45,76.0,Male,0
35878.37,Self-Employed,577.0,Bachelor,29,Suburban,5,17480.81,1821.54,59.0,Female,1
71121.03,Employed,640.0,Master,23,Urban,4,45281.82,2144.53,44.0,Female,1
59797.71,Employed,592.0,Bachelor,53,Suburban,0,22315.98,3031.59,41.0,Male,1
44223.51,Employed,622.0,Bachelor,32,Suburban,3,7809.9,1219.5,67.0,Female,0
44749.68,Employed,546.0,Master,34,Rural,1,2216.79,1042.38,27.0,Male,1
62291.61,Employed,612.0,Master,25,Urban,0,7517.32,2178.73,46.0,Male,1
70818.56,Employed,549.0,Master,41,Suburban,0,9322.4,3855.3,64.0,Female,1
39001.99,Student,459.0,Bachelor,46,Suburban,1,2758.18,1512.89,45.0,Male,0
73567.44,Self-Employed,564.0,Bachelor,61,Urban,0,4132.06,2061.06,31.0,Female,1
32959.67,Unemployed,515.0,Bachelor,43,Suburban,0,9796.9,2148.42,40.0,Female,0
64022.57,Employed,681.0,Bachelor,37,Suburban,1,4915.24,3755.37,53.0,Female,0
62177.11,Employed,562.0,Bachelor,56,Urban,2,33942.44,3349.17,34.0,Female,1
40944.99,Unemployed,486.0,Master,34,Suburban,3,13064.83,1885.06,42.0,Male,0
70496.77,Employed,617.0,Bachelor,21,Urban,5,34940.82,2684.06,70.0,Female,1
42740.72,Self-Employed,500.0,Master,22,Suburban,1,18629.94,2155.55,73.0,Female,0
49696.44,Unemployed,551.0,PhD,59,Urban,4,16530.76,1351.41,38.0,Male,0
37791.63,Student,567.0,Bachelor,52,Suburban,5,10897.45,2501.44,46.0,Male,0
59723.08,Employed,517.0,High School,29,Urban,4,28356.08,1232.77,38.0,Male,1
64462.42,Unemployed,634.0,PhD,30,Suburban,2,15835.91,1302.01,10.0,Male,0
34772.31,Employed,574.0,High School,58,Suburban,1,13056.24,947.17,46.0,Female,0
52658.56,Employed,564.0,Master,49,Suburban,3,5181.36,2987.39,54.0,Male,0
48178.61,Employed,621.0,High School,42,Suburban,4,22092.45,1287.76,57.0,Female,1
30935.27,Employed,500.0,High School,37,Urban,3,8243.75,1479.67,58.0,Male,0
69117.54,Employed,608.0,High School,38,Urban,2,6648.32,1702.41,53.0,Male,1
47642.53,Employed,554.0,High School,56,Suburban,0,30493.29,2389.36,56.0,Male,1
52456.89,Employed,519.0,Master,29,Urban,4,0.0,3161.91,35.0,Male,0
9160.11,Unemployed,459.0,High School,61,Suburban,4,3571.53,100.0,38.0,Female,0
35697.02,Unemployed,616.0,High School,31,Suburban,3,16863.71,1240.78,20.0,Male,0
39291.12,Unemployed,577.0,Bachelor,31,Rural,0,20155.05,1011.77,34.0,Male,0
66473.48,Employed,608.0,PhD,37,Urban,2,3786.61,3630.9,77.0,Male,1
42291.9,Student,505.0,Bachelor,56,Suburban,4,13275.92,382.04,45.0,Male,0
49061.91,Employed,575.0,Master,21,Urban,5,3411.29,2844.68,53.0,Female,0
39123.78,Employed,513.0,High School,27,Rural,2,4921.89,1278.9,41.0,Female,0
89133.13,Employed,677.0,Master,37,Suburban,5,36348.02,3966.5,54.0,Male,1
94958.41,Employed,663.0,Master,27,Suburban,0,18642.55,3865.57,57.0,Female,1
63823.6,Employed,606.0,Master,38,Suburban,0,30114.58,3172.45,52.0,Male,1
64477.63,Employed,602.0,Bachelor,40,Urban,4,22779.61,2006.49,55.0,Female,1
53885.03,Student,546.0,Master,48,Suburban,5,31990.13,2433.43,77.0,Female,1
29184.47,Employed,537.0,Bachelor,35,Rural,0,9714.16,1893.85,66.0,Male,0
48752.16,Employed,612.0,Master,45,Urban,0,8191.45,1287.48,35.0,Female,1
24265.38,Employed,529.0,Master,65,Rural,5,9414.44,411.18,28.0,Female,0
53736.1,Employed,512.0,High School,41,Rural,5,18686.55,2602.51,40.0,Male,1
73180.76,Student,634.0,Master,57,Rural,2,13230.16,1738.66,34.0,Female,0
74987.55,Employed,550.0,Master,33,Rural,0,23318.43,3070.2,24.0,Female,1
70667.49,Employed,573.0,Master,61,Urban,2,19832.1,3802.4,56.0,Male,1
51552.75,Self-Employed,526.0,Bachelor,46,Suburban,4,12778.85,1727.41,37.0,Female,0
60714.47,Employed,443.0,Master,27,Urban,1,26795.24,3494.49,52.0,Female,0
70895.02,Employed,582.0,Bachelor,61,Suburban,1,32119.46,2681.08,41.0,Female,1
81234.86,Employed,687.0,PhD,53,Urban,2,24565.95,2905.94,50.0,Male,1
43936.9,Employed,550.0,High School,36,Rural,2,1562.57,956.59,30.0,Female,0
39450.83,Self-Employed,663.0,Bachelor,48,Urban,4,4648.36,2166.56,36.0,Female,0
39016.15,Unemployed,522.0,High School,63,Urban,2,12655.6,2158.84,76.0,Female,0
59750.24,Employed,569.0,Bachelor,25,Urban,3,10013.99,1854.94,26.0,Male,1
62954.53,Self-Employed,558.0,Bachelor,22,Suburban,2,13795.97,3368.98,99.0,Male,0
78986.15,Self-Employed,589.0,Master,56,Urban,3,20429.01,1884.24,24.0,Female,1
41476.81,Employed,549.0,Master,33,Urban,4,21663.48,1075.71,28.0,Female,1
57565.86,Employed,623.0,Bachelor,59,Urban,0,6878.99,1373.21,23.0,Male,1
59390.75,Employed,520.0,Master,55,Urban,0,26718.44,3490.82,47.0,Female,1
43068.72,Employed,535.0,Bachelor,62,Rural,5,0.0,2269.82,1.0,Female,0
38246.65,Employed,556.0,Bachelor,55,Suburban,0,11131.2,1546.33,57.0,Female,0
51087.18,Employed,604.0,Bachelor,63,Urban,3,22129.19,1715.46,31.0,Male,1
33523.24,Employed,424.0,High School,48,Urban,5,12479.7,1611.08,48.0,Female,1
64373.69,Self-Employed,502.0,High School,25,Urban,3,34155.17,2142.5,72.0,Male,0
67661.23,Employed,572.0,Bachelor,30,Urban,0,34361.33,1722.64,36.0,Male,1
47621.18,Student,592.0,Bachelor,60,Urban,1,23981.49,2409.75,53.0,Female,0
29095.35,Employed,493.0,Bachelor,34,Urban,0,6858.44,525.6,24.0,Female,1
107232.65,Employed,656.0,PhD,63,Urban,0,59780.02,4227.0,69.0,Male,1
43872.08,Employed,625.0,High School,60,Urban,2,14768.47,1774.98,49.0,Female,1
89169.47,Employed,601.0,Master,52,Suburban,2,23408.58,2872.01,30.0,Female,1
66236.98,Student,558.0,Master,27,Urban,3,24926.15,2578.32,68.0,Male,0
63525.04,Employed,585.0,Master,29,Suburban,4,34096.08,3276.65,50.0,Male,1
85648.07,Employed,604.0,Bachelor,54,Suburban,3,44948.95,4436.67,55.0,Female,1
51510.7,Employed,558.0,High School,39,Rural,3,8643.25,2919.87,60.0,Female,0
66574.84,Employed,560.0,Master,39,Urban,4,12282.84,2022.38,61.0,Male,1
55133.49,Self-Employed,540.0,Master,25,Suburban,1,17647.45,1446.1,27.0,Female,0
72479.31,Self-Employed,532.0,Master,41,Rural,2,41963.19,2371.74,61.0,Female,1
34952.35,Employed,551.0,High School,21,Rural,3,19892.35,1870.19,45.0,Female,1
43321.52,Self-Employed,488.0,Bachelor,27,Rural,4,6117.63,555.48,34.0,Female,0
51045.76,Self-Employed,509.0,Bachelor,62,Urban,2,6503.96,2883.33,40.0,Male,0
43665.34,Employed,482.0,Bachelor,54,Rural,3,21707.82,2169.15,49.0,Male,0
52583.0,Employed,534.0,Master,64,Rural,1,11948.87,2747.68,28.0,Male,1
56586.85,Unemployed,555.0,High School,62,Urban,1,9326.57,1376.33,29.0,Female,0
63113.64,Self-Employed,514.0,High School,62,Urban,4,26332.71,2645.4,23.0,Female,1
46529.93,Employed,528.0,High School,39,Rural,5,9368.17,2859.42,62.0,Female,0
45787.54,Employed,546.0,High School,32,Urban,1,25238.08,1192.91,43.0,Male,1
36729.41,Self-Employed,455.0,High School,51,Suburban,5,23037.67,1432.2,46.0,Female,1
28500.66,Unemployed,480.0,High School,48,Urban,3,1467.53,295.77,30.0,Male,0
85834.31,Employed,677.0,Bachelor,40,Suburban,5,31230.12,5228.38,58.0,Male,1
46363.73,Unemployed,508.0,Bachelor,43,Urban,4,14311.26,2242.13,43.0,Male,0
74213.08,Employed,611.0,Master,30,Suburban,0,29547.44,4512.55,63.0,Female,1
61997.53,Employed,539.0,Bachelor,43,Suburban,0,34611.26,1642.29,20.0,Male,1
27715.46,Self-Employed,522.0,High School,64,Rural,5,2995.66,872.33,41.0,Female,0
67538.44,Employed,534.0,Master,40,Urban,4,44951.14,1558.11,50.0,Female,1
41862.51,Employed,447.0,Bachelor,44,Urban,5,13221.33,1483.48,50.0,Female,1
69930.03,Self-Employed,553.0,High School,63,Urban,0,12050.87,4014.14,85.0,Male,1
46770.66,Employed,560.0,Bachelor,59,Urban,0,16031.41,1636.67,47.0,Female,0
58421.63,Employed,587.0,PhD,56,Rural,4,19782.26,3075.17,63.0,Female,1
74197.67,Employed,586.0,Bachelor,21,Urban,5,4754.43,2342.37,61.0,Male,1
63525.24,Employed,529.0,PhD,59,Urban,1,33117.92,3130.01,40.0,Female,1
39714.17,Employed,571.0,High School,24,Rural,5,0.0,1854.08,56.0,Female,1
14434.63,Employed,461.0,High School,22,Urban,0,4615.08,942.31,11.0,Male,0
30161.02,Student,487.0,High School,36,Urban,1,11268.56,1473.49,30.0,Female,0
73914.37,Self-Employed,535.0,Master,39,Suburban,0,37439.82,1880.62,55.0,Male,1
50603.98,Self-Employed,526.0,Bachelor,26,Urban,3,21021.97,2666.08,32.0,Male,1
59389.19,Employed,545.0,Bachelor,47,Rural,2,26380.27,1225.99,57.0,Female,1
74757.63,Employed,593.0,PhD,62,Suburban,3,27486.19,1881.92,60.0,Male,1
58317.52,Unemployed,496.0,Bachelor,50,Urban,1,19984.57,2295.5,53.0,Male,0
37975.29,Self-Employed,507.0,High School,64,Suburban,3,13653.09,1632.17,48.0,Male,0
31376.75,Unemployed,482.0,Bachelor,61,Rural,2,9009.22,1211.45,38.0,Male,0
31955.17,Employed,538.0,High School,57,Urban,1,4428.55,1785.01,47.0,Male,1
53618.87,Employed,563.0,Bachelor,28,Suburban,5,25929.64,2769.3,64.0,Female,1
63676.68,Employed,518.0,Master,49,Urban,5,13564.08,2719.2,66.0,Male,0
73401.76,Employed,600.0,Bachelor,25,Suburban,0,36379.84,1848.74,46.0,Male,1
25628.97,Unemployed,507.0,Bachelor,55,Suburban,1,7793.4,1178.8,21.0,Female,0
51644.07,Employed,583.0,Bachelor,61,Urban,1,2847.85,2486.81,43.0,Female,0
40872.3,Employed,502.0,High School,26,Suburban,1,2476.89,1656.7,47.0,Male,0
62407.47,Employed,589.0,Bachelor,43,Urban,0,6193.23,1983.56,57.0,Male,1
86827.72,Self-Employed,636.0,Bachelor,26,Suburban,2,29379.99,4817.72,66.0,Male,1
8000.0,Self-Employed,488.0,High School,45,Suburban,3,5174.13,124.88,55.0,Male,0
53282.66,Employed,644.0,High School,41,Urban,2,13129.66,2317.34,37.0,Male,0
60615.85,Student,582.0,Bachelor,61,Urban,3,31494.63,2329.88,37.0,Female,1
43281.77,Employed,614.0,Bachelor,33,Rural,0,11315.1,1415.63,57.0,Female,1
49904.95,Unemployed,658.0,Bachelor,54,Urban,5,5613.96,1995.32,31.0,Male,0
89660.63,Self-Employed,526.0,PhD,50,Urban,3,12165.91,3024.21,35.0,Female,1
34857.38,Student,575.0,High School,53,Urban,4,9262.8,1393.52,43.0,Male,0
39211.45,Self-Employed,552.0,High School,64,Suburban,2,7943.28,1123.51,52.0,Male,0
84031.2,Employed,604.0,Master,29,Urban,4,8690.89,1664.59,47.0,Male,1
54430.57,Employed,521.0,High School,21,Rural,3,30702.44,1296.44,2.0,Male,0
42064.46,Unemployed,493.0,Master,48,Suburban,0,15539.26,2310.74,45.0,Female,0
51168.72,Unemployed,499.0,Bachelor,26,Urban,1,24741.88,3344.9,41.0,Male,0
69404.98,Employed,672.0,Bachelor,41,Suburban,4,27179.98,1378.31,60.0,Female,1
51204.7,Self-Employed,568.0,High School,44,Urban,2,572.1,1759.82,21.0,Male,0
62581.87,Employed,501.0,Bachelor,48,Urban,0,22725.47,1773.7,53.0,Female,1
70837.02,Employed,527.0,Master,21,Suburban,3,16785.97,3500.06,53.0,Female,1
47071.98,Employed,449.0,High School,46,Urban,4,10225.47,1747.6,48.0,Male,1
78819.58,Self-Employed,639.0,Master,56,Rural,5,1431.24,4373.2,69.0,Male,1
45536.4,Self-Employed,540.0,Master,22,Suburban,4,24608.61,1730.79,41.0,Female,1
54031.25,Self-Employed,573.0,Bachelor,38,Urban,5,15606.51,1846.41,46.0,Female,1
58512.57,Employed,557.0,High School,36,Rural,1,28464.47,3017.3,76.0,Male,1
47153.56,Employed,583.0,Master,36,Suburban,4,17441.58,1255.4,56.0,Female,1
83069.94,Employed,574.0,Master,41,Urban,1,10063.01,2308.66,61.0,Male,1
53854.41,Employed,563.0,High School,27,Suburban,5,23855.66,1532.35,56.0,Male,1
78877.68,Employed,598.0,Master,43,Rural,1,9915.55,2313.61,75.0,Female,1
61191.77,Self-Employed,508.0,High School,24,Urban,4,7437.47,2240.78,55.0,Male,1
73558.37,Self-Employed,546.0,PhD,25,Urban,4,18955.28,2043.81,47.0,Male,1
34474.07,Unemployed,509.0,High School,45,Suburban,3,,2095.55,55.0,Male,0
58012.84,Employed,571.0,High School,61,Urban,2,21480.26,3335.45,43.0,Male,1
72349.18,Unemployed,639.0,Bachelor,52,Urban,2,26810.71,4792.5,72.0,Male,0
52270.36,Employed,553.0,High School,36,Suburban,2,21336.44,2493.71,63.0,Male,0
40930.09,Employed,528.0,High School,36,Rural,0,20907.39,2101.01,41.0,Female,1
42067.96,Self-Employed,547.0,High School,43,Suburban,3,8394.51,696.72,37.0,Female,1
57832.84,Student,549.0,Master,22,Urban,3,20860.06,2303.33,52.0,Male,0
36985.31,Employed,525.0,High School,50,Urban,4,13422.29,1849.87,35.0,Male,1
50258.54,Self-Employed,613.0,Bachelor,27,Urban,0,91.18,2815.03,34.0,Female,0
46817.97,Employed,530.0,Bachelor,53,Urban,3,20279.1,832.92,36.0,Male,0
45778.03,Employed,550.0,Bachelor,37,Suburban,1,17485.18,2067.43,46.0,Male,1
70061.5,Employed,544.0,Bachelor,38,Urban,4,21949.23,3016.99,60.0,Female,1
47394.07,Employed,598.0,High School,40,Rural,2,4768.39,641.24,47.0,Male,0
57872.15,Self-Employed,515.0,PhD,26,Suburban,5,35597.57,3135.79,50.0,Female,1
60745.78,Employed,557.0,Master,31,Suburban,0,21745.05,3325.62,60.0,Female,1
53309.21,Self-Employed,594.0,Master,30,Rural,1,12709.17,1102.64,33.0,Female,0
47790.38,Unemployed,502.0,Master,59,Suburban,4,5692.08,1268.54,19.0,Male,0
20393.43,Unemployed,541.0,Master,28,Rural,1,12369.98,524.65,35.0,Male,0
54631.08,Employed,459.0,PhD,26,Rural,1,8833.34,1771.66,48.0,Male,1
33378.09,Employed,472.0,Bachelor,31,Suburban,3,6458.62,1508.43,34.0,Female,0
52506.09,Employed,544.0,Master,40,Urban,3,5465.76,2700.54,27.0,Female,1
39159.17,Employed,638.0,High School,48,Urban,0,2892.34,1250.3,28.0,Female,0
31481.81,Employed,525.0,High School,40,Rural,1,6321.99,1574.24,25.0,Male,0
69466.24,Employed,580.0,Bachelor,45,Urban,3,26535.46,1395.67,22.0,Female,1
76599.23,Self-Employed,634.0,Bachelor,44,Rural,0,22399.71,2410.12,48.0,Female,1
70383.72,Employed,525.0,Bachelor,28,Urban,5,17207.76,2998.12,68.0,Female,1
46519.01,Employed,403.0,Bachelor,21,Suburban,2,27603.91,1697.23,44.0,Female,1
45152.81,Unemployed,616.0,Bachelor,51,Urban,2,0.0,1382.17,60.0,Male,0
47003.81,Student,568.0,Master,63,Rural,3,18279.0,1984.17,6.0,Male,0
46867.7,Self-Employed,520.0,Bachelor,23,Urban,1,18169.0,2742.75,52.0,Female,0
81870.76,Employed,593.0,Bachelor,62,Urban,3,28899.59,2139.72,54.0,Male,1
83108.2,Self-Employed,639.0,Bachelor,61,Rural,5,11432.2,1378.04,30.0,Male,1
39949.86,Employed,524.0,Bachelor,56,Urban,5,11289.35,1567.19,30.0,Male,1
71604.01,Unemployed,582.0,Master,46,Urban,2,22628.74,2611.41,43.0,Male,0
42135.28,Employed,625.0,Bachelor,36,Rural,5,4295.3,1943.42,58.0,Female,1
41065.23,Self-Employed,476.0,High School,47,Rural,0,4102.16,1078.7,23.0,Male,0
74240.16,Employed,603.0,Master,21,Urban,5,24377.38,3679.24,41.0,Male,1
68214.86,Self-Employed,516.0,High School,33,Suburban,2,20275.52,888.72,20.0,Female,0
60218.74,Self-Employed,630.0,Bachelor,38,Urban,1,9577.2,1486.32,52.0,Female,1
66186.86,Self-Employed,581.0,Bachelor,44,Urban,0,10888.6,1411.33,32.0,Male,1
71800.5,Employed,545.0,Bachelor,33,Suburban,3,26342.46,3291.73,50.0,Male,1
85167.12,Employed,527.0,Master,40,Urban,0,40973.81,3536.19,60.0,Male,1
66667.02,Employed,553.0,Bachelor,53,Suburban,4,33294.42,2993.46,43.0,Male,1
67260.13,Self-Employed,578.0,High School,63,Urban,0,27116.68,2027.75,23.0,Male,1
54031.64,Employed,602.0,Master,58,Rural,3,4588.32,1179.41,48.0,Male,1
20982.79,Employed,454.0,High School,24,Suburban,2,5544.02,885.49,48.0,Female,0
75374.97,Self-Employed,544.0,High School,47,Urban,5,35946.21,2612.07,72.0,Female,1
35434.72,Employed,501.0,Bachelor,41,Rural,2,11721.8,1488.11,47.0,Female,1
44992.32,Self-Employed,503.0,Bachelor,44,Rural,1,11995.19,2006.73,46.0,Male,0
57027.09,Employed,531.0,Bachelor,56,Urban,4,23530.54,3428.75,56.0,Male,1
41441.67,Self-Employed,490.0,Bachelor,35,Rural,5,16690.89,1406.65,39.0,Female,0
47107.79,Employed,559.0,Bachelor,45,Urban,3,13876.34,1426.79,42.0,Female,1
44953.77,Unemployed,516.0,Bachelor,60,Urban,4,2863.56,1060.07,31.0,Female,0
77113.43,Employed,584.0,Master,46,Urban,5,35961.19,4855.69,63.0,Male,1
63299.05,Employed,577.0,High School,45,Urban,2,13979.91,2973.59,54.0,Male,1
75358.0,Employed,519.0,Master,62,Suburban,5,19263.67,2625.54,46.0,Male,1
28749.78,Unemployed,541.0,Bachelor,22,Suburban,4,4441.63,1578.32,29.0,Female,0
48725.11,Employed,552.0,Bachelor,37,Rural,1,22711.73,1188.64,19.0,Male,1
82787.9,Employed,601.0,Master,43,Urban,2,47024.49,2778.62,41.0,Female,1
50179.22,Employed,539.0,Bachelor,21,Urban,0,19174.83,1170.91,31.0,Female,1
47881.23,Self-Employed,529.0,Bachelor,42,Urban,4,15654.48,1591.53,37.0,Female,0
83942.46,Employed,596.0,Master,62,Urban,4,31170.7,1836.44,37.0,Male,1
58721.24,Employed,561.0,Master,56,Rural,0,17801.25,1349.67,67.0,Female,1
47424.0,Employed,488.0,Bachelor,22,Suburban,0,11155.53,2369.1,41.0,Female,0
51565.75,Employed,618.0,Bachelor,60,Suburban,3,28370.98,2776.6,29.0,Male,1
71858.55,Employed,545.0,Bachelor,56,Suburban,2,38325.2,4154.82,56.0,Female,1
74790.36,Employed,583.0,Master,60,Urban,0,32564.97,2745.09,43.0,Female,1
53548.04,Employed,602.0,High School,27,Urban,0,6649.24,2715.37,76.0,Female,0
21504.91,Student,489.0,High School,61,Urban,5,6204.03,100.0,40.0,Male,0
54611.82,Employed,562.0,Bachelor,21,Rural,2,9439.97,2687.76,62.0,Female,1
48808.08,Self-Employed,444.0,High School,22,Urban,4,18737.66,1953.75,45.0,Male,0
56313.32,Employed,464.0,Master,36,Urban,2,18784.16,2061.22,48.0,Male,1
41976.08,Employed,532.0,High School,57,Suburban,5,13985.75,532.87,30.0,Male,1
44442.35,Unemployed,545.0,High School,59,Urban,5,23490.69,2493.86,47.0,Male,0
75636.34,Self-Employed,631.0,Bachelor,49,Suburban,5,42915.05,2728.7,35.0,Male,1
44138.87,Self-Employed,572.0,Bachelor,22,Urban,3,4044.13,2191.91,39.0,Male,0
55030.97,Self-Employed,480.0,PhD,60,Suburban,0,19767.97,1148.04,45.0,Female,0
64412.02,Employed,622.0,High School,32,Urban,2,28652.84,2326.82,52.0,Male,1
21862.11,Student,451.0,High School,54,Rural,0,10065.41,121.8,39.0,Female,0
59291.28,Employed,597.0,High School,33,Suburban,3,24934.21,2093.55,36.0,Male,1
31660.35,Unemployed,498.0,Bachelor,46,Urban,2,0.0,956.27,73.0,Female,0
53654.92,Self-Employed,672.0,High School,25,Suburban,3,26269.45,2714.16,47.0,Female,1
42394.03,Employed,507.0,Master,65,Suburban,5,12051.17,635.08,42.0,Female,1
55239.94,Employed,549.0,High School,25,Suburban,1,10569.18,1297.4,60.0,Female,0
12511.44,Student,498.0,Master,64,Rural,5,4177.65,391.26,23.0,Female,0
68879.88,Employed,561.0,Bachelor,61,Rural,4,29332.34,2564.94,45.0,Male,1
61489.71,Employed,516.0,Bachelor,27,Urban,2,38095.01,3080.46,78.0,Male,1
58618.49,Self-Employed,656.0,High School,52,Urban,2,6665.77,2151.17,53.0,Male,0
57556.81,Employed,528.0,High School,36,Urban,2,28741.31,2291.48,58.0,Male,1
33412.3,Employed,492.0,Bachelor,35,Suburban,3,6524.73,1582.77,37.0,Male,0
73502.41,Self-Employed,573.0,Bachelor,35,Rural,4,15556.18,2944.71,44.0,Male,1
40017.29,Unemployed,539.0,Bachelor,31,Suburban,0,23238.06,2076.68,29.0,Female,0
69344.93,Employed,541.0,Bachelor,64,Urban,5,37467.3,1675.36,73.0,Female,1
16011.75,Student,539.0,High School,22,Rural,0,7625.52,651.12,32.0,Female,0
74611.63,Employed,587.0,PhD,36,Suburban,0,49875.6,1651.43,23.0,Female,1
34351.53,Employed,523.0,High School,37,Urban,3,14611.9,368.32,54.0,Male,1
49238.4,Employed,569.0,High School,39,Rural,0,12933.26,1441.29,32.0,Male,1
43906.52,Employed,498.0,Bachelor,34,Urban,4,4664.27,2246.35,57.0,Female,0
128108.53,Self-Employed,630.0,Bachelor,50,Suburban,1,53131.41,6353.36,77.0,Female,1
68077.39,Employed,569.0,Bachelor,62,Suburban,1,23949.25,3493.83,68.0,Male,1
74962.9,Employed,622.0,Bachelor,51,Rural,3,21525.62,1588.31,22.0,Male,1
56256.2,Self-Employed,543.0,Bachelor,30,Urban,5,4604.87,2595.5,54.0,Male,0
65985.06,Self-Employed,553.0,Bachelor,65,Urban,1,36047.47,2260.56,30.0,Male,1
62580.14,Self-Employed,468.0,High School,39,Suburban,5,33615.48,2343.9,48.0,Male,0
30908.64,Employed,486.0,High School,34,Rural,3,16073.04,806.74,52.0,Male,0
40911.29,Student,457.0,Master,51,Urban,3,19342.4,2130.62,20.0,Female,0
62587.55,Self-Employed,500.0,High School,64,Urban,5,273.43,2979.94,43.0,Female,0
27729.22,Unemployed,529.0,Bachelor,35,Rural,3,15362.03,1572.14,29.0,Female,0
28785.07,Student,664.0,Bachelor,30,Suburban,4,15271.11,1209.51,43.0,Female,1
28535.4,Unemployed,523.0,Bachelor,56,Urban,3,8562.33,1531.2,26.0,Female,0
35662.9,Employed,539.0,High School,42,Urban,2,10962.74,843.24,49.0,Male,1
33609.83,Employed,487.0,Master,53,Suburban,1,9025.73,617.82,34.0,Female,1
33558.04,Employed,474.0,Bachelor,41,Suburban,1,15328.72,2321.33,46.0,Male,0
71685.55,Employed,668.0,PhD,22,Suburban,0,962.44,3436.67,56.0,Female,1
61074.25,Employed,524.0,High School,37,Suburban,1,1027.53,1705.85,2.0,Male,1
103784.02,Employed,531.0,Master,59,Urban,4,31582.29,5897.99,48.0,Female,1
50379.22,Employed,556.0,Bachelor,63,Rural,1,15982.65,1673.72,65.0,Female,1
30800.6,Unemployed,498.0,Master,37,Urban,2,1697.6,1533.65,24.0,Male,0
54573.06,Employed,578.0,Bachelor,52,Rural,2,20830.76,1377.12,26.0,Male,0
65543.96,Student,637.0,Master,25,Urban,5,36737.48,1930.83,39.0,Male,0
79452.71,Self-Employed,603.0,Master,30,Urban,3,4644.93,2426.38,59.0,Female,1
51996.78,Unemployed,558.0,Bachelor,52,Urban,2,21070.88,2247.67,25.0,Female,0
62591.62,Employed,592.0,High School,22,Urban,5,39145.58,2670.77,44.0,Male,1
36429.41,Student,647.0,High School,54,Urban,0,23705.81,905.48,58.0,Female,1
86052.17,Employed,699.0,PhD,64,Suburban,0,27798.76,2519.47,52.0,Male,1
25227.69,Unemployed,495.0,Master,24,Rural,0,8244.87,1427.07,27.0,Male,0
20877.45,Employed,546.0,High School,47,Suburban,0,732.66,496.65,53.0,Male,1
78398.79,Employed,666.0,High School,36,Suburban,0,42592.83,2794.9,44.0,Female,1
53294.7,Employed,581.0,High School,49,Urban,4,28879.29,1445.32,49.0,Male,0
53008.47,Self-Employed,546.0,High School,61,Rural,4,12227.53,1808.03,32.0,Male,0
8000.0,Unemployed,462.0,High School,24,Urban,0,564.73,258.57,51.0,Male,0
87173.49,Self-Employed,602.0,Master,51,Urban,0,9536.33,4492.44,53.0,Female,0
69337.98,Self-Employed,521.0,High School,29,Urban,5,20146.86,2027.83,48.0,Male,1
42515.92,Employed,574.0,Master,45,Urban,4,9042.58,2553.86,20.0,Female,0
51240.4,Student,609.0,PhD,40,Suburban,4,15266.92,1454.62,65.0,Female,0
53993.42,Employed,532.0,High School,43,Urban,4,17122.78,1368.85,61.0,Female,1
23043.24,Unemployed,486.0,Bachelor,55,Urban,2,11463.49,202.26,18.0,Male,0
56331.36,Self-Employed,506.0,Bachelor,48,Rural,1,27327.83,2978.46,73.0,Female,0
69684.39,Employed,594.0,High School,36,Urban,1,16065.31,3360.67,32.0,Male,0
71863.05,Employed,575.0,Master,50,Suburban,3,32476.73,2208.23,27.0,Male,1
36506.63,Self-Employed,460.0,Bachelor,47,Urban,0,10410.96,1328.75,39.0,Male,0
16449.12,Student,628.0,High School,24,Rural,5,7194.4,100.0,38.0,Male,0
59143.04,Self-Employed,478.0,Master,48,Suburban,5,22541.9,2024.49,58.0,Female,0
34256.43,Unemployed,457.0,Bachelor,36,Urban,0,11632.68,2133.16,44.0,Female,0
24561.13,Student,551.0,High School,27,Rural,3,,1730.04,28.0,Female,0
74030.22,Employed,609.0,PhD,44,Urban,2,34209.47,3510.04,69.0,Male,1
22939.81,Employed,474.0,High School,44,Urban,2,0.0,1039.93,38.0,Female,0
59084.82,Employed,523.0,High School,53,Suburban,2,27532.87,2133.37,55.0,Female,1
60408.83,Employed,580.0,High School,40,Suburban,3,33430.51,1610.39,57.0,Male,1
67835.61,Self-Employed,587.0,Bachelor,54,Urban,5,25003.06,898.44,31.0,Male,1
64445.73,Employed,534.0,Bachelor,33,Urban,4,34962.66,1313.74,38.0,Female,1
55738.35,Self-Employed,598.0,Bachelor,48,Urban,5,30402.52,2134.83,55.0,Male,0
49893.93,Employed,570.0,Bachelor,64,Suburban,1,22379.28,745.28,53.0,Male,1
15735.8,Unemployed,556.0,Bachelor,47,Rural,5,0.0,906.87,30.0,Female,0
77143.89,Employed,581.0,High School,51,Urban,2,1018.13,3878.61,54.0,Male,1
54692.37,Employed,588.0,Bachelor,37,Rural,2,25419.13,2157.5,25.0,Male,1
41091.31,Employed,522.0,Master,51,Urban,0,16047.18,2509.05,42.0,Female,0
42561.79,Unemployed,558.0,Master,58,Suburban,5,15837.64,1613.92,65.0,Female,0
27736.11,Employed,529.0,Master,60,Rural,0,0.0,314.35,9.0,Female,0
58720.14,Employed,595.0,Bachelor,62,Suburban,2,4640.09,2594.47,75.0,Female,0
40144.69,Unemployed,554.0,Bachelor,34,Urban,5,14805.53,1885.52,72.0,Female,0
57871.2,Employed,471.0,Master,59,Urban,3,8337.29,1587.48,25.0,Female,1
51907.66,Employed,519.0,Master,36,Urban,0,14544.16,1281.72,26.0,Female,0
63436.39,Employed,568.0,Bachelor,60,Suburban,5,30981.55,1449.83,43.0,Female,1
53754.75,Employed,571.0,Bachelor,21,Rural,3,15353.58,1895.01,38.0,Male,1
20874.55,Employed,540.0,High School,61,Urban,1,5146.57,954.79,56.0,Female,0
68058.34,Employed,595.0,High School,30,Urban,1,5895.58,3590.43,65.0,Female,1
39902.55,Employed,498.0,High School,30,Urban,5,12062.59,2052.83,44.0,Male,0
35227.31,Employed,565.0,Bachelor,46,Suburban,3,16279.93,591.55,18.0,Female,1
67380.12,Employed,533.0,High School,44,Suburban,2,13235.13,1357.94,38.0,Female,1
77893.74,Employed,641.0,Bachelor,28,Urban,1,,2924.97,88.0,Male,1
52692.37,Employed,608.0,Bachelor,45,Suburban,5,27542.51,1566.49,46.0,Male,1
43212.71,Employed,534.0,Bachelor,57,Urban,2,25924.42,2011.74,67.0,Male,1
45354.18,Employed,509.0,Bachelor,42,Suburban,3,9463.46,801.62,45.0,Male,1
27437.52,Unemployed,481.0,High School,47,Urban,0,18734.74,1571.92,69.0,Male,0
80243.0,Employed,539.0,Bachelor,59,Urban,1,28305.82,1082.82,40.0,Male,1
74424.9,Unemployed,538.0,PhD,29,Suburban,4,1020.87,2201.35,64.0,Male,0
61489.69,Employed,553.0,Bachelor,35,Suburban,4,0.0,1283.65,56.0,Male,1
75751.78,Employed,556.0,Master,61,Urban,5,42303.1,2349.13,48.0,Female,1
49859.53,Self-Employed,472.0,Bachelor,28,Suburban,0,4136.91,1273.56,43.0,Female,0
45907.64,Employed,517.0,Bachelor,32,Suburban,3,14819.21,2414.56,25.0,Male,0
24491.02,Student,512.0,Bachelor,33,Urban,0,14816.35,1657.66,38.0,Male,0
59843.77,Employed,543.0,Bachelor,58,Rural,4,30591.58,3029.96,88.0,Male,1
76505.6,Employed,542.0,Master,27,Rural,0,18988.82,3719.96,81.0,Male,1
54340.24,Employed,443.0,Bachelor,37,Urban,0,14328.78,2620.48,47.0,Male,0
78812.84,Self-Employed,637.0,Master,39,Rural,5,10168.03,1119.97,28.0,Male,1
61225.96,Employed,559.0,Master,24,Suburban,0,14174.72,2895.09,68.0,Male,1
67256.22,Employed,584.0,Master,26,Urban,5,21425.49,1168.13,46.0,Female,1
32683.94,Student,528.0,High School,37,Suburban,4,6006.14,1674.41,51.0,Male,0
68546.94,Employed,593.0,High School,24,Urban,3,23934.0,3272.07,47.0,Female,1
74390.05,Employed,590.0,Master,65,Suburban,0,27581.77,2927.46,72.0,Male,1
62124.48,Employed,566.0,Master,41,Rural,1,9863.2,1932.44,49.0,Male,0
75149.05,Employed,615.0,PhD,21,Urban,1,20123.64,2381.45,57.0,Female,1
33166.56,Employed,565.0,High School,48,Suburban,2,15978.09,1998.65,30.0,Male,1
30498.36,Self-Employed,579.0,Master,54,Urban,1,17015.67,1082.94,29.0,Female,1
40027.7,Student,493.0,Master,48,Suburban,1,20122.47,2354.9,30.0,Female,0
56089.82,Employed,565.0,Master,46,Rural,1,37117.4,2052.87,52.0,Female,1
69969.01,Employed,501.0,Bachelor,25,Urban,0,33648.91,1377.02,43.0,Male,1
44553.34,Employed,515.0,High School,53,Suburban,5,28619.51,196.79,16.0,Female,1
54961.83,Employed,543.0,Bachelor,64,Urban,5,33295.93,1821.52,49.0,Male,1
14786.54,Employed,528.0,Bachelor,37,Suburban,1,1812.02,598.35,40.0,Male,0
66907.81,Employed,563.0,Bachelor,26,Suburban,1,31157.25,2226.43,18.0,Male,1
30165.31,Unemployed,547.0,High School,30,Suburban,5,3153.49,754.89,28.0,Female,0
78207.61,Employed,569.0,Master,50,Urban,0,40750.04,2521.95,51.0,Female,1
31408.94,Unemployed,492.0,High School,49,Suburban,4,12981.11,137.62,20.0,Male,0
56202.94,Unemployed,517.0,Bachelor,60,Suburban,0,34145.72,2209.25,42.0,Male,0
46742.01,Employed,571.0,Bachelor,39,Suburban,0,5498.68,2186.18,35.0,Female,0
50391.63,Unemployed,528.0,PhD,60,Suburban,5,13607.23,1602.75,19.0,Female,0
56607.62,Self-Employed,445.0,Bachelor,33,Rural,3,654.12,2442.69,15.0,Male,0
71898.3,Employed,605.0,Bachelor,44,Urban,2,39775.72,1440.49,25.0,Male,1
56246.17,Employed,512.0,High School,50,Urban,0,26332.71,1771.52,74.0,Female,1
58163.83,Employed,565.0,Bachelor,33,Rural,3,30963.14,2755.42,30.0,Female,1
54032.05,Employed,500.0,High School,37,Urban,3,13328.17,1194.93,38.0,Female,1
40109.45,Unemployed,531.0,Master,58,Rural,0,0.0,1378.09,41.0,Male,0
72518.95,Employed,448.0,Bachelor,47,Suburban,4,40884.75,1471.37,71.0,Male,1
21885.33,Employed,503.0,High School,48,Rural,3,3748.55,1218.48,10.0,Male,0
55562.67,Self-Employed,513.0,Master,49,Suburban,5,10962.75,1623.09,32.0,Male,0
51877.63,Student,490.0,High School,56,Rural,4,30807.96,1411.31,46.0,Female,0
40911.21,Employed,566.0,High School,64,Suburban,3,5555.37,1451.62,40.0,Male,1
53827.71,Employed,545.0,Bachelor,38,Suburban,0,8751.51,3833.64,48.0,Female,0
70817.04,Employed,563.0,High School,36,Urban,1,21494.66,1860.67,52.0,Female,1
33108.53,Student,488.0,High School,62,Urban,1,11400.13,843.57,7.0,Female,0
61491.77,Employed,601.0,PhD,42,Urban,5,29972.0,2165.3,41.0,Female,1
76975.41,Employed,564.0,Master,62,Rural,1,45850.38,3528.13,44.0,Female,1
65659.89,Employed,634.0,Master,60,Urban,3,15376.27,4260.21,69.0,Male,1
55684.33,Employed,608.0,Bachelor,54,Suburban,5,6540.14,1904.13,12.0,Male,1
21294.53,Employed,568.0,High School,53,Suburban,0,5922.87,754.04,35.0,Male,0
44089.89,Unemployed,580.0,Master,63,Urban,3,12605.93,2928.42,47.0,Female,0
59244.56,Self-Employed,531.0,Bachelor,33,Rural,5,25220.01,3229.11,44.0,Female,1
47537.22,Employed,543.0,High School,41,Urban,5,6966.93,1112.18,31.0,Male,1
24779.75,Student,499.0,Bachelor,45,Suburban,3,1610.66,1814.76,41.0,Male,0
51793.08,Employed,585.0,Bachelor,29,Suburban,2,8164.26,1584.12,59.0,Male,0
44771.89,Employed,537.0,High School,44,Urban,1,6007.84,932.27,49.0,Male,0
46195.47,Employed,528.0,High School,50,Urban,3,5995.31,1944.32,33.0,Female,0
51235.98,Employed,621.0,Bachelor,43,Suburban,5,13403.73,2169.86,34.0,Male,1
82968.72,Employed,577.0,Bachelor,50,Urban,3,45898.89,3892.98,37.0,Female,1
47535.29,Employed,513.0,High School,25,Rural,3,26728.94,1832.16,58.0,Female,0
32896.79,Employed,502.0,Bachelor,43,Suburban,1,3060.03,100.0,26.0,Male,0
40072.41,Student,579.0,High School,62,Urban,4,,1402.13,23.0,Male,0
57400.69,Employed,564.0,Bachelor,32,Urban,2,23328.85,2938.79,50.0,Female,0
67917.12,Employed,591.0,High School,41,Urban,2,17077.81,3616.85,56.0,Female,1
56659.81,Employed,565.0,Bachelor,49,Suburban,1,21080.89,957.17,34.0,Male,0
36228.9,Unemployed,426.0,Bachelor,49,Suburban,3,13348.26,784.28,39.0,Male,0
85944.96,Employed,548.0,Bachelor,29,Urban,0,43855.05,1573.92,39.0,Female,1
30967.74,Employed,505.0,High School,26,Suburban,5,8129.09,1202.14,47.0,Female,1
46965.26,Unemployed,554.0,Bachelor,54,Suburban,5,3147.59,462.59,40.0,Female,0
63958.36,Employed,520.0,Master,44,Suburban,5,6780.91,3355.88,41.0,Female,1
22487.14,Unemployed,460.0,High School,61,Urban,5,7433.7,1438.82,51.0,Female,0
52278.28,Employed,534.0,Bachelor,65,Urban,5,4827.17,2095.79,31.0,Male,1
58375.28,Unemployed,616.0,Bachelor,28,Urban,4,14127.93,2282.07,29.0,Female,0
73979.59,Employed,482.0,Master,37,Suburban,2,14923.74,3176.1,52.0,Male,1
49016.73,Student,424.0,Bachelor,57,Suburban,1,10582.61,1377.7,46.0,Female,0
79346.6,Employed,665.0,Master,34,Urban,0,44001.33,4268.19,68.0,Female,1
63128.56,Employed,494.0,Bachelor,29,Urban,0,26956.89,2832.18,76.0,Female,1
41085.16,Self-Employed,514.0,Bachelor,28,Suburban,4,11006.28,1221.98,12.0,Male,0
26424.25,Employed,443.0,High School,43,Urban,1,11920.24,510.18,27.0,Female,0
78094.65,Employed,571.0,Bachelor,38,Suburban,0,17545.73,2814.8,50.0,Female,1
53120.22,Employed,543.0,High School,62,Urban,5,26673.29,3235.28,75.0,Female,1
59188.95,Employed,630.0,Bachelor,64,Urban,0,26045.18,1337.87,34.0,Female,1
78068.68,Employed,617.0,High School,24,Suburban,0,11856.07,1369.23,16.0,Male,1
46034.62,Employed,481.0,Bachelor,61,Urban,2,20553.53,1125.51,23.0,Male,1
25147.71,Employed,423.0,Master,25,Suburban,1,3527.99,677.6,34.0,Female,0
38826.65,Employed,551.0,Master,53,Urban,0,12984.31,1356.17,46.0,Female,1
40036.58,Self-Employed,507.0,High School,64,Urban,4,24209.27,603.52,70.0,Female,1
64757.61,Employed,533.0,Master,36,Suburban,3,14270.02,1235.71,30.0,Female,1
90874.65,Employed,656.0,Master,28,Urban,2,55412.38,4153.8,62.0,Male,1
79648.25,Employed,508.0,Master,23,Suburban,1,34585.11,1736.1,58.0,Male,1
24573.48,Employed,492.0,Master,36,Suburban,3,8980.71,473.61,27.0,Female,0
89010.39,Employed,629.0,High School,63,Rural,3,44857.5,2742.81,72.0,Male,1
59841.98,Employed,506.0,Master,41,Urban,3,4109.79,2597.67,38.0,Female,1
76417.06,Employed,641.0,Bachelor,39,Urban,5,25768.08,4069.76,38.0,Female,1
72190.18,Self-Employed,531.0,Master,21,Urban,3,3450.2,4062.65,77.0,Female,1
47080.2,Employed,537.0,High School,50,Rural,5,8253.05,1462.13,40.0,Male,0
46444.23,Employed,508.0,High School,29,Urban,5,10719.13,1621.14,25.0,Female,1
37314.5,Employed,403.0,High School,52,Urban,0,3688.0,1190.81,33.0,Male,0
39682.03,Employed,511.0,Bachelor,58,Suburban,1,19617.7,1641.74,31.0,Male,1
57506.44,Self-Employed,591.0,Bachelor,55,Urban,4,28762.71,2737.1,39.0,Male,1
44177.1,Self-Employed,490.0,Master,44,Suburban,0,0.0,2299.09,48.0,Male,0
56718.7,Student,526.0,High School,50,Suburban,4,7807.47,2846.02,43.0,Female,0
48454.25,Employed,519.0,High School,38,Suburban,2,32404.64,2463.87,77.0,Female,1
90390.73,Employed,626.0,Bachelor,52,Suburban,1,11430.03,3341.66,45.0,Male,1
23465.78,Unemployed,491.0,High School,51,Urban,3,16255.63,1673.32,40.0,Female,0
48142.21,Self-Employed,543.0,Bachelor,29,Suburban,1,17491.87,976.78,61.0,Male,1
63863.04,Employed,566.0,Bachelor,35,Suburban,2,25593.02,2772.05,66.0,Female,1
70110.79,Employed,550.0,PhD,55,Urban,4,5848.36,2130.09,55.0,Female,1
57596.26,Employed,631.0,High School,40,Rural,3,13279.73,3397.39,44.0,Female,1
72573.26,Employed,531.0,High School,31,Suburban,5,42879.67,2083.98,66.0,Male,1
79487.26,Employed,618.0,Master,65,Rural,2,20993.79,3265.07,44.0,Male,1
71466.28,Employed,633.0,High School,60,Suburban,4,36880.08,1214.29,24.0,Male,1
55263.79,Student,546.0,Bachelor,55,Urban,3,21254.74,3023.99,40.0,Female,0
49764.25,Employed,547.0,Bachelor,39,Urban,5,27117.1,2847.76,60.0,Female,0
85098.15,Self-Employed,619.0,Master,45,Urban,5,38041.72,4227.69,51.0,Male,1
64464.01,Employed,549.0,High School,63,Urban,5,19839.23,3137.89,52.0,Male,1
64734.08,Employed,480.0,PhD,44,Urban,0,32748.7,2171.3,30.0,Female,1
50636.31,Unemployed,534.0,PhD,58,Urban,0,18734.65,1744.19,55.0,Male,0
48622.84,Employed,617.0,High School,58,Urban,5,23883.25,1758.76,31.0,Female,1
67672.19,Employed,595.0,Bachelor,57,Rural,4,9439.6,3588.72,38.0,Female,1
63753.94,Employed,568.0,Bachelor,48,Urban,3,29361.44,3099.77,46.0,Male,1
50915.26,Employed,580.0,High School,36,Suburban,3,22944.82,1747.08,23.0,Male,1
52612.73,Unemployed,542.0,PhD,36,Suburban,0,26685.64,2780.66,34.0,Male,0
43699.79,Self-Employed,537.0,High School,57,Suburban,3,18242.61,1437.59,28.0,Male,0
30541.21,Self-Employed,497.0,High School,39,Urban,0,7009.55,1609.18,45.0,Female,0
58928.37,Employed,579.0,High School,32,Suburban,3,26905.26,911.86,27.0,Female,1
23738.84,Unemployed,483.0,Bachelor,29,Suburban,3,7244.18,415.03,40.0,Male,0
60014.38,Employed,545.0,Master,48,Rural,3,28725.8,2919.11,46.0,Female,1
55867.21,Employed,593.0,Bachelor,64,Urban,4,12926.41,591.63,29.0,Male,0
53495.07,Unemployed,541.0,Bachelor,38,Urban,5,10703.62,2339.65,64.0,Male,0
41869.92,Employed,558.0,High School,50,Suburban,3,14687.11,1554.08,17.0,Female,1
42906.36,Employed,564.0,Bachelor,34,Urban,4,9492.3,1156.2,48.0,Female,1
49839.63,Unemployed,541.0,Bachelor,38,Suburban,2,8959.18,1308.28,23.0,Female,0
46610.14,Employed,524.0,Bachelor,39,Suburban,4,7036.23,3009.83,36.0,Male,0
57320.2,Employed,496.0,Bachelor,37,Suburban,1,9307.2,2627.99,40.0,Female,0
90107.01,Employed,553.0,PhD,59,Rural,2,35297.45,2049.79,40.0,Male,1
32047.95,Unemployed,546.0,Master,61,Suburban,3,8099.34,1314.17,39.0,Female,0
49447.28,Employed,570.0,Bachelor,33,Rural,5,5457.33,2097.49,46.0,Female,0
48532.28,Employed,498.0,Bachelor,37,Suburban,5,6132.62,883.35,30.0,Female,0
55971.74,Employed,571.0,High School,21,Urban,1,19631.9,2257.33,9.0,Male,1
57973.01,Employed,566.0,Bachelor,55,Suburban,2,9416.81,633.87,26.0,Male,1
68805.99,Employed,614.0,Bachelor,52,Suburban,0,6884.3,1976.7,56.0,Female,1
25689.21,Unemployed,607.0,Bachelor,58,Rural,4,4858.62,712.43,45.0,Male,0
75112.78,Self-Employed,606.0,Bachelor,46,Urban,0,33119.39,4098.07,63.0,Female,1
66069.98,Unemployed,536.0,Bachelor,61,Urban,0,30978.42,2976.01,44.0,Male,0
44848.17,Self-Employed,571.0,High School,27,Rural,4,11954.67,1556.99,48.0,Female,1
42147.83,Employed,487.0,High School,37,Urban,2,12654.52,1445.2,33.0,Male,0
54383.37,Employed,651.0,Bachelor,41,Suburban,1,30769.93,2210.45,39.0,Female,1
73126.81,Employed,522.0,PhD,55,Suburban,4,37603.18,2078.55,35.0,Male,1
88585.5,Employed,619.0,Bachelor,30,Urban,4,32416.4,4216.12,69.0,Male,1
54452.45,Self-Employed,551.0,Bachelor,35,Urban,5,14705.81,1554.74,2.0,Female,1
75741.96,Employed,563.0,Bachelor,25,Rural,4,44135.03,3693.65,53.0,Male,1
49671.78,Self-Employed,523.0,High School,63,Urban,3,2963.42,1369.89,42.0,Female,0
47687.47,Employed,603.0,High School,41,Suburban,5,12389.13,1123.78,42.0,Female,1
41684.04,Employed,558.0,High School,21,Suburban,3,,2340.51,44.0,Female,1
44083.62,Student,529.0,Master,31,Suburban,4,11766.4,2081.03,62.0,Female,1
63345.73,Employed,642.0,High School,46,Urban,0,35181.21,2632.9,47.0,Female,1
51040.96,Employed,541.0,Bachelor,43,Urban,3,14787.55,1590.5,38.0,Male,1
65396.06,Employed,600.0,Bachelor,43,Rural,1,34416.92,2427.24,55.0,Female,1
83613.1,Employed,532.0,Bachelor,23,Urban,4,19978.65,1291.71,16.0,Male,1
41122.63,Employed,474.0,High School,60,Urban,4,10125.08,1120.57,28.0,Female,1
74119.58,Student,611.0,PhD,58,Rural,4,43178.05,3517.29,66.0,Male,1
53723.57,Unemployed,564.0,Bachelor,30,Urban,4,20366.06,3139.66,53.0,Female,0
81038.17,Self-Employed,686.0,Master,37,Urban,3,39210.7,4689.9,36.0,Male,1
43459.06,Self-Employed,504.0,Bachelor,24,Rural,0,9075.7,1170.74,78.0,Male,0
60208.89,Employed,590.0,Bachelor,26,Urban,1,12203.09,1346.71,37.0,Male,0
53188.45,Student,538.0,Master,59,Urban,5,20779.92,2446.39,34.0,Male,1
93360.16,Employed,645.0,Bachelor,26,Urban,4,16542.8,2876.07,26.0,Male,1
50849.06,Employed,580.0,High School,36,Suburban,5,,1561.94,61.0,Male,1
37250.66,Student,525.0,Bachelor,65,Rural,0,8769.49,572.82,22.0,Male,0
37780.97,Employed,494.0,Bachelor,35,Suburban,1,4587.8,926.86,32.0,Female,0
40422.17,Employed,516.0,Bachelor,51,Rural,3,19331.95,892.82,43.0,Male,1
53737.78,Self-Employed,500.0,Master,25,Urban,0,14331.86,1439.12,10.0,Female,0
64420.06,Employed,582.0,Bachelor,60,Suburban,0,10059.19,2675.37,59.0,Male,0
36639.11,Employed,399.0,Bachelor,62,Urban,2,1402.44,1889.6,29.0,Female,0
45011.82,Employed,511.0,Bachelor,62,Rural,4,12675.63,1122.21,55.0,Male,0
15085.19,Employed,535.0,High School,49,Rural,5,466.82,608.67,40.0,Female,1
79028.56,Employed,626.0,Bachelor,64,Urban,5,33801.89,2838.73,65.0,Female,1
44596.12,Employed,464.0,High School,52,Rural,2,22128.62,1726.21,45.0,Female,0
55656.18,Employed,579.0,High School,37,Suburban,4,2859.37,2672.17,62.0,Male,1
53650.2,Employed,498.0,Master,61,Urban,1,12190.05,1959.23,50.0,Male,0
68419.4,Employed,554.0,High School,33,Suburban,4,15303.25,2735.12,46.0,Male,1
69545.92,Employed,607.0,High School,58,Rural,5,28354.32,2443.95,51.0,Male,1
71003.84,Employed,531.0,Master,62,Urban,3,24716.06,1137.41,1.0,Male,1
50813.19,Employed,610.0,Bachelor,41,Urban,0,29163.63,3350.37,42.0,Female,1
71283.68,Employed,587.0,Master,31,Rural,1,47143.73,4226.39,72.0,Male,1
69021.96,Employed,593.0,Bachelor,28,Urban,5,14708.13,2324.44,26.0,Female,1
55055.02,Unemployed,600.0,Bachelor,45,Urban,4,7265.34,2151.17,35.0,Male,0
76958.36,Employed,623.0,Master,51,Suburban,4,17140.53,3011.68,26.0,Male,1
65459.89,Employed,603.0,High School,47,Suburban,0,28902.95,3069.23,22.0,Male,1
43610.46,Employed,506.0,High School,50,Urban,2,6713.85,896.67,32.0,Male,0
63678.61,Employed,514.0,High School,22,Urban,3,30060.02,1669.11,48.0,Female,0
52192.98,Employed,535.0,Master,23,Rural,4,18490.43,2579.33,42.0,Female,0
8000.0,Self-Employed,506.0,High School,32,Suburban,0,1348.32,100.0,15.0,Female,0
50055.24,Self-Employed,487.0,Bachelor,61,Suburban,4,25126.11,3141.09,31.0,Male,0
46691.45,Employed,566.0,Bachelor,43,Rural,3,13896.45,2582.63,31.0,Male,1
77615.56,Employed,601.0,PhD,36,Urban,3,46112.66,4031.51,49.0,Female,1
52569.87,Student,540.0,Bachelor,50,Rural,5,27678.15,1372.23,25.0,Male,1
61892.18,Employed,564.0,Bachelor,40,Suburban,4,26313.42,1386.32,56.0,Male,1
97129.57,Employed,615.0,PhD,27,Rural,4,8267.93,5460.71,49.0,Female,1
46124.5,Employed,559.0,High School,44,Urban,3,18191.46,1989.76,35.0,Male,0
32184.31,Employed,553.0,Bachelor,52,Urban,5,12340.96,1339.57,47.0,Male,0
53169.91,Self-Employed,678.0,High School,62,Suburban,5,23803.11,2224.28,13.0,Male,1
34827.22,Employed,531.0,High School,37,Rural,1,14509.41,2190.41,67.0,Female,0
30714.73,Employed,488.0,High School,28,Rural,4,16120.8,1734.29,54.0,Male,1
53537.0,Employed,464.0,Bachelor,59,Urban,3,26742.57,2428.03,57.0,Female,1
19248.82,Unemployed,437.0,High School,37,Suburban,5,2938.29,539.33,24.0,Male,0
59728.17,Employed,524.0,Master,28,Urban,2,11101.95,2721.72,33.0,Male,1
81837.56,Employed,621.0,Bachelor,43,Suburban,4,24746.35,3086.2,39.0,Male,1
52864.87,Employed,531.0,Bachelor,23,Rural,1,10001.02,2541.8,40.0,Female,1
53019.58,Self-Employed,567.0,Bachelor,65,Suburban,5,9964.8,3321.97,68.0,Male,1
89964.22,Employed,569.0,Master,56,Urban,1,17947.06,4673.65,27.0,Female,1
50567.85,Employed,566.0,Bachelor,40,Rural,1,23938.06,2933.99,67.0,Male,1
20548.07,Student,542.0,High School,45,Urban,5,741.21,242.79,31.0,Male,0
29103.15,Self-Employed,497.0,High School,38,Suburban,1,4064.04,1043.87,54.0,Male,0
65800.06,Employed,587.0,Master,42,Suburban,3,13606.05,3733.95,57.0,Male,1
27366.23,Student,492.0,Master,63,Suburban,2,9964.08,312.39,44.0,Male,0
37413.15,Employed,471.0,Bachelor,53,Suburban,4,10701.29,1798.73,56.0,Female,1
39281.15,Self-Employed,554.0,High School,50,Suburban,1,12180.78,1175.98,37.0,Female,0
72979.08,Self-Employed,596.0,Bachelor,64,Urban,2,39174.79,3569.74,37.0,Female,1
57377.19,Unemployed,582.0,Bachelor,28,Urban,5,20442.55,2143.84,30.0,Female,0
64894.71,Employed,609.0,Bachelor,61,Suburban,5,14284.85,2724.68,61.0,Female,1
44941.86,Self-Employed,526.0,High School,28,Suburban,1,18240.22,2119.98,67.0,Female,0
48443.92,Self-Employed,535.0,Bachelor,32,Suburban,2,27670.29,3067.81,37.0,Male,0
63825.38,Employed,552.0,Bachelor,50,Urban,2,18044.24,2058.33,60.0,Female,1
80729.49,Unemployed,604.0,PhD,27,Urban,3,20208.31,3982.38,67.0,Female,0
53121.25,Employed,543.0,High School,42,Suburban,3,28594.72,1596.07,18.0,Male,1
56070.0,Employed,559.0,Master,36,Suburban,0,21774.9,2651.19,60.0,Female,1
50635.02,Self-Employed,513.0,Bachelor,21,Suburban,5,28528.12,166.96,25.0,Female,1
54999.61,Employed,506.0,Bachelor,29,Suburban,1,8298.34,1363.84,63.0,Male,0
54231.39,Unemployed,510.0,Master,41,Urban,1,35117.69,1475.25,44.0,Female,0
50544.9,Employed,564.0,Bachelor,24,Urban,4,21099.52,993.7,76.0,Male,1
60092.74,Employed,557.0,High School,63,Urban,5,18807.98,2878.97,47.0,Male,1
57522.42,Self-Employed,533.0,High School,40,Suburban,5,27420.3,3505.87,42.0,Male,0
51160.7,Unemployed,576.0,Master,54,Urban,1,7900.68,1698.81,50.0,Female,0
43706.35,Self-Employed,601.0,Bachelor,30,Urban,4,8867.47,1970.04,55.0,Male,0
48757.9,Employed,521.0,Bachelor,46,Rural,0,4142.14,2156.27,53.0,Female,1
54098.05,Employed,502.0,Bachelor,26,Urban,2,18358.65,1896.17,37.0,Male,1
47892.2,Self-Employed,584.0,High School,29,Suburban,1,15213.18,1253.48,52.0,Male,0
20000.84,Unemployed,502.0,High School,51,Urban,1,9613.89,1009.37,21.0,Female,0
86650.13,Self-Employed,589.0,Master,36,Urban,5,24560.77,2854.14,14.0,Male,1
60803.32,Employed,606.0,Bachelor,65,Urban,5,27608.14,3071.26,55.0,Female,1
22727.93,Employed,494.0,High School,65,Rural,0,7028.33,610.51,70.0,Male,0
35054.25,Employed,541.0,Bachelor,26,Suburban,2,15594.45,1042.46,48.0,Female,1
81071.36,Employed,596.0,Master,50,Suburban,0,9846.32,3642.66,40.0,Female,1
44298.91,Employed,682.0,High School,56,Rural,4,5889.61,2631.81,42.0,Male,1
48152.83,Employed,536.0,High School,33,Urban,1,12615.54,1594.81,42.0,Male,0
75928.11,Employed,624.0,Bachelor,58,Suburban,3,46818.86,4537.2,43.0,Male,1
47727.24,Employed,530.0,High School,54,Urban,3,20313.07,1084.26,24.0,Female,0
29073.08,Employed,535.0,High School,35,Suburban,1,13929.2,247.21,41.0,Female,1
10085.39,Unemployed,479.0,High School,25,Rural,2,7061.0,409.35,42.0,Male,0
63412.69,Employed,600.0,High School,40,Urban,0,19858.84,2253.36,31.0,Male,1
79441.92,Self-Employed,582.0,Bachelor,37,Rural,0,47650.52,3616.63,31.0,Female,1
61593.49,Self-Employed,584.0,High School,44,Suburban,5,18703.08,3892.12,50.0,Male,1
32271.67,Unemployed,485.0,Bachelor,31,Urban,2,4898.02,1449.29,34.0,Female,0
34599.23,Unemployed,487.0,Bachelor,35,Urban,2,20460.5,1982.17,53.0,Female,0
49727.14,Self-Employed,460.0,High School,61,Suburban,4,5263.88,1788.05,31.0,Male,0
20700.47,Employed,519.0,High School,58,Suburban,5,1934.72,709.61,42.0,Male,0
76352.03,Self-Employed,553.0,PhD,54,Urban,2,3202.05,3193.55,56.0,Male,1
47761.36,Unemployed,640.0,Bachelor,36,Suburban,5,24463.5,1550.12,53.0,Male,0
84594.07,Employed,573.0,Bachelor,43,Urban,3,47896.99,3898.89,52.0,Female,1
65361.02,Self-Employed,623.0,Bachelor,34,Rural,0,8100.79,2551.67,36.0,Female,1
102948.86,Employed,672.0,PhD,39,Urban,5,54309.86,5752.39,58.0,Female,1
72208.73,Employed,565.0,High School,44,Suburban,1,36197.19,2342.33,42.0,Female,1
71920.4,Employed,543.0,High School,59,Suburban,4,28633.73,1113.66,69.0,Male,1
61393.02,Self-Employed,555.0,Master,56,Suburban,5,35473.66,1941.78,35.0,Female,1
52172.84,Employed,599.0,High School,29,Rural,4,24249.21,1757.21,70.0,Male,1
29947.43,Employed,619.0,Bachelor,63,Rural,3,1369.97,612.36,37.0,Male,1
55955.23,Employed,498.0,High School,24,Urban,1,9505.94,2439.27,40.0,Male,1
64492.41,Self-Employed,566.0,Bachelor,23,Urban,3,11462.65,2244.91,34.0,Female,0
30749.58,Unemployed,490.0,Bachelor,59,Suburban,3,3199.54,1691.57,26.0,Female,0
38875.46,Employed,512.0,Bachelor,33,Urban,3,10147.81,1951.2,40.0,Male,0
78742.04,Employed,662.0,Bachelor,59,Suburban,2,14255.6,1228.35,38.0,Female,1
58091.05,Self-Employed,522.0,High School,24,Urban,4,16163.45,2537.7,46.0,Male,0
72809.15,Employed,505.0,High School,31,Rural,2,20266.88,2451.57,79.0,Male,1
70132.6,Employed,582.0,Bachelor,58,Suburban,5,0.0,4415.54,76.0,Male,1
65526.65,Self-Employed,584.0,High School,29,Suburban,0,2065.02,3217.46,51.0,Female,0
59446.33,Unemployed,539.0,Bachelor,44,Urban,4,17556.55,2933.12,42.0,Male,0
44808.67,Employed,507.0,Bachelor,53,Rural,3,24543.56,992.05,17.0,Male,1
51365.44,Employed,554.0,Bachelor,36,Suburban,3,17917.48,2841.75,51.0,Male,1
44574.33,Employed,476.0,Bachelor,27,Rural,3,26424.98,1616.31,56.0,Female,0
29504.63,Student,534.0,Master,58,Rural,0,18819.37,1724.43,61.0,Female,0
68476.79,Unemployed,555.0,Bachelor,48,Urban,3,31072.78,3002.48,40.0,Male,0
50634.05,Employed,608.0,High School,62,Urban,2,18035.98,1004.18,18.0,Female,1
69892.62,Student,587.0,PhD,52,Urban,1,27743.88,3331.7,50.0,Male,0
31034.56,Employed,511.0,High School,54,Suburban,5,0.0,1533.41,48.0,Male,1
73278.76,Self-Employed,568.0,Master,48,Suburban,1,12176.24,4363.62,50.0,Female,1
41858.2,Self-Employed,446.0,High School,51,Urban,2,8845.31,858.17,45.0,Female,0
53914.57,Unemployed,545.0,Bachelor,40,Rural,2,15386.53,2043.39,42.0,Male,0
45718.83,Self-Employed,529.0,Bachelor,62,Urban,2,1228.02,2770.26,49.0,Female,0
70978.32,Employed,577.0,High School,57,Suburban,3,13793.22,3087.74,52.0,Male,1
77112.9,Employed,575.0,Master,31,Suburban,3,30949.48,2601.58,45.0,Female,1
43014.65,Employed,599.0,High School,62,Urban,2,14331.38,1785.4,23.0,Female,1
59267.61,Unemployed,546.0,Bachelor,31,Urban,2,19400.03,1085.11,57.0,Female,0
84232.02,Employed,556.0,Master,52,Suburban,4,23887.77,2717.4,38.0,Male,1
62344.48,Employed,487.0,Bachelor,62,Suburban,4,17925.62,1953.41,8.0,Female,0
43095.74,Employed,515.0,Bachelor,39,Urban,3,15294.55,1030.08,36.0,Female,0
71001.69,Employed,527.0,Bachelor,29,Suburban,3,26482.08,4114.8,59.0,Male,1
51990.15,Employed,489.0,High School,65,Suburban,0,13933.61,2887.95,61.0,Male,1
66740.23,Employed,554.0,Master,56,Urban,3,37268.74,2683.94,49.0,Female,1
60107.44,Employed,610.0,Bachelor,41,Suburban,1,19771.23,1341.41,41.0,Male,1
57548.18,Employed,597.0,Bachelor,65,Urban,0,22910.54,2481.66,47.0,Female,0
42015.65,Employed,476.0,Bachelor,26,Rural,3,11992.43,1964.38,32.0,Male,0
17269.59,Student,500.0,Bachelor,44,Suburban,3,11059.56,813.9,32.0,Female,0
28174.41,Employed,532.0,High School,29,Urban,3,3235.47,951.76,51.0,Male,1
49490.14,Self-Employed,570.0,High School,29,Suburban,4,22621.49,1749.22,34.0,Female,1
8000.0,Unemployed,557.0,Bachelor,36,Urban,2,2263.5,110.04,35.0,Female,0
57893.34,Employed,503.0,High School,46,Rural,2,33258.27,2703.36,40.0,Male,1
54592.49,Employed,511.0,High School,28,Suburban,1,29176.78,996.27,28.0,Female,1
53459.1,Employed,520.0,Bachelor,44,Urban,0,4359.69,2521.5,43.0,Female,0
74397.91,Employed,596.0,Bachelor,56,Suburban,5,8095.83,3008.38,45.0,Male,1
58098.92,Employed,434.0,Bachelor,27,Urban,1,23979.0,1263.58,37.0,Male,0
45278.5,Unemployed,528.0,Master,21,Rural,2,18417.96,1630.52,45.0,Female,0
21627.42,Employed,424.0,Bachelor,54,Rural,5,0.0,570.02,7.0,Female,0
17372.67,Employed,498.0,High School,39,Suburban,1,5624.33,1230.31,33.0,Male,0
39470.09,Unemployed,623.0,Master,29,Suburban,1,22274.95,1487.49,49.0,Female,0
65342.84,Employed,607.0,Bachelor,60,Suburban,4,34769.0,1940.7,64.0,Male,1
74253.92,Self-Employed,524.0,Bachelor,40,Urban,2,20589.19,3855.72,34.0,Male,0
61341.08,Self-Employed,542.0,Master,26,Urban,1,26056.74,3406.09,33.0,Female,1
50698.51,Employed,506.0,High School,34,Rural,4,16267.56,2165.77,47.0,Male,0
73793.59,Employed,637.0,Bachelor,46,Urban,1,14548.02,4314.09,70.0,Male,1
52083.61,Employed,449.0,High School,34,Urban,0,4397.59,613.11,24.0,Male,0
60808.87,Self-Employed,540.0,High School,63,Urban,4,12772.24,1962.22,15.0,Male,1
18067.85,Unemployed,468.0,Bachelor,49,Rural,5,13.29,723.22,40.0,Male,0
8000.0,Unemployed,432.0,High School,24,Rural,5,8774.09,100.0,20.0,Female,0
41992.04,Employed,608.0,High School,36,Urban,0,5878.88,2397.68,68.0,Female,1
69621.26,Employed,502.0,Bachelor,36,Urban,2,25953.34,3848.54,50.0,Female,0
40334.33,Employed,477.0,Bachelor,27,Rural,5,17356.77,1049.1,20.0,Female,1
69762.11,Self-Employed,645.0,Bachelor,22,Urban,3,1263.11,3086.47,35.0,Male,1
31595.37,Employed,514.0,High School,26,Rural,1,8716.58,1155.59,41.0,Male,1
42262.29,Employed,526.0,Bachelor,51,Rural,2,13424.02,1079.51,33.0,Female,0
62630.6,Employed,535.0,Bachelor,32,Suburban,1,28133.39,2399.55,46.0,Male,1
51988.7,Employed,547.0,Bachelor,39,Urban,3,6773.5,2708.77,90.0,Male,1
45530.65,Self-Employed,519.0,Bachelor,27,Suburban,3,12461.83,1809.06,26.0,Female,0
12873.8,Student,459.0,PhD,63,Rural,4,5759.45,138.46,45.0,Female,0
62588.69,Employed,500.0,High School,65,Urban,1,23556.02,1785.9,61.0,Female,1
53221.02,Employed,551.0,Bachelor,52,Rural,4,2725.75,1695.88,59.0,Male,0
55820.09,Employed,526.0,Master,35,Urban,2,34770.18,2245.15,29.0,Male,1
82489.08,Employed,570.0,Bachelor,48,Rural,0,20084.79,3090.02,50.0,Male,1
59163.0,Employed,587.0,PhD,38,Suburban,4,18200.64,2611.58,24.0,Female,1
54266.92,Employed,528.0,Bachelor,61,Urban,0,25484.22,3765.53,63.0,Male,1
52573.22,Employed,543.0,Master,48,Suburban,0,31332.89,2100.01,36.0,Male,1
68556.56,Self-Employed,646.0,High School,26,Urban,4,25381.09,3392.04,55.0,Male,1
69506.86,Self-Employed,590.0,High School,25,Urban,0,33978.36,3259.21,70.0,Female,0
69008.4,Self-Employed,547.0,Bachelor,56,Rural,3,30616.55,3588.98,54.0,Female,1
81865.41,Employed,541.0,Bachelor,53,Urban,2,34577.83,2734.57,50.0,Male,1
54040.35,Employed,544.0,Master,53,Rural,5,14704.91,1736.57,38.0,Male,1
103086.43,Employed,656.0,PhD,35,Urban,1,31812.02,3011.62,67.0,Male,1
48065.92,Employed,515.0,High School,51,Suburban,0,13837.04,2297.5,36.0,Male,1
27860.44,Employed,511.0,Bachelor,33,Rural,0,12906.5,853.51,43.0,Female,0
60602.75,Employed,532.0,Master,49,Suburban,5,19552.45,2217.78,53.0,Male,1
48889.29,Student,525.0,Master,35,Rural,5,4992.47,1858.54,54.0,Female,0
34327.62,Student,465.0,Master,26,Rural,0,15197.3,1355.81,44.0,Female,0
55203.46,Self-Employed,562.0,Bachelor,58,Suburban,2,20865.09,2532.01,31.0,Female,0
79048.85,Employed,590.0,PhD,57,Suburban,0,29004.89,2865.66,47.0,Female,1
66159.2,Self-Employed,631.0,Bachelor,56,Urban,4,29104.34,812.47,12.0,Male,1
63826.99,Employed,566.0,High School,49,Urban,5,14859.17,1168.13,35.0,Male,1
49299.27,Self-Employed,509.0,High School,49,Urban,4,3014.11,1389.05,50.0,Male,0
40090.75,Employed,593.0,Bachelor,55,Rural,3,16563.2,444.72,50.0,Female,1
29947.42,Student,529.0,Master,46,Suburban,2,4763.75,376.51,25.0,Male,0
55679.94,Self-Employed,558.0,Bachelor,60,Suburban,1,10699.25,3205.83,80.0,Male,0
46941.54,Employed,537.0,Bachelor,55,Rural,4,28356.29,995.06,15.0,Male,1
60223.73,Employed,563.0,Bachelor,45,Urban,3,11179.26,2715.21,54.0,Male,0
17941.17,Self-Employed,457.0,Bachelor,47,Rural,2,0.0,896.37,46.0,Female,0
8000.0,Unemployed,478.0,High School,64,Urban,2,2600.57,100.0,42.0,Female,0
65649.7,Employed,554.0,Bachelor,43,Urban,4,13298.79,1745.0,48.0,Female,1
22467.78,Employed,518.0,High School,25,Suburban,5,2486.49,339.57,36.0,Female,1
59149.47,Employed,605.0,Bachelor,58,Urban,0,8529.22,1150.22,65.0,Male,1
46538.06,Employed,580.0,Bachelor,21,Suburban,4,8120.09,2041.09,28.0,Male,1
45585.08,Employed,558.0,Bachelor,32,Suburban,2,25377.63,3038.26,44.0,Male,0
52279.61,Employed,467.0,Bachelor,35,Rural,3,14987.18,2359.54,47.0,Female,1
74428.4,Employed,557.0,PhD,22,Urban,4,5451.5,2579.16,44.0,Female,1
78194.18,Employed,500.0,Master,30,Urban,1,39517.4,1490.42,27.0,Male,1
31469.92,Self-Employed,564.0,High School,28,Urban,1,13582.39,2162.96,53.0,Female,0
37733.15,Employed,518.0,High School,45,Suburban,0,0.0,1076.36,43.0,Male,1
70848.46,Employed,565.0,High School,60,Urban,5,12299.79,1942.86,68.0,Male,1
46630.52,Employed,506.0,High School,33,Urban,4,5262.61,1033.47,51.0,Female,1
46488.34,Self-Employed,593.0,High School,38,Rural,4,23945.34,1289.94,56.0,Female,1
51543.19,Employed,548.0,Master,51,Rural,0,20459.34,1038.41,54.0,Female,1
65828.67,Employed,559.0,Master,51,Rural,5,27010.77,1930.76,28.0,Female,1
16668.75,Employed,499.0,High School,63,Urban,0,8138.51,500.56,31.0,Male,1
80271.03,Employed,594.0,Master,44,Suburban,1,16682.24,3272.56,45.0,Female,1
44170.68,Student,527.0,Master,55,Urban,3,10287.99,1097.63,56.0,Female,0
43266.19,Employed,589.0,Bachelor,59,Urban,0,13995.37,783.74,40.0,Male,0
54062.55,Employed,604.0,Master,39,Urban,4,15539.53,920.49,39.0,Male,1
63046.18,Employed,564.0,PhD,58,Rural,5,23112.99,1779.2,42.0,Female,1
73344.07,Employed,540.0,PhD,65,Suburban,2,13822.84,3601.28,69.0,Male,0
70117.9,Self-Employed,585.0,Master,26,Urban,0,31979.05,1197.77,26.0,Male,1
35110.21,Self-Employed,493.0,Bachelor,55,Suburban,3,16882.24,1045.74,40.0,Female,0
36067.57,Unemployed,586.0,High School,49,Rural,4,4060.15,976.59,62.0,Female,0
66135.88,Employed,635.0,PhD,57,Urban,5,19839.92,2710.9,56.0,Female,1
34385.29,Employed,552.0,High School,45,Rural,1,21721.84,1204.73,35.0,Female,0
43605.97,Student,480.0,Bachelor,30,Urban,1,16940.3,999.52,44.0,Male,0
59942.47,Employed,535.0,High School,40,Urban,0,19297.74,1990.1,23.0,Female,0
34491.49,Unemployed,510.0,Bachelor,51,Rural,0,20086.11,1432.15,32.0,Male,0
41864.84,Employed,492.0,High School,61,Urban,4,19293.1,2704.26,43.0,Female,1
62143.85,Employed,545.0,Master,24,Suburban,1,8092.37,2228.01,29.0,Male,1
61287.34,Student,568.0,Bachelor,29,Urban,1,16755.55,850.49,49.0,Female,0
70830.57,Employed,595.0,Bachelor,31,Suburban,2,2491.62,3532.87,35.0,Female,1
58487.59,Self-Employed,612.0,Bachelor,47,Suburban,0,31150.64,3589.54,70.0,Female,1
57229.14,Employed,551.0,Bachelor,21,Rural,4,27887.83,1183.56,49.0,Male,1
97704.1,Employed,596.0,Master,63,Rural,3,6139.34,3124.3,40.0,Male,1
73952.72,Employed,518.0,Master,52,Suburban,2,20613.83,3088.91,42.0,Male,0
72709.16,Employed,590.0,Master,61,Urban,1,36831.32,2933.3,49.0,Male,1
39968.75,Student,507.0,Bachelor,21,Urban,3,14036.82,1098.02,54.0,Female,0
72352.11,Employed,564.0,Master,33,Suburban,4,21183.1,1087.29,39.0,Male,1
9321.2,Employed,458.0,Bachelor,41,Suburban,3,0.0,786.06,54.0,Female,0
77415.73,Employed,557.0,Bachelor,55,Urban,4,11585.79,3157.71,50.0,Male,1
33923.46,Self-Employed,551.0,Bachelor,50,Rural,2,4839.77,1420.14,51.0,Male,0
47228.82,Employed,535.0,Bachelor,39,Urban,0,24472.01,2585.17,69.0,Female,0
40997.26,Employed,599.0,Bachelor,34,Urban,0,13454.64,2140.24,49.0,Male,1
41953.78,Self-Employed,480.0,Bachelor,35,Rural,4,11614.28,2259.49,30.0,Male,0
51895.12,Self-Employed,601.0,Bachelor,37,Suburban,0,31096.81,2873.46,46.0,Male,1
65340.27,Student,541.0,Master,52,Suburban,2,18843.57,2502.68,76.0,Male,0
57335.97,Unemployed,550.0,Bachelor,60,Urban,1,29329.44,3340.74,44.0,Female,0
91116.57,Employed,623.0,Bachelor,42,Urban,4,45487.48,5129.72,33.0,Male,1
66533.57,Self-Employed,611.0,Master,61,Suburban,1,4260.87,2012.79,31.0,Male,1
46714.05,Employed,585.0,High School,34,Urban,4,23012.73,1052.89,36.0,Female,1
62693.52,Employed,607.0,High School,59,Suburban,1,31003.69,3445.16,59.0,Male,1
45187.84,Employed,525.0,Bachelor,21,Urban,3,7988.86,1308.26,58.0,Female,0
39512.25,Employed,608.0,High School,54,Urban,1,11288.68,1849.63,32.0,Male,0
44491.8,Employed,561.0,High School,63,Urban,2,0.0,2380.72,66.0,Female,0
69492.38,Employed,437.0,Master,33,Urban,3,37125.64,1547.42,53.0,Male,1
20997.17,Self-Employed,503.0,High School,51,Urban,0,4398.71,470.94,53.0,Male,0
56004.24,Student,534.0,Bachelor,24,Suburban,2,8491.59,3256.37,66.0,Female,1
50601.12,Employed,530.0,High School,59,Suburban,4,14961.5,1351.61,36.0,Female,1
61972.96,Employed,589.0,High School,42,Urban,1,20746.57,2410.88,74.0,Female,1
31442.71,Employed,530.0,Bachelor,40,Suburban,0,2350.4,722.5,58.0,Female,1
68023.98,Employed,538.0,PhD,62,Urban,1,4779.54,2074.03,46.0,Male,1
32263.35,Student,585.0,Bachelor,62,Urban,2,17973.13,1520.81,63.0,Female,0
47958.85,Employed,482.0,Bachelor,31,Rural,0,16539.23,2589.11,87.0,Female,1
58496.56,Employed,494.0,Bachelor,64,Suburban,4,25827.3,2077.37,60.0,Male,1
72043.8,Employed,525.0,Bachelor,30,Suburban,4,23112.11,2219.79,17.0,Male,1
63481.39,Employed,582.0,Bachelor,57,Urban,3,16604.05,3228.46,27.0,Male,1
38879.46,Employed,543.0,High School,56,Urban,2,20804.53,1439.98,47.0,Female,0
68815.71,Student,533.0,High School,43,Suburban,4,13163.25,3379.1,38.0,Male,0
53016.46,Self-Employed,520.0,Bachelor,47,Suburban,3,13930.9,3348.86,41.0,Male,0
41397.69,Employed,530.0,Bachelor,38,Suburban,4,11282.03,1208.3,45.0,Female,1
28722.72,Self-Employed,464.0,Master,39,Rural,2,1685.14,1156.81,35.0,Female,0
43356.15,Unemployed,569.0,Bachelor,44,Urban,0,10249.95,1060.12,53.0,Male,0
61361.51,Employed,630.0,Bachelor,59,Rural,0,38743.7,1531.11,58.0,Female,1
39900.45,Self-Employed,520.0,Bachelor,42,Suburban,4,,1337.02,26.0,Male,1
67374.86,Employed,583.0,Bachelor,47,Urban,4,24412.89,1810.69,48.0,Female,1
61254.62,Self-Employed,564.0,Bachelor,52,Urban,0,6853.56,1250.43,34.0,Male,0
24399.46,Employed,568.0,High School,62,Suburban,0,787.7,452.56,48.0,Male,1
73385.29,Self-Employed,664.0,Master,59,Urban,1,35042.12,3712.07,50.0,Female,1
53024.25,Self-Employed,531.0,Bachelor,37,Suburban,2,24538.47,1661.19,57.0,Male,1
36108.36,Self-Employed,524.0,Bachelor,59,Suburban,1,8808.33,1252.39,40.0,Female,1
73353.52,Employed,615.0,Bachelor,40,Suburban,3,12496.89,3399.06,76.0,Male,1
77067.98,Employed,597.0,Master,25,Suburban,5,19998.75,1100.03,45.0,Female,1
27783.14,Self-Employed,470.0,High School,24,Suburban,3,14028.37,310.8,14.0,Female,0
65401.81,Self-Employed,483.0,Master,30,Suburban,1,30383.81,2342.92,55.0,Female,1
31049.11,Student,489.0,High School,37,Rural,2,17874.18,100.0,31.0,Female,1
48981.2,Employed,556.0,High School,39,Urban,5,14577.75,3007.22,20.0,Female,1
55265.16,Employed,533.0,Master,29,Rural,4,16324.2,1177.68,36.0,Male,1
49773.66,Self-Employed,495.0,High School,29,Urban,0,23397.93,1637.22,51.0,Male,1
70077.55,Self-Employed,545.0,Bachelor,22,Urban,2,34314.46,1374.11,54.0,Female,1
61137.26,Employed,641.0,Bachelor,62,Suburban,0,19661.12,1022.89,50.0,Female,1
35081.98,Self-Employed,471.0,Master,32,Urban,5,5644.54,748.5,38.0,Female,0
33848.1,Employed,506.0,Master,50,Urban,4,11175.7,1128.09,35.0,Female,0
34143.31,Employed,497.0,Bachelor,43,Urban,1,16244.65,1479.39,29.0,Male,0
42626.81,Employed,620.0,Master,37,Suburban,4,17823.64,1190.18,54.0,Female,1
35672.43,Employed,456.0,High School,32,Suburban,2,19087.4,1387.02,52.0,Female,0
49209.46,Self-Employed,506.0,Bachelor,23,Urban,4,23315.9,650.02,29.0,Female,0
62016.6,Employed,563.0,Master,25,Suburban,0,9047.88,2249.25,68.0,Female,1
37492.42,Unemployed,533.0,Bachelor,51,Urban,2,1665.8,694.48,52.0,Female,0
50270.91,Employed,594.0,Bachelor,41,Rural,3,8235.26,1381.46,56.0,Female,1
85154.45,Self-Employed,639.0,Master,64,Urban,0,10040.97,4337.24,56.0,Male,1
29849.55,Employed,482.0,Bachelor,27,Suburban,2,14612.82,1319.84,72.0,Female,0
72009.35,Employed,588.0,Master,62,Suburban,4,15412.55,3916.38,42.0,Male,1
55936.49,Employed,544.0,High School,24,Suburban,4,4559.55,2275.68,14.0,Male,1
21059.73,Student,481.0,Bachelor,53,Rural,0,3872.29,367.54,51.0,Male,0
63006.77,Student,607.0,Master,64,Urban,4,29129.56,2628.19,63.0,Male,1
64588.57,Employed,575.0,Bachelor,27,Suburban,4,29395.81,3732.49,66.0,Male,1
57351.21,Employed,625.0,Bachelor,42,Urban,2,14782.85,2967.85,69.0,Female,1
60935.01,Employed,474.0,Master,34,Suburban,1,23872.24,2555.41,59.0,Male,1
39224.74,Employed,548.0,High School,27,Suburban,2,20965.56,2084.55,15.0,Male,1
51509.38,Self-Employed,475.0,High School,58,Urban,3,33104.41,1611.16,30.0,Female,1
49193.49,Employed,529.0,High School,32,Rural,5,13754.4,2285.91,49.0,Female,1
46622.8,Self-Employed,588.0,High School,56,Rural,5,17991.33,1380.36,46.0,Male,1
25776.47,Student,518.0,Master,43,Suburban,1,5840.65,1415.47,66.0,Female,0
72445.12,Employed,586.0,Bachelor,48,Suburban,4,38350.91,4128.36,85.0,Male,1
63509.13,Unemployed,583.0,PhD,23,Urban,4,6926.47,2944.13,71.0,Male,0
39488.29,Self-Employed,540.0,Master,52,Rural,2,6366.82,1587.4,34.0,Female,1
45499.48,Employed,457.0,Bachelor,44,Suburban,4,13722.15,1893.12,28.0,Male,1
66327.94,Employed,583.0,Master,57,Urban,4,39938.31,2265.83,6.0,Male,1
33960.97,Self-Employed,565.0,Bachelor,38,Rural,0,16740.0,376.23,2.0,Male,0
47969.6,Self-Employed,554.0,Bachelor,51,Rural,0,9702.74,1814.23,57.0,Female,0
42581.13,Employed,545.0,Bachelor,44,Suburban,2,6098.92,2526.26,57.0,Male,0
75198.65,Employed,556.0,Master,22,Urban,1,35933.34,2388.63,53.0,Female,1
60028.43,Employed,573.0,Master,29,Urban,5,5420.34,2761.7,62.0,Female,1
66533.57,Self-Employed,611.0,Master,61,Suburban,1,4260.87,2012.79,31.0,Male,1
65579.89,Unemployed,549.0,Master,23,Urban,2,39597.19,1815.12,41.0,Male,0
56052.26,Employed,567.0,High School,27,Urban,3,25297.59,1113.92,43.0,Male,1
64094.57,Employed,573.0,High School,25,Suburban,0,35473.3,2783.89,50.0,Male,1
64606.35,Employed,604.0,High School,25,Urban,3,35057.08,3967.66,38.0,Male,1
43867.95,Employed,569.0,Bachelor,53,Urban,3,9069.09,1964.58,35.0,Female,1
47411.03,Employed,544.0,Bachelor,50,Rural,1,12019.98,1767.16,26.0,Female,0
52278.28,Employed,534.0,Bachelor,65,Urban,5,4827.17,2095.79,31.0,Male,1
58139.17,Student,588.0,Bachelor,46,Suburban,5,29244.58,2614.95,60.0,Male,0
62061.78,Self-Employed,544.0,High School,32,Rural,3,19419.54,2213.63,29.0,Female,0
91116.57,Employed,623.0,Bachelor,42,Urban,4,45487.48,5129.72,33.0,Male,1
78421.61,Self-Employed,470.0,Bachelor,22,Urban,4,35212.74,4484.32,27.0,Male,1
24164.97,Unemployed,506.0,High School,36,Suburban,2,6336.27,982.89,65.0,Male,0
61184.51,Self-Employed,544.0,High School,25,Urban,4,15956.44,1990.76,69.0,Female,1
47646.13,Employed,611.0,Master,64,Rural,4,12658.94,1303.53,24.0,Male,1
57565.86,Employed,623.0,Bachelor,59,Urban,0,6878.99,1373.21,23.0,Male,1
74076.7,Employed,555.0,Master,30,Urban,2,4527.09,2210.37,53.0,Female,1
75957.35,Self-Employed,606.0,Master,63,Suburban,1,45772.94,3079.19,36.0,Female,1
45021.22,Employed,478.0,Bachelor,42,Rural,2,7658.08,1638.72,64.0,Male,0
46868.34,Self-Employed,528.0,High School,62,Urban,2,19029.03,2115.84,34.0,Female,1
52221.15,Unemployed,575.0,Bachelor,54,Suburban,1,26779.63,1298.69,40.0,Male,0
44260.57,Employed,566.0,High School,55,Urban,1,19291.17,2124.58,33.0,Male,1
82575.66,Employed,549.0,PhD,21,Urban,5,16353.92,2010.99,45.0,Male,1
60991.41,Employed,600.0,Bachelor,31,Urban,0,13869.28,1209.37,32.0,Female,1
